Datetime,Close,High,Low,Open,Volume
2023-11-07 09:30:00-05:00,93.55999755859375,93.7699966430664,93.32499694824219,93.66999816894531,197853
2023-11-07 10:30:00-05:00,93.55000305175781,93.6500015258789,93.36000061035156,93.54000091552734,226556
2023-11-07 11:30:00-05:00,93.42060089111328,93.55000305175781,93.41000366210938,93.55000305175781,70769
2023-11-07 12:30:00-05:00,93.73799896240234,93.75,93.41000366210938,93.42890167236328,53183
2023-11-07 13:30:00-05:00,93.80999755859375,93.80999755859375,93.66999816894531,93.7300033569336,65965
2023-11-07 14:30:00-05:00,93.73999786376953,93.80999755859375,93.6500015258789,93.80999755859375,93941
2023-11-07 15:30:00-05:00,93.81999969482422,93.83999633789062,93.70999908447266,93.73999786376953,112284
2023-11-08 09:30:00-05:00,94.55570220947266,95.01000213623047,94.38999938964844,94.44999694824219,374828
2023-11-08 10:30:00-05:00,94.55999755859375,94.56120300292969,94.30000305175781,94.55000305175781,254443
2023-11-08 11:30:00-05:00,94.11000061035156,94.54000091552734,94.11000061035156,94.52999877929688,76193
2023-11-08 12:30:00-05:00,94.03209686279297,94.19000244140625,93.9000015258789,94.08999633789062,94572
2023-11-08 13:30:00-05:00,94.06999969482422,94.16000366210938,93.94999694824219,94.02999877929688,84097
2023-11-08 14:30:00-05:00,94.23999786376953,94.26000213623047,94.02999877929688,94.06999969482422,104319
2023-11-08 15:30:00-05:00,94.4000015258789,94.44999694824219,94.18000030517578,94.23999786376953,145370
2023-11-09 09:30:00-05:00,93.6500015258789,94.16999816894531,93.58999633789062,94.12999725341797,149644
2023-11-09 10:30:00-05:00,93.72000122070312,93.8499984741211,93.44000244140625,93.67500305175781,133280
2023-11-09 11:30:00-05:00,93.54000091552734,93.94999694824219,93.48999786376953,93.7300033569336,83942
2023-11-09 12:30:00-05:00,93.5199966430664,93.5999984741211,93.29000091552734,93.55999755859375,73011
2023-11-09 13:30:00-05:00,93.4000015258789,93.54000091552734,93.26000213623047,93.5,63663
2023-11-09 14:30:00-05:00,93.33999633789062,93.4469985961914,93.26000213623047,93.44000244140625,89401
2023-11-09 15:30:00-05:00,93.2300033569336,93.36000061035156,93.11000061035156,93.3499984741211,141386
2023-11-10 09:30:00-05:00,92.45999908447266,93.66000366210938,92.41000366210938,93.52999877929688,228846
2023-11-10 10:30:00-05:00,92.83000183105469,92.87000274658203,92.45010375976562,92.48999786376953,324471
2023-11-10 11:30:00-05:00,93.06999969482422,93.08000183105469,92.68000030517578,92.83000183105469,76935
2023-11-10 12:30:00-05:00,93.22000122070312,93.27999877929688,93.06500244140625,93.06500244140625,93576
2023-11-10 13:30:00-05:00,93.37999725341797,93.43000030517578,93.2300033569336,93.2300033569336,67691
2023-11-10 14:30:00-05:00,93.5,93.5,93.23999786376953,93.38999938964844,106259
2023-11-10 15:30:00-05:00,93.58000183105469,93.6500015258789,93.4800033569336,93.51499938964844,141945
2023-11-13 09:30:00-05:00,93.19999694824219,93.44000244140625,92.91000366210938,93.30000305175781,142347
2023-11-13 10:30:00-05:00,93.81999969482422,93.87000274658203,93.16999816894531,93.19999694824219,300653
2023-11-13 11:30:00-05:00,94.01000213623047,94.04000091552734,93.7249984741211,93.80000305175781,92131
2023-11-13 12:30:00-05:00,94.0,94.12000274658203,93.91000366210938,94.02999877929688,57662
2023-11-13 13:30:00-05:00,94.08000183105469,94.16999816894531,93.9000015258789,93.97000122070312,53069
2023-11-13 14:30:00-05:00,94.1052017211914,94.13999938964844,93.97000122070312,94.05999755859375,68116
2023-11-13 15:30:00-05:00,94.0999984741211,94.16999816894531,94.05999755859375,94.1166000366211,129333
2023-11-14 09:30:00-05:00,94.88999938964844,94.98500061035156,94.51000213623047,94.87000274658203,176246
2023-11-14 10:30:00-05:00,94.80999755859375,94.95999908447266,94.55999755859375,94.9000015258789,130604
2023-11-14 11:30:00-05:00,94.61000061035156,94.87000274658203,94.58000183105469,94.84040069580078,98259
2023-11-14 12:30:00-05:00,94.83499908447266,94.8499984741211,94.62999725341797,94.62999725341797,79214
2023-11-14 13:30:00-05:00,94.83979797363281,94.88999938964844,94.79000091552734,94.83499908447266,90545
2023-11-14 14:30:00-05:00,95.0999984741211,95.12999725341797,94.8301010131836,94.8499984741211,145133
2023-11-14 15:30:00-05:00,94.91000366210938,95.16999816894531,94.83499908447266,95.11000061035156,183654
2023-11-15 09:30:00-05:00,94.23999786376953,94.71499633789062,94.08000183105469,94.37000274658203,135676
2023-11-15 10:30:00-05:00,94.2699966430664,94.58999633789062,94.08999633789062,94.25,239403
2023-11-15 11:30:00-05:00,94.1541976928711,94.26000213623047,93.9800033569336,94.26000213623047,73700
2023-11-15 12:30:00-05:00,94.13999938964844,94.26000213623047,94.0199966430664,94.16000366210938,81131
2023-11-15 13:30:00-05:00,94.20999908447266,94.28500366210938,94.13999938964844,94.13999938964844,66575
2023-11-15 14:30:00-05:00,94.16629791259766,94.29000091552734,94.0801010131836,94.22000122070312,101687
2023-11-15 15:30:00-05:00,93.80000305175781,94.16130065917969,93.80000305175781,94.16120147705078,210107
2023-11-16 09:30:00-05:00,94.1500015258789,94.2699966430664,93.7300033569336,93.88999938964844,1156933
2023-11-16 10:30:00-05:00,93.80999755859375,94.2300033569336,93.76000213623047,94.13999938964844,512279
2023-11-16 11:30:00-05:00,93.83000183105469,93.95999908447266,93.75,93.81999969482422,353413
2023-11-16 12:30:00-05:00,93.80000305175781,93.93000030517578,93.77999877929688,93.84490203857422,124966
2023-11-16 13:30:00-05:00,93.80000305175781,93.8302993774414,93.69999694824219,93.79000091552734,104244
2023-11-16 14:30:00-05:00,93.86000061035156,93.87000274658203,93.73999786376953,93.80999755859375,195139
2023-11-16 15:30:00-05:00,94.06999969482422,94.06999969482422,93.81999969482422,93.84500122070312,209709
2023-11-17 09:30:00-05:00,94.86000061035156,95.12000274658203,94.79000091552734,94.91999816894531,1201341
2023-11-17 10:30:00-05:00,94.80000305175781,95.0199966430664,94.7699966430664,94.86000061035156,683431
2023-11-17 11:30:00-05:00,94.87760162353516,94.94999694824219,94.73999786376953,94.80999755859375,382133
2023-11-17 12:30:00-05:00,94.80999755859375,94.95999908447266,94.77999877929688,94.87000274658203,80748
2023-11-17 13:30:00-05:00,94.97000122070312,95.0199966430664,94.80999755859375,94.81999969482422,198756
2023-11-17 14:30:00-05:00,94.98999786376953,95.03500366210938,94.91999816894531,94.96600341796875,230920
2023-11-17 15:30:00-05:00,94.88999938964844,95.00499725341797,94.88999938964844,95.00499725341797,324287
2023-11-20 09:30:00-05:00,95.3499984741211,95.4657974243164,94.70999908447266,94.73999786376953,881882
2023-11-20 10:30:00-05:00,95.30000305175781,95.56999969482422,95.25,95.32499694824219,684553
2023-11-20 11:30:00-05:00,95.26000213623047,95.38999938964844,95.2300033569336,95.30999755859375,81826
2023-11-20 12:30:00-05:00,95.12999725341797,95.26499938964844,95.06999969482422,95.25450134277344,102827
2023-11-20 13:30:00-05:00,95.2699966430664,95.29350280761719,95.13999938964844,95.13999938964844,75517
2023-11-20 14:30:00-05:00,95.3550033569336,95.38999938964844,95.26000213623047,95.27999877929688,117482
2023-11-20 15:30:00-05:00,95.25,95.40499877929688,95.20999908447266,95.33499908447266,174443
2023-11-21 09:30:00-05:00,96.48999786376953,96.55000305175781,96.08999633789062,96.12000274658203,218978
2023-11-21 10:30:00-05:00,96.31999969482422,96.51000213623047,96.31999969482422,96.4800033569336,154595
2023-11-21 11:30:00-05:00,96.52999877929688,96.66999816894531,96.30999755859375,96.30999755859375,83972
2023-11-21 12:30:00-05:00,96.56999969482422,96.69999694824219,96.5250015258789,96.54000091552734,86947
2023-11-21 13:30:00-05:00,96.44999694824219,96.591796875,96.43000030517578,96.58000183105469,74447
2023-11-21 14:30:00-05:00,96.36000061035156,96.45999908447266,96.31999969482422,96.45559692382812,142432
2023-11-21 15:30:00-05:00,96.37000274658203,96.45999908447266,96.30000305175781,96.34500122070312,158711
2023-11-22 09:30:00-05:00,97.0199966430664,97.70999908447266,96.94000244140625,97.62000274658203,402527
2023-11-22 10:30:00-05:00,97.0999984741211,97.16999816894531,96.95899963378906,97.02999877929688,697043
2023-11-22 11:30:00-05:00,97.0199966430664,97.08999633789062,96.68499755859375,97.08999633789062,150155
2023-11-22 12:30:00-05:00,97.16000366210938,97.19999694824219,96.96499633789062,97.01000213623047,90806
2023-11-22 13:30:00-05:00,97.0999984741211,97.16000366210938,96.95999908447266,97.16000366210938,128915
2023-11-22 14:30:00-05:00,97.08499908447266,97.11000061035156,96.96499633789062,97.0999984741211,134319
2023-11-22 15:30:00-05:00,97.08000183105469,97.1500015258789,97.0199966430664,97.08999633789062,237803
2023-11-24 09:30:00-05:00,98.17500305175781,98.29000091552734,97.94999694824219,97.94999694824219,153174
2023-11-24 10:30:00-05:00,98.31999969482422,98.31999969482422,98.06999969482422,98.16500091552734,153128
2023-11-24 11:30:00-05:00,98.13500213623047,98.33000183105469,98.08999633789062,98.31999969482422,346081
2023-11-27 09:30:00-05:00,97.68000030517578,98.0999984741211,97.61000061035156,97.94000244140625,199944
2023-11-27 10:30:00-05:00,97.48999786376953,97.68499755859375,97.48999786376953,97.68000030517578,161211
2023-11-27 11:30:00-05:00,97.3949966430664,97.55000305175781,97.36000061035156,97.50499725341797,131663
2023-11-27 12:30:00-05:00,97.66000366210938,97.77999877929688,97.3949966430664,97.3949966430664,176143
2023-11-27 13:30:00-05:00,97.55010223388672,97.66999816894531,97.5,97.65350341796875,90885
2023-11-27 14:30:00-05:00,97.61910247802734,97.65640258789062,97.50440216064453,97.55000305175781,224643
2023-11-27 15:30:00-05:00,97.75,97.77999877929688,97.58999633789062,97.62000274658203,259751
2023-11-28 09:30:00-05:00,97.04000091552734,97.2573013305664,96.94000244140625,97.20999908447266,165832
2023-11-28 10:30:00-05:00,97.16000366210938,97.29000091552734,97.01499938964844,97.04000091552734,181261
2023-11-28 11:30:00-05:00,97.05999755859375,97.19999694824219,96.97000122070312,97.1500015258789,423897
2023-11-28 12:30:00-05:00,97.0801010131836,97.09500122070312,96.95999908447266,97.05000305175781,77306
2023-11-28 13:30:00-05:00,97.01000213623047,97.09500122070312,97.0,97.08000183105469,58511
2023-11-28 14:30:00-05:00,96.95999908447266,97.02999877929688,96.87000274658203,97.00499725341797,95496
2023-11-28 15:30:00-05:00,96.98999786376953,97.05500030517578,96.87000274658203,96.93000030517578,147199
2023-11-29 09:30:00-05:00,96.60790252685547,97.19999694824219,96.48999786376953,97.16999816894531,156368
2023-11-29 10:30:00-05:00,96.80999755859375,96.80999755859375,96.55000305175781,96.5999984741211,158902
2023-11-29 11:30:00-05:00,97.0199966430664,97.0199966430664,96.77999877929688,96.80999755859375,108763
2023-11-29 12:30:00-05:00,97.18000030517578,97.19000244140625,96.98999786376953,97.0,69397
2023-11-29 13:30:00-05:00,97.17279815673828,97.29000091552734,97.08999633789062,97.16999816894531,62128
2023-11-29 14:30:00-05:00,97.01000213623047,97.18000030517578,97.0,97.18000030517578,78471
2023-11-29 15:30:00-05:00,97.0199966430664,97.05999755859375,96.95500183105469,97.0,126737
2023-11-30 09:30:00-05:00,96.94999694824219,97.04000091552734,96.7300033569336,96.87999725341797,90683
2023-11-30 10:30:00-05:00,97.55999755859375,97.69000244140625,96.9800033569336,96.9800033569336,363530
2023-11-30 11:30:00-05:00,97.66500091552734,97.83999633789062,97.48680114746094,97.54000091552734,92136
2023-11-30 12:30:00-05:00,97.6500015258789,97.81999969482422,97.63500213623047,97.67500305175781,52987
2023-11-30 13:30:00-05:00,97.77999877929688,97.78500366210938,97.62000274658203,97.6500015258789,75483
2023-11-30 14:30:00-05:00,97.6500015258789,97.83999633789062,97.58000183105469,97.76000213623047,105565
2023-11-30 15:30:00-05:00,97.87999725341797,97.91000366210938,97.59200286865234,97.62999725341797,240566
2023-12-01 09:30:00-05:00,97.61499786376953,97.86509704589844,97.55000305175781,97.66000366210938,189043
2023-12-01 10:30:00-05:00,98.02999877929688,98.04000091552734,97.55999755859375,97.62000274658203,263838
2023-12-01 11:30:00-05:00,98.12999725341797,98.18000030517578,97.90499877929688,98.05000305175781,263887
2023-12-01 12:30:00-05:00,98.21499633789062,98.22000122070312,98.0999984741211,98.11000061035156,67712
2023-12-01 13:30:00-05:00,98.1156005859375,98.31999969482422,98.10759735107422,98.19499969482422,78996
2023-12-01 14:30:00-05:00,98.05999755859375,98.12000274658203,97.93000030517578,98.12000274658203,110338
2023-12-01 15:30:00-05:00,98.12999725341797,98.19000244140625,98.04000091552734,98.08000183105469,154740
2023-12-04 09:30:00-05:00,98.25,98.58000183105469,98.13999938964844,98.16999816894531,147666
2023-12-04 10:30:00-05:00,98.6500015258789,98.70999908447266,98.23999786376953,98.27999877929688,125092
2023-12-04 11:30:00-05:00,98.61499786376953,98.7300033569336,98.48999786376953,98.63999938964844,94617
2023-12-04 12:30:00-05:00,98.62999725341797,98.66000366210938,98.50499725341797,98.61000061035156,64238
2023-12-04 13:30:00-05:00,98.69499969482422,98.69999694824219,98.43000030517578,98.62000274658203,927903
2023-12-04 14:30:00-05:00,98.95999908447266,98.98500061035156,98.69999694824219,98.69999694824219,158061
2023-12-04 15:30:00-05:00,98.98999786376953,99.05999755859375,98.91999816894531,98.97000122070312,217730
2023-12-05 09:30:00-05:00,97.19000244140625,97.45999908447266,96.98999786376953,97.1500015258789,326032
2023-12-05 10:30:00-05:00,97.13999938964844,97.4800033569336,96.9000015258789,97.20999908447266,1522644
2023-12-05 11:30:00-05:00,97.16999816894531,97.30000305175781,97.03099822998047,97.1500015258789,236114
2023-12-05 12:30:00-05:00,97.26000213623047,97.4800033569336,97.12999725341797,97.16000366210938,123369
2023-12-05 13:30:00-05:00,97.1050033569336,97.30999755859375,96.97000122070312,97.2699966430664,142372
2023-12-05 14:30:00-05:00,97.07029724121094,97.1500015258789,96.97000122070312,97.0999984741211,157434
2023-12-05 15:30:00-05:00,96.97000122070312,97.125,96.97000122070312,97.08000183105469,195307
2023-12-06 09:30:00-05:00,97.46499633789062,97.6449966430664,96.72000122070312,97.47000122070312,256971
2023-12-06 10:30:00-05:00,97.01000213623047,97.55999755859375,96.94999694824219,97.47000122070312,322454
2023-12-06 11:30:00-05:00,97.18000030517578,97.2300033569336,96.93800354003906,97.02999877929688,107652
2023-12-06 12:30:00-05:00,97.47000122070312,97.4800033569336,97.0999984741211,97.17500305175781,2219208
2023-12-06 13:30:00-05:00,97.4749984741211,97.58000183105469,97.41000366210938,97.47000122070312,93259
2023-12-06 14:30:00-05:00,97.36499786376953,97.49500274658203,97.3499984741211,97.48999786376953,148402
2023-12-06 15:30:00-05:00,97.05000305175781,97.43000030517578,97.02999877929688,97.37999725341797,232326
2023-12-07 09:30:00-05:00,96.25499725341797,96.25499725341797,95.66999816894531,96.11000061035156,248899
2023-12-07 10:30:00-05:00,96.12000274658203,96.29000091552734,95.93000030517578,96.23999786376953,240668
2023-12-07 11:30:00-05:00,96.26000213623047,96.4000015258789,96.11000061035156,96.1500015258789,92043
2023-12-07 12:30:00-05:00,96.19000244140625,96.37999725341797,96.18000030517578,96.25499725341797,63447
2023-12-07 13:30:00-05:00,96.15499877929688,96.27999877929688,96.11000061035156,96.19000244140625,82361
2023-12-07 14:30:00-05:00,96.06590270996094,96.19999694824219,96.06300354003906,96.16500091552734,169948
2023-12-07 15:30:00-05:00,95.94000244140625,96.08999633789062,95.93000030517578,96.06999969482422,216218
2023-12-08 09:30:00-05:00,96.16999816894531,96.29000091552734,95.94999694824219,96.11000061035156,235879
2023-12-08 10:30:00-05:00,96.16000366210938,96.30000305175781,95.94999694824219,96.16999816894531,2237239
2023-12-08 11:30:00-05:00,96.1500015258789,96.17500305175781,96.01000213623047,96.16999816894531,202271
2023-12-08 12:30:00-05:00,96.05500030517578,96.18000030517578,96.02999877929688,96.16000366210938,123630
2023-12-08 13:30:00-05:00,96.14029693603516,96.20999908447266,96.05999755859375,96.05999755859375,96792
2023-12-08 14:30:00-05:00,96.30999755859375,96.3323974609375,96.13500213623047,96.13999938964844,205925
2023-12-08 15:30:00-05:00,96.30000305175781,96.44499969482422,96.30000305175781,96.31500244140625,121114
2023-12-11 09:30:00-05:00,97.48999786376953,97.5,96.72450256347656,97.0199966430664,318475
2023-12-11 10:30:00-05:00,97.29000091552734,97.55000305175781,97.23999786376953,97.49500274658203,173288
2023-12-11 11:30:00-05:00,96.87999725341797,97.30000305175781,96.80999755859375,97.27999877929688,170756
2023-12-11 12:30:00-05:00,96.9656982421875,97.0199966430664,96.86499786376953,96.87999725341797,134826
2023-12-11 13:30:00-05:00,97.02999877929688,97.08999633789062,96.88999938964844,96.96499633789062,67389
2023-12-11 14:30:00-05:00,97.12000274658203,97.1500015258789,96.9800033569336,97.04000091552734,84731
2023-12-11 15:30:00-05:00,97.27999877929688,97.31999969482422,97.07499694824219,97.0999984741211,154465
2023-12-12 09:30:00-05:00,97.83999633789062,97.88999938964844,97.41000366210938,97.72000122070312,174396
2023-12-12 10:30:00-05:00,98.08999633789062,98.08999633789062,97.78500366210938,97.80999755859375,433514
2023-12-12 11:30:00-05:00,98.29000091552734,98.30000305175781,98.05999755859375,98.11000061035156,131917
2023-12-12 12:30:00-05:00,98.37000274658203,98.45010375976562,98.23999786376953,98.29000091552734,115468
2023-12-12 13:30:00-05:00,98.28970336914062,98.38500213623047,98.26499938964844,98.36499786376953,88582
2023-12-12 14:30:00-05:00,98.2699966430664,98.33000183105469,98.18000030517578,98.2750015258789,148577
2023-12-12 15:30:00-05:00,98.16999816894531,98.29000091552734,98.12000274658203,98.2699966430664,224871
2023-12-13 09:30:00-05:00,99.13999938964844,99.27999877929688,98.69999694824219,98.87000274658203,360853
2023-12-13 10:30:00-05:00,98.88999938964844,99.2249984741211,98.87000274658203,99.1449966430664,258019
2023-12-13 11:30:00-05:00,99.07499694824219,99.13999938964844,98.91000366210938,98.93000030517578,128346
2023-12-13 12:30:00-05:00,98.9000015258789,99.11000061035156,98.87999725341797,99.07499694824219,90474
2023-12-13 13:30:00-05:00,99.2699966430664,99.33000183105469,98.80000305175781,98.88500213623047,247989
2023-12-13 14:30:00-05:00,99.58000183105469,99.5999984741211,99.25,99.2699966430664,197000
2023-12-13 15:30:00-05:00,99.70999908447266,99.73999786376953,99.4800033569336,99.58999633789062,186950
2023-12-14 09:30:00-05:00,98.1343994140625,98.2300033569336,97.63999938964844,98.04000091552734,267572
2023-12-14 10:30:00-05:00,99.05999755859375,99.19000244140625,98.02999877929688,98.1500015258789,248298
2023-12-14 11:30:00-05:00,99.0199966430664,99.02999877929688,98.79000091552734,99.01000213623047,91065
2023-12-14 12:30:00-05:00,98.88330078125,99.08999633789062,98.83000183105469,99.01000213623047,67629
2023-12-14 13:30:00-05:00,98.6500015258789,98.91000366210938,98.5999984741211,98.91000366210938,78921
2023-12-14 14:30:00-05:00,98.68000030517578,98.70500183105469,98.56999969482422,98.6500015258789,205230
2023-12-14 15:30:00-05:00,98.87999725341797,98.88999938964844,98.68000030517578,98.68000030517578,274259
2023-12-15 09:30:00-05:00,97.70999908447266,97.77999877929688,97.12000274658203,97.56999969482422,223268
2023-12-15 10:30:00-05:00,97.79000091552734,98.12000274658203,97.625,97.69999694824219,545542
2023-12-15 11:30:00-05:00,97.6500015258789,97.94000244140625,97.41500091552734,97.79000091552734,248502
2023-12-15 12:30:00-05:00,97.44499969482422,97.66999816894531,97.41000366210938,97.66999816894531,83283
2023-12-15 13:30:00-05:00,97.16999816894531,97.48999786376953,97.08000183105469,97.45500183105469,121220
2023-12-15 14:30:00-05:00,97.43000030517578,97.55000305175781,97.18000030517578,97.18000030517578,212104
2023-12-15 15:30:00-05:00,97.38999938964844,97.58000183105469,97.37000274658203,97.42500305175781,292461
2023-12-18 09:30:00-05:00,98.32990264892578,98.77999877929688,98.05999755859375,98.63999938964844,405451
2023-12-18 10:30:00-05:00,98.30000305175781,98.46849822998047,98.0,98.30000305175781,367912
2023-12-18 11:30:00-05:00,98.2300033569336,98.4000015258789,98.12999725341797,98.29000091552734,139707
2023-12-18 12:30:00-05:00,98.2300033569336,98.25,98.13999938964844,98.22000122070312,58581
2023-12-18 13:30:00-05:00,98.13999938964844,98.2699966430664,98.12000274658203,98.23100280761719,92181
2023-12-18 14:30:00-05:00,98.44499969482422,98.44999694824219,98.13500213623047,98.1500015258789,134994
2023-12-18 15:30:00-05:00,98.22000122070312,98.45999908447266,98.20999908447266,98.44000244140625,251562
2023-12-19 09:30:00-05:00,98.18000030517578,98.26000213623047,97.44999694824219,97.55999755859375,209765
2023-12-19 10:30:00-05:00,98.30999755859375,98.5199966430664,98.19999694824219,98.19999694824219,182202
2023-12-19 11:30:00-05:00,98.18000030517578,98.33999633789062,98.09329986572266,98.30999755859375,56073
2023-12-19 12:30:00-05:00,98.13189697265625,98.26000213623047,98.05000305175781,98.18000030517578,70750
2023-12-19 13:30:00-05:00,98.13999938964844,98.27999877929688,98.11000061035156,98.13999938964844,80161
2023-12-19 14:30:00-05:00,98.18499755859375,98.2750015258789,98.1449966430664,98.1449966430664,113855
2023-12-19 15:30:00-05:00,98.30000305175781,98.3499984741211,98.19000244140625,98.19000244140625,137061
2023-12-20 09:30:00-05:00,97.94000244140625,98.2300033569336,97.86499786376953,98.13999938964844,154695
2023-12-20 10:30:00-05:00,98.27999877929688,98.37000274658203,97.94000244140625,97.94000244140625,148391
2023-12-20 11:30:00-05:00,98.33760070800781,98.40660095214844,98.16999816894531,98.29000091552734,53384
2023-12-20 12:30:00-05:00,98.19000244140625,98.36000061035156,98.19000244140625,98.33799743652344,55186
2023-12-20 13:30:00-05:00,98.22000122070312,98.26000213623047,98.12000274658203,98.20999908447266,57863
2023-12-20 14:30:00-05:00,97.66999816894531,98.26000213623047,97.62220001220703,98.23519897460938,90506
2023-12-20 15:30:00-05:00,97.16000366210938,97.69000244140625,97.12999725341797,97.66000366210938,243007
2023-12-21 09:30:00-05:00,98.18000030517578,98.3499984741211,97.7750015258789,97.83000183105469,178612
2023-12-21 10:30:00-05:00,98.33000183105469,98.4000015258789,98.19000244140625,98.19000244140625,144000
2023-12-21 11:30:00-05:00,97.84500122070312,98.3499984741211,97.79000091552734,98.33999633789062,92038
2023-12-21 12:30:00-05:00,97.75,97.91999816894531,97.61000061035156,97.8499984741211,101271
2023-12-21 13:30:00-05:00,97.80000305175781,97.87999725341797,97.69000244140625,97.76000213623047,101215
2023-12-21 14:30:00-05:00,98.08000183105469,98.0999984741211,97.76000213623047,97.80000305175781,114220
2023-12-21 15:30:00-05:00,98.11000061035156,98.19499969482422,98.06500244140625,98.08999633789062,178788
2023-12-22 09:30:00-05:00,99.25,99.31999969482422,98.8499984741211,98.8499984741211,169851
2023-12-22 10:30:00-05:00,99.13999938964844,99.2300033569336,98.94000244140625,99.2300033569336,159255
2023-12-22 11:30:00-05:00,99.03500366210938,99.19999694824219,99.0,99.16000366210938,80050
2023-12-22 12:30:00-05:00,99.04000091552734,99.08000183105469,98.95999908447266,99.02999877929688,39661
2023-12-22 13:30:00-05:00,98.61000061035156,99.0521011352539,98.5999984741211,99.0521011352539,57163
2023-12-22 14:30:00-05:00,98.70999908447266,98.80000305175781,98.58000183105469,98.5999984741211,105812
2023-12-22 15:30:00-05:00,98.75,98.76499938964844,98.625,98.70999908447266,117326
2023-12-26 09:30:00-05:00,98.55999755859375,98.88999938964844,98.37999725341797,98.45999908447266,93968
2023-12-26 10:30:00-05:00,98.38999938964844,98.5999984741211,98.33000183105469,98.58999633789062,69622
2023-12-26 11:30:00-05:00,98.46499633789062,98.50240325927734,98.38379669189453,98.38999938964844,48143
2023-12-26 12:30:00-05:00,98.5,98.55750274658203,98.42009735107422,98.47000122070312,55193
2023-12-26 13:30:00-05:00,98.58499908447266,98.62999725341797,98.44000244140625,98.51000213623047,62058
2023-12-26 14:30:00-05:00,98.73999786376953,98.81500244140625,98.59500122070312,98.59500122070312,119648
2023-12-26 15:30:00-05:00,98.58000183105469,98.7699966430664,98.53900146484375,98.73999786376953,338006
2023-12-27 09:30:00-05:00,99.13999938964844,99.18499755859375,98.83000183105469,99.01000213623047,288297
2023-12-27 10:30:00-05:00,99.76000213623047,99.83999633789062,99.13999938964844,99.13999938964844,390782
2023-12-27 11:30:00-05:00,99.61250305175781,99.91000366210938,99.59500122070312,99.76000213623047,319266
2023-12-27 12:30:00-05:00,99.70500183105469,99.81500244140625,99.5199966430664,99.61250305175781,121533
2023-12-27 13:30:00-05:00,99.69000244140625,99.76000213623047,99.5199966430664,99.70500183105469,149345
2023-12-27 14:30:00-05:00,99.625,99.69000244140625,99.4800033569336,99.69000244140625,133951
2023-12-27 15:30:00-05:00,99.69999694824219,99.7300033569336,99.54499816894531,99.62000274658203,232418
2023-12-28 09:30:00-05:00,100.83000183105469,101.0,100.52999877929688,100.54000091552734,230444
2023-12-28 10:30:00-05:00,100.08000183105469,100.83999633789062,100.06999969482422,100.83999633789062,145092
2023-12-28 11:30:00-05:00,100.08000183105469,100.2300033569336,100.05999755859375,100.0999984741211,75759
2023-12-28 12:30:00-05:00,100.20999908447266,100.24980163574219,100.06999969482422,100.08000183105469,63707
2023-12-28 13:30:00-05:00,100.12000274658203,100.23999786376953,100.07499694824219,100.22000122070312,53823
2023-12-28 14:30:00-05:00,100.10990142822266,100.13999938964844,100.04000091552734,100.12010192871094,74101
2023-12-28 15:30:00-05:00,99.9800033569336,100.16999816894531,99.97000122070312,100.0999984741211,219913
2023-12-29 09:30:00-05:00,100.80999755859375,100.8499984741211,100.33999633789062,100.33999633789062,177945
2023-12-29 10:30:00-05:00,100.69999694824219,100.94999694824219,100.48269653320312,100.80999755859375,183014
2023-12-29 11:30:00-05:00,100.8499984741211,100.86000061035156,100.63999938964844,100.69999694824219,83953
2023-12-29 12:30:00-05:00,100.82499694824219,100.93000030517578,100.80000305175781,100.83999633789062,72910
2023-12-29 13:30:00-05:00,100.84500122070312,100.88999938964844,100.7699966430664,100.82499694824219,80915
2023-12-29 14:30:00-05:00,100.98500061035156,101.01499938964844,100.80000305175781,100.83499908447266,126000
2023-12-29 15:30:00-05:00,100.97000122070312,101.04000091552734,100.93000030517578,100.9800033569336,187785
2024-01-02 09:30:00-05:00,101.75,101.8499984741211,100.0999984741211,100.0999984741211,229381
2024-01-02 10:30:00-05:00,101.51000213623047,101.91000366210938,101.47200012207031,101.72000122070312,100795
2024-01-02 11:30:00-05:00,101.55999755859375,101.68499755859375,101.49919891357422,101.5199966430664,92459
2024-01-02 12:30:00-05:00,101.37000274658203,101.6500015258789,101.37000274658203,101.58999633789062,132710
2024-01-02 13:30:00-05:00,101.04000091552734,101.3550033569336,100.94999694824219,101.3550033569336,151695
2024-01-02 14:30:00-05:00,100.9000015258789,101.05999755859375,100.73999786376953,101.04000091552734,193622
2024-01-02 15:30:00-05:00,101.0,101.0199966430664,100.83499908447266,100.9000015258789,368559
2024-01-03 09:30:00-05:00,103.66000366210938,103.80999755859375,102.95500183105469,103.12999725341797,523865
2024-01-03 10:30:00-05:00,103.97000122070312,104.04000091552734,103.47000122070312,103.66000366210938,489443
2024-01-03 11:30:00-05:00,104.38500213623047,104.38500213623047,103.93000030517578,103.95999908447266,205361
2024-01-03 12:30:00-05:00,104.64099884033203,104.75,104.38999938964844,104.38999938964844,148310
2024-01-03 13:30:00-05:00,104.90499877929688,104.91999816894531,104.54519653320312,104.63999938964844,133505
2024-01-03 14:30:00-05:00,104.9749984741211,105.0250015258789,104.74500274658203,104.91500091552734,251681
2024-01-03 15:30:00-05:00,104.82849884033203,105.05000305175781,104.76499938964844,104.98500061035156,544168
2024-01-04 09:30:00-05:00,105.5199966430664,105.58989715576172,104.86000061035156,104.98999786376953,240180
2024-01-04 10:30:00-05:00,105.62999725341797,105.75499725341797,105.41999816894531,105.48999786376953,173117
2024-01-04 11:30:00-05:00,105.5199966430664,105.75,105.41500091552734,105.64600372314453,98002
2024-01-04 12:30:00-05:00,105.55000305175781,105.55000305175781,105.3550033569336,105.51000213623047,66703
2024-01-04 13:30:00-05:00,105.38999938964844,105.56999969482422,105.37000274658203,105.55999755859375,74838
2024-01-04 14:30:00-05:00,105.47000122070312,105.58999633789062,105.37000274658203,105.38999938964844,104768
2024-01-04 15:30:00-05:00,105.58000183105469,105.58999633789062,105.40499877929688,105.45999908447266,215360
2024-01-05 09:30:00-05:00,106.66000366210938,106.79499816894531,105.81999969482422,105.91000366210938,443529
2024-01-05 10:30:00-05:00,106.6500015258789,106.8949966430664,106.56999969482422,106.66999816894531,214492
2024-01-05 11:30:00-05:00,106.53500366210938,106.68000030517578,106.45999908447266,106.65499877929688,86526
2024-01-05 12:30:00-05:00,106.44999694824219,106.62000274658203,106.30000305175781,106.55000305175781,60279
2024-01-05 13:30:00-05:00,106.38500213623047,106.5,106.36000061035156,106.45999908447266,89060
2024-01-05 14:30:00-05:00,106.26000213623047,106.4032974243164,106.12000274658203,106.37999725341797,109082
2024-01-05 15:30:00-05:00,106.31999969482422,106.43000030517578,106.19000244140625,106.23999786376953,155789
2024-01-08 09:30:00-05:00,107.05000305175781,107.39099884033203,106.75,107.26000213623047,364119
2024-01-08 10:30:00-05:00,107.18000030517578,107.30500030517578,106.93000030517578,107.05999755859375,409307
2024-01-08 11:30:00-05:00,107.2699966430664,107.37999725341797,107.01000213623047,107.20999908447266,168766
2024-01-08 12:30:00-05:00,106.33000183105469,107.33499908447266,105.4800033569336,107.26000213623047,640425
2024-01-08 13:30:00-05:00,106.8499984741211,106.87000274658203,106.08999633789062,106.3302001953125,231525
2024-01-08 14:30:00-05:00,106.99500274658203,107.12999725341797,106.86000061035156,106.86000061035156,244919
2024-01-08 15:30:00-05:00,107.08999633789062,107.0999984741211,106.75,106.98999786376953,297661
2024-01-09 09:30:00-05:00,107.30000305175781,107.37999725341797,106.43000030517578,106.58999633789062,302597
2024-01-09 10:30:00-05:00,106.95500183105469,107.31999969482422,106.95500183105469,107.27999877929688,272423
2024-01-09 11:30:00-05:00,107.05000305175781,107.06999969482422,106.81999969482422,106.97000122070312,185023
2024-01-09 12:30:00-05:00,106.43000030517578,107.08499908447266,106.38999938964844,107.05999755859375,134761
2024-01-09 13:30:00-05:00,106.3949966430664,106.43000030517578,106.2300033569336,106.43000030517578,265454
2024-01-09 14:30:00-05:00,106.44499969482422,106.55020141601562,106.27999877929688,106.41000366210938,190213
2024-01-09 15:30:00-05:00,106.37999725341797,106.52010345458984,106.3499984741211,106.44499969482422,235638
2024-01-10 09:30:00-05:00,107.30999755859375,107.68000030517578,107.04000091552734,107.05999755859375,596035
2024-01-10 10:30:00-05:00,107.4800033569336,107.80000305175781,107.2300033569336,107.30999755859375,358447
2024-01-10 11:30:00-05:00,107.26000213623047,107.51000213623047,107.1948013305664,107.4800033569336,89113
2024-01-10 12:30:00-05:00,107.33000183105469,107.37999725341797,107.2249984741211,107.2699966430664,61498
2024-01-10 13:30:00-05:00,107.4000015258789,107.41500091552734,107.2699966430664,107.33999633789062,105645
2024-01-10 14:30:00-05:00,107.3291015625,107.52999877929688,107.31999969482422,107.41000366210938,128185
2024-01-10 15:30:00-05:00,107.44999694824219,107.48999786376953,107.23500061035156,107.33000183105469,188146
2024-01-11 09:30:00-05:00,106.88999938964844,107.36990356445312,106.5199966430664,107.19999694824219,293275
2024-01-11 10:30:00-05:00,106.7699966430664,106.95999908447266,106.56999969482422,106.9000015258789,171071
2024-01-11 11:30:00-05:00,107.13999938964844,107.43000030517578,106.65630340576172,106.75,151890
2024-01-11 12:30:00-05:00,107.11000061035156,107.2300033569336,107.0199966430664,107.1500015258789,59851
2024-01-11 13:30:00-05:00,107.2699966430664,107.31999969482422,107.11000061035156,107.12000274658203,63649
2024-01-11 14:30:00-05:00,107.44000244140625,107.58000183105469,107.26000213623047,107.29000091552734,105756
2024-01-11 15:30:00-05:00,107.62000274658203,107.66000366210938,107.41999816894531,107.43000030517578,246209
2024-01-12 09:30:00-05:00,107.68499755859375,107.88999938964844,107.3949966430664,107.43000030517578,262843
2024-01-12 10:30:00-05:00,107.29000091552734,107.7750015258789,107.23500061035156,107.68000030517578,211469
2024-01-12 11:30:00-05:00,107.4000015258789,107.52999877929688,107.22000122070312,107.30999755859375,101406
2024-01-12 12:30:00-05:00,107.55999755859375,107.58000183105469,107.3499984741211,107.41000366210938,41789
2024-01-12 13:30:00-05:00,107.62000274658203,107.72000122070312,107.5,107.55999755859375,46362
2024-01-12 14:30:00-05:00,107.47000122070312,107.6094970703125,107.43000030517578,107.6050033569336,74066
2024-01-12 15:30:00-05:00,107.43000030517578,107.61000061035156,107.43000030517578,107.47000122070312,167175
2024-01-16 09:30:00-05:00,107.79000091552734,107.94999694824219,107.3499984741211,107.62000274658203,224236
2024-01-16 10:30:00-05:00,107.94000244140625,108.08719635009766,107.70999908447266,107.77999877929688,192033
2024-01-16 11:30:00-05:00,107.51499938964844,107.95999908447266,107.51499938964844,107.91999816894531,77298
2024-01-16 12:30:00-05:00,107.62999725341797,107.6500015258789,107.44000244140625,107.48999786376953,63582
2024-01-16 13:30:00-05:00,107.48500061035156,107.68000030517578,107.37999725341797,107.63999938964844,87243
2024-01-16 14:30:00-05:00,107.4800033569336,107.61000061035156,107.44999694824219,107.4800033569336,98422
2024-01-16 15:30:00-05:00,107.70999908447266,107.70999908447266,107.44999694824219,107.47000122070312,141083
2024-01-17 09:30:00-05:00,107.66999816894531,108.31999969482422,107.5,108.22000122070312,266416
2024-01-17 10:30:00-05:00,108.0,108.0,107.6500015258789,107.68000030517578,160598
2024-01-17 11:30:00-05:00,108.2300033569336,108.30999755859375,107.94000244140625,107.9800033569336,164406
2024-01-17 12:30:00-05:00,108.18499755859375,108.41000366210938,108.0999984741211,108.2300033569336,230068
2024-01-17 13:30:00-05:00,108.11000061035156,108.19000244140625,107.80000305175781,108.16999816894531,149471
2024-01-17 14:30:00-05:00,107.94999694824219,108.1449966430664,107.91000366210938,108.11000061035156,161904
2024-01-17 15:30:00-05:00,108.26000213623047,108.26000213623047,107.93499755859375,107.94499969482422,254156
2024-01-18 09:30:00-05:00,107.12999725341797,107.60009765625,107.05000305175781,107.41999816894531,186828
2024-01-18 10:30:00-05:00,107.30999755859375,107.48999786376953,107.05000305175781,107.12999725341797,205374
2024-01-18 11:30:00-05:00,107.41000366210938,107.44000244140625,107.18499755859375,107.27999877929688,105976
2024-01-18 12:30:00-05:00,107.4800033569336,107.56999969482422,107.33999633789062,107.41000366210938,65312
2024-01-18 13:30:00-05:00,107.91000366210938,107.94000244140625,107.41000366210938,107.45999908447266,87791
2024-01-18 14:30:00-05:00,107.93000030517578,108.02999877929688,107.77999877929688,107.9000015258789,139989
2024-01-18 15:30:00-05:00,108.02999877929688,108.05000305175781,107.9000015258789,107.94999694824219,166816
2024-01-19 09:30:00-05:00,107.5199966430664,107.63999938964844,107.0999984741211,107.55000305175781,237351
2024-01-19 10:30:00-05:00,107.91000366210938,108.01000213623047,107.47000122070312,107.52999877929688,197804
2024-01-19 11:30:00-05:00,107.86000061035156,107.95500183105469,107.77780151367188,107.91000366210938,83825
2024-01-19 12:30:00-05:00,108.02999877929688,108.02999877929688,107.8499984741211,107.8499984741211,50412
2024-01-19 13:30:00-05:00,108.04180145263672,108.0999984741211,107.97010040283203,108.04000091552734,76398
2024-01-19 14:30:00-05:00,108.12000274658203,108.20999908447266,107.73999786376953,108.05000305175781,300813
2024-01-19 15:30:00-05:00,108.23999786376953,108.23999786376953,108.05999755859375,108.11000061035156,204413
2024-01-22 09:30:00-05:00,108.66000366210938,108.66000366210938,108.19000244140625,108.36000061035156,229095
2024-01-22 10:30:00-05:00,108.56999969482422,108.77999877929688,108.2699966430664,108.66999816894531,284606
2024-01-22 11:30:00-05:00,108.54000091552734,108.58499908447266,108.36000061035156,108.55999755859375,111779
2024-01-22 12:30:00-05:00,108.5,108.62999725341797,108.47000122070312,108.56999969482422,70276
2024-01-22 13:30:00-05:00,108.62000274658203,108.62999725341797,108.43000030517578,108.51000213623047,83761
2024-01-22 14:30:00-05:00,108.6050033569336,108.69000244140625,108.5199966430664,108.61000061035156,110621
2024-01-22 15:30:00-05:00,108.4749984741211,108.63999938964844,108.47000122070312,108.6050033569336,164482
2024-01-23 09:30:00-05:00,107.13999938964844,107.72000122070312,106.88059997558594,107.43000030517578,439094
2024-01-23 10:30:00-05:00,107.25,107.29000091552734,106.90799713134766,107.1449966430664,209153
2024-01-23 11:30:00-05:00,107.29000091552734,107.38999938964844,107.19000244140625,107.2699966430664,85838
2024-01-23 12:30:00-05:00,107.31500244140625,107.38999938964844,107.16999816894531,107.27999877929688,71746
2024-01-23 13:30:00-05:00,107.44499969482422,107.51000213623047,107.25,107.31500244140625,89118
2024-01-23 14:30:00-05:00,107.44000244140625,107.55000305175781,107.375,107.43499755859375,141418
2024-01-23 15:30:00-05:00,107.69999694824219,107.75,107.3906021118164,107.43000030517578,254630
2024-01-24 09:30:00-05:00,108.0199966430664,108.43000030517578,107.80999755859375,107.97000122070312,208294
2024-01-24 10:30:00-05:00,108.23999786376953,108.29000091552734,107.91999816894531,108.01000213623047,195815
2024-01-24 11:30:00-05:00,107.97000122070312,108.26000213623047,107.79000091552734,108.22000122070312,112258
2024-01-24 12:30:00-05:00,107.79499816894531,108.11499786376953,107.73999786376953,107.97000122070312,114964
2024-01-24 13:30:00-05:00,107.91179656982422,107.96499633789062,107.760498046875,107.80000305175781,118278
2024-01-24 14:30:00-05:00,107.80500030517578,107.96499633789062,107.7300033569336,107.91999816894531,130759
2024-01-24 15:30:00-05:00,107.55999755859375,107.90499877929688,107.55000305175781,107.80999755859375,169299
2024-01-25 09:30:00-05:00,106.95999908447266,107.27999877929688,106.88999938964844,107.08000183105469,200078
2024-01-25 10:30:00-05:00,106.83999633789062,106.9800033569336,106.58000183105469,106.96499633789062,246247
2024-01-25 11:30:00-05:00,106.6500015258789,106.88999938964844,106.62999725341797,106.8550033569336,75181
2024-01-25 12:30:00-05:00,106.82499694824219,106.86000061035156,106.61019897460938,106.63999938964844,67235
2024-01-25 13:30:00-05:00,107.05000305175781,107.05000305175781,106.83499908447266,106.83499908447266,75026
2024-01-25 14:30:00-05:00,106.94000244140625,107.06999969482422,106.9000015258789,107.05500030517578,93841
2024-01-25 15:30:00-05:00,106.98999786376953,107.04000091552734,106.91000366210938,106.93000030517578,149288
2024-01-26 09:30:00-05:00,106.83000183105469,107.45999908447266,106.83000183105469,107.30000305175781,262437
2024-01-26 10:30:00-05:00,107.04000091552734,107.06999969482422,106.80500030517578,106.83000183105469,152651
2024-01-26 11:30:00-05:00,107.26000213623047,107.2699966430664,107.0,107.05999755859375,76444
2024-01-26 12:30:00-05:00,107.16000366210938,107.2699966430664,107.13999938964844,107.25,53354
2024-01-26 13:30:00-05:00,107.16000366210938,107.22000122070312,107.08000183105469,107.16000366210938,68318
2024-01-26 14:30:00-05:00,107.02999877929688,107.18000030517578,106.98999786376953,107.18000030517578,105240
2024-01-26 15:30:00-05:00,107.1500015258789,107.19000244140625,107.04000091552734,107.04000091552734,211981
2024-01-29 09:30:00-05:00,107.33999633789062,107.6449966430664,107.30000305175781,107.5,142958
2024-01-29 10:30:00-05:00,107.5199966430664,107.58000183105469,107.22000122070312,107.31999969482422,201297
2024-01-29 11:30:00-05:00,107.44000244140625,107.58000183105469,107.34500122070312,107.5,161653
2024-01-29 12:30:00-05:00,107.38999938964844,107.47059631347656,107.30999755859375,107.43009948730469,60721
2024-01-29 13:30:00-05:00,107.44999694824219,107.47000122070312,107.33999633789062,107.3949966430664,61530
2024-01-29 14:30:00-05:00,107.81999969482422,107.88999938964844,107.45500183105469,107.45500183105469,115834
2024-01-29 15:30:00-05:00,107.94999694824219,107.95999908447266,107.73500061035156,107.81500244140625,135688
2024-01-30 09:30:00-05:00,106.87000274658203,107.47000122070312,106.75,107.30999755859375,298348
2024-01-30 10:30:00-05:00,107.27999877929688,107.4000015258789,106.73999786376953,106.86000061035156,309122
2024-01-30 11:30:00-05:00,107.51000213623047,107.54000091552734,107.19999694824219,107.2699966430664,119154
2024-01-30 12:30:00-05:00,107.52300262451172,107.58999633789062,107.41000366210938,107.51000213623047,123471
2024-01-30 13:30:00-05:00,107.70999908447266,107.7300033569336,107.5199966430664,107.54000091552734,87969
2024-01-30 14:30:00-05:00,107.7249984741211,107.83999633789062,107.66020202636719,107.70999908447266,140731
2024-01-30 15:30:00-05:00,107.75,107.83000183105469,107.6500015258789,107.71499633789062,210430
2024-01-31 09:30:00-05:00,104.33999633789062,105.75,103.97000122070312,105.55000305175781,1206395
2024-01-31 10:30:00-05:00,103.95999908447266,104.91000366210938,103.94999694824219,104.33999633789062,356791
2024-01-31 11:30:00-05:00,104.08000183105469,104.62000274658203,103.94999694824219,103.95500183105469,309625
2024-01-31 12:30:00-05:00,103.98999786376953,104.06999969482422,103.8499984741211,104.05999755859375,169747
2024-01-31 13:30:00-05:00,103.49500274658203,104.0999984741211,103.29000091552734,104.01000213623047,308580
2024-01-31 14:30:00-05:00,103.3499984741211,103.69000244140625,102.5999984741211,103.5,438725
2024-01-31 15:30:00-05:00,103.45999908447266,103.62000274658203,103.2300033569336,103.33999633789062,424281
2024-02-01 09:30:00-05:00,104.7699966430664,105.2699966430664,104.58999633789062,105.06999969482422,503152
2024-02-01 10:30:00-05:00,105.36000061035156,105.47000122070312,104.7300033569336,104.7699966430664,391132
2024-02-01 11:30:00-05:00,105.63999938964844,105.77999877929688,105.33999633789062,105.37000274658203,163793
2024-02-01 12:30:00-05:00,105.75499725341797,105.87000274658203,105.58000183105469,105.63999938964844,120905
2024-02-01 13:30:00-05:00,105.76000213623047,105.9000015258789,105.62760162353516,105.76000213623047,178376
2024-02-01 14:30:00-05:00,105.43000030517578,105.75,105.37999725341797,105.75,214422
2024-02-01 15:30:00-05:00,105.3499984741211,105.48999786376953,105.33000183105469,105.43099975585938,325962
2024-02-02 09:30:00-05:00,103.9000015258789,105.06999969482422,103.79000091552734,104.80000305175781,322601
2024-02-02 10:30:00-05:00,103.55000305175781,104.06999969482422,103.55000305175781,103.9000015258789,409874
2024-02-02 11:30:00-05:00,103.49829864501953,103.66000366210938,103.36000061035156,103.55000305175781,158430
2024-02-02 12:30:00-05:00,103.54060363769531,103.56999969482422,103.16999816894531,103.48999786376953,124336
2024-02-02 13:30:00-05:00,103.66999816894531,103.77999877929688,103.5199966430664,103.55000305175781,152549
2024-02-02 14:30:00-05:00,103.9000015258789,103.9229965209961,103.66000366210938,103.67500305175781,186616
2024-02-02 15:30:00-05:00,103.73999786376953,103.9000015258789,103.62000274658203,103.9000015258789,247322
2024-02-05 09:30:00-05:00,103.81999969482422,103.97000122070312,103.44000244140625,103.54000091552734,294952
2024-02-05 10:30:00-05:00,103.62000274658203,103.86000061035156,103.31999969482422,103.80999755859375,252741
2024-02-05 11:30:00-05:00,103.42500305175781,103.66999816894531,103.3196029663086,103.62999725341797,124583
2024-02-05 12:30:00-05:00,103.5,103.55000305175781,103.33999633789062,103.42500305175781,145561
2024-02-05 13:30:00-05:00,103.69999694824219,103.77999877929688,103.49500274658203,103.5199966430664,138577
2024-02-05 14:30:00-05:00,103.61000061035156,103.8949966430664,103.55000305175781,103.70500183105469,153645
2024-02-05 15:30:00-05:00,103.47000122070312,103.70999908447266,103.47000122070312,103.61000061035156,238254
2024-02-06 09:30:00-05:00,103.23999786376953,103.38999938964844,102.95999908447266,103.30999755859375,236450
2024-02-06 10:30:00-05:00,103.41999816894531,103.66999816894531,103.19000244140625,103.26000213623047,239574
2024-02-06 11:30:00-05:00,103.86499786376953,103.86499786376953,103.31999969482422,103.33000183105469,92897
2024-02-06 12:30:00-05:00,103.87999725341797,103.91000366210938,103.76000213623047,103.87999725341797,71892
2024-02-06 13:30:00-05:00,103.69000244140625,103.93000030517578,103.62000274658203,103.87899780273438,79491
2024-02-06 14:30:00-05:00,103.55000305175781,103.69999694824219,103.53500366210938,103.69000244140625,99806
2024-02-06 15:30:00-05:00,103.7300033569336,103.77999877929688,103.55000305175781,103.55999755859375,154170
2024-02-07 09:30:00-05:00,104.22000122070312,104.23999786376953,103.68000030517578,103.83000183105469,161622
2024-02-07 10:30:00-05:00,103.93000030517578,104.20999908447266,103.79000091552734,104.20999908447266,132008
2024-02-07 11:30:00-05:00,103.66999816894531,104.08000183105469,103.58999633789062,103.93000030517578,163229
2024-02-07 12:30:00-05:00,103.70999908447266,103.77259826660156,103.5999984741211,103.67500305175781,55861
2024-02-07 13:30:00-05:00,103.61250305175781,103.7177963256836,103.5250015258789,103.70999908447266,61602
2024-02-07 14:30:00-05:00,103.54000091552734,103.7699966430664,103.52999877929688,103.61000061035156,107685
2024-02-07 15:30:00-05:00,103.45999908447266,103.58000183105469,103.41999816894531,103.54499816894531,176260
2024-02-08 09:30:00-05:00,101.08000183105469,102.0999984741211,101.01000213623047,101.83999633789062,416025
2024-02-08 10:30:00-05:00,100.62000274658203,101.16000366210938,100.58999633789062,101.06500244140625,262756
2024-02-08 11:30:00-05:00,100.79000091552734,100.8499984741211,100.63999938964844,100.6500015258789,148152
2024-02-08 12:30:00-05:00,101.08000183105469,101.13999938964844,100.72000122070312,100.81999969482422,140671
2024-02-08 13:30:00-05:00,101.11000061035156,101.25,101.0199966430664,101.08000183105469,156751
2024-02-08 14:30:00-05:00,101.36499786376953,101.4000015258789,101.0199966430664,101.11000061035156,163851
2024-02-08 15:30:00-05:00,101.31999969482422,101.41000366210938,101.27999877929688,101.36499786376953,266983
2024-02-09 09:30:00-05:00,100.81999969482422,101.19000244140625,100.72000122070312,100.9800033569336,260141
2024-02-09 10:30:00-05:00,100.97000122070312,101.12999725341797,100.79000091552734,100.81999969482422,224720
2024-02-09 11:30:00-05:00,100.98999786376953,101.08999633789062,100.75759887695312,100.9800033569336,112945
2024-02-09 12:30:00-05:00,100.91500091552734,101.05999755859375,100.9000015258789,100.97000122070312,70554
2024-02-09 13:30:00-05:00,100.93000030517578,101.0999984741211,100.88500213623047,100.91999816894531,105925
2024-02-09 14:30:00-05:00,101.0,101.04499816894531,100.91999816894531,100.91999816894531,157615
2024-02-09 15:30:00-05:00,101.0199966430664,101.04000091552734,100.94000244140625,101.0,176846
2024-02-12 09:30:00-05:00,99.75,99.95999908447266,99.4800033569336,99.55999755859375,330587
2024-02-12 10:30:00-05:00,100.0999984741211,100.2699966430664,99.72000122070312,99.73999786376953,175583
2024-02-12 11:30:00-05:00,100.27999877929688,100.43000030517578,100.13999938964844,100.13999938964844,111615
2024-02-12 12:30:00-05:00,100.34500122070312,100.44000244140625,100.20999908447266,100.2699966430664,99266
2024-02-12 13:30:00-05:00,100.38999938964844,100.5,100.3499984741211,100.3499984741211,92138
2024-02-12 14:30:00-05:00,100.44999694824219,100.5,100.33999633789062,100.38999938964844,103647
2024-02-12 15:30:00-05:00,100.52999877929688,100.5999984741211,100.45500183105469,100.45500183105469,163252
2024-02-13 09:30:00-05:00,99.4739990234375,100.41999816894531,99.4000015258789,100.19000244140625,366118
2024-02-13 10:30:00-05:00,99.30000305175781,99.61000061035156,99.12999725341797,99.45999908447266,205616
2024-02-13 11:30:00-05:00,99.19999694824219,99.375,99.19999694824219,99.30999755859375,395682
2024-02-13 12:30:00-05:00,99.03500366210938,99.30000305175781,98.97000122070312,99.19999694824219,82326
2024-02-13 13:30:00-05:00,98.91000366210938,99.08999633789062,98.9000015258789,99.02999877929688,79996
2024-02-13 14:30:00-05:00,98.91500091552734,98.97000122070312,98.80500030517578,98.88500213623047,137888
2024-02-13 15:30:00-05:00,99.05000305175781,99.11000061035156,98.87999725341797,98.91999816894531,244058
2024-02-14 09:30:00-05:00,98.94999694824219,99.27999877929688,98.93000030517578,99.04000091552734,185258
2024-02-14 10:30:00-05:00,99.11000061035156,99.22000122070312,98.91999816894531,98.95999908447266,201196
2024-02-14 11:30:00-05:00,98.9800033569336,99.22000122070312,98.8499984741211,99.13999938964844,160128
2024-02-14 12:30:00-05:00,98.94000244140625,99.02999877929688,98.88999938964844,99.0,173879
2024-02-14 13:30:00-05:00,98.83999633789062,99.0,98.70999908447266,98.94000244140625,80075
2024-02-14 14:30:00-05:00,99.1050033569336,99.12999725341797,98.79000091552734,98.83999633789062,167938
2024-02-14 15:30:00-05:00,99.05000305175781,99.2249984741211,99.0,99.10900115966797,292353
2024-02-15 09:30:00-05:00,100.08000183105469,100.16999816894531,99.30999755859375,99.30999755859375,160703
2024-02-15 10:30:00-05:00,99.83000183105469,100.08999633789062,99.66999816894531,100.06500244140625,200498
2024-02-15 11:30:00-05:00,99.56999969482422,99.8499984741211,99.55000305175781,99.81999969482422,177389
2024-02-15 12:30:00-05:00,99.5199966430664,99.5999984741211,99.4000015258789,99.58000183105469,132500
2024-02-15 13:30:00-05:00,99.5,99.58000183105469,99.46499633789062,99.54000091552734,77868
2024-02-15 14:30:00-05:00,99.66500091552734,99.69000244140625,99.5,99.5,154361
2024-02-15 15:30:00-05:00,99.61000061035156,99.75,99.55999755859375,99.66500091552734,190623
2024-02-16 09:30:00-05:00,100.09500122070312,100.41000366210938,99.88999938964844,100.0,157699
2024-02-16 10:30:00-05:00,100.43000030517578,100.4800033569336,100.00499725341797,100.08000183105469,122867
2024-02-16 11:30:00-05:00,100.43499755859375,100.56999969482422,100.37560272216797,100.45999908447266,82651
2024-02-16 12:30:00-05:00,100.38999938964844,100.5,100.30999755859375,100.42500305175781,69086
2024-02-16 13:30:00-05:00,100.45179748535156,100.55999755859375,100.375,100.37999725341797,75681
2024-02-16 14:30:00-05:00,100.2699966430664,100.4800033569336,100.22000122070312,100.47000122070312,118380
2024-02-16 15:30:00-05:00,100.16999816894531,100.3499984741211,100.16000366210938,100.27999877929688,171163
2024-02-20 09:30:00-05:00,103.45999908447266,103.46990203857422,102.81999969482422,103.0,467445
2024-02-20 10:30:00-05:00,103.0999984741211,103.47000122070312,103.072998046875,103.45999908447266,328251
2024-02-20 11:30:00-05:00,102.58000183105469,103.18000030517578,102.4000015258789,103.11000061035156,216571
2024-02-20 12:30:00-05:00,102.47000122070312,102.66999816894531,102.37000274658203,102.59500122070312,208313
2024-02-20 13:30:00-05:00,102.48999786376953,102.55999755859375,102.37000274658203,102.45999908447266,110904
2024-02-20 14:30:00-05:00,102.37999725341797,102.5199966430664,102.29499816894531,102.49109649658203,164488
2024-02-20 15:30:00-05:00,102.72000122070312,102.73999786376953,102.25,102.37999725341797,389092
2024-02-21 09:30:00-05:00,102.13999938964844,102.66000366210938,102.05000305175781,102.05000305175781,344661
2024-02-21 10:30:00-05:00,102.30000305175781,102.41000366210938,102.08999633789062,102.1500015258789,245952
2024-02-21 11:30:00-05:00,102.19499969482422,102.36190032958984,102.12999725341797,102.29000091552734,108447
2024-02-21 12:30:00-05:00,102.27999877929688,102.31690216064453,102.18000030517578,102.19499969482422,81245
2024-02-21 13:30:00-05:00,102.23999786376953,102.33000183105469,102.17169952392578,102.30999755859375,89388
2024-02-21 14:30:00-05:00,102.29000091552734,102.30000305175781,102.18000030517578,102.25,205005
2024-02-21 15:30:00-05:00,102.55999755859375,102.68000030517578,102.28500366210938,102.29000091552734,420218
2024-02-22 09:30:00-05:00,102.5,102.7300033569336,102.30999755859375,102.5,307188
2024-02-22 10:30:00-05:00,102.79000091552734,102.94999694824219,102.41999816894531,102.5,362149
2024-02-22 11:30:00-05:00,102.91500091552734,102.94000244140625,102.72000122070312,102.7750015258789,283622
2024-02-22 12:30:00-05:00,102.88939666748047,102.94999694824219,102.76000213623047,102.91999816894531,70842
2024-02-22 13:30:00-05:00,102.94000244140625,102.97000122070312,102.73999786376953,102.9000015258789,167237
2024-02-22 14:30:00-05:00,102.62999725341797,102.97000122070312,102.55999755859375,102.94999694824219,211476
2024-02-22 15:30:00-05:00,102.80000305175781,102.88999938964844,102.5999984741211,102.5999984741211,177688
2024-02-23 09:30:00-05:00,104.01000213623047,104.12999725341797,103.62000274658203,103.72000122070312,295315
2024-02-23 10:30:00-05:00,103.94999694824219,104.06999969482422,103.77999877929688,104.0199966430664,253028
2024-02-23 11:30:00-05:00,104.08000183105469,104.13999938964844,103.91000366210938,103.94999694824219,104578
2024-02-23 12:30:00-05:00,103.94999694824219,104.05000305175781,103.83000183105469,104.0199966430664,56415
2024-02-23 13:30:00-05:00,103.70999908447266,103.9800033569336,103.70989990234375,103.95999908447266,53906
2024-02-23 14:30:00-05:00,103.88999938964844,103.95500183105469,103.72000122070312,103.72000122070312,74141
2024-02-23 15:30:00-05:00,103.9000015258789,104.08499908447266,103.83999633789062,103.89099884033203,213227
2024-02-26 09:30:00-05:00,104.07499694824219,104.63999938964844,104.0,104.58999633789062,200195
2024-02-26 10:30:00-05:00,103.78500366210938,104.08999633789062,103.68499755859375,104.08000183105469,233870
2024-02-26 11:30:00-05:00,103.44499969482422,103.79000091552734,103.43000030517578,103.77999877929688,140389
2024-02-26 12:30:00-05:00,103.2699966430664,103.48999786376953,103.26499938964844,103.44499969482422,155797
2024-02-26 13:30:00-05:00,103.31999969482422,103.33999633789062,103.17500305175781,103.27210235595703,760673
2024-02-26 14:30:00-05:00,103.32499694824219,103.41000366210938,103.2699966430664,103.30999755859375,156014
2024-02-26 15:30:00-05:00,103.22000122070312,103.37000274658203,103.22000122070312,103.32499694824219,246084
2024-02-27 09:30:00-05:00,103.22000122070312,103.41000366210938,102.87999725341797,103.08999633789062,227669
2024-02-27 10:30:00-05:00,103.19000244140625,103.4000015258789,103.13999938964844,103.22000122070312,317983
2024-02-27 11:30:00-05:00,103.05999755859375,103.25,103.00499725341797,103.16999816894531,205614
2024-02-27 12:30:00-05:00,102.91000366210938,103.12000274658203,102.87999725341797,103.06999969482422,108246
2024-02-27 13:30:00-05:00,102.93000030517578,102.98999786376953,102.8949966430664,102.9000015258789,72999
2024-02-27 14:30:00-05:00,103.04920196533203,103.0999984741211,102.9000015258789,102.94000244140625,113433
2024-02-27 15:30:00-05:00,103.12999725341797,103.23999786376953,102.94999694824219,103.04000091552734,181173
2024-02-28 09:30:00-05:00,102.75,103.26000213623047,102.75,103.19999694824219,623519
2024-02-28 10:30:00-05:00,102.31999969482422,102.73999786376953,102.2699966430664,102.73999786376953,213934
2024-02-28 11:30:00-05:00,102.26000213623047,102.36000061035156,102.05000305175781,102.29000091552734,614713
2024-02-28 12:30:00-05:00,102.1636962890625,102.25,102.12999725341797,102.25,155895
2024-02-28 13:30:00-05:00,102.16999816894531,102.26000213623047,102.0999984741211,102.18000030517578,94679
2024-02-28 14:30:00-05:00,102.3949966430664,102.4000015258789,102.05999755859375,102.13999938964844,123213
2024-02-28 15:30:00-05:00,102.22000122070312,102.44000244140625,102.22000122070312,102.3949966430664,215765
2024-02-29 09:30:00-05:00,101.62999725341797,102.37000274658203,101.5999984741211,102.37000274658203,240602
2024-02-29 10:30:00-05:00,101.37999725341797,101.6500015258789,101.0999984741211,101.62999725341797,804949
2024-02-29 11:30:00-05:00,101.12000274658203,101.4800033569336,101.08999633789062,101.37999725341797,126633
2024-02-29 12:30:00-05:00,101.1500015258789,101.2699966430664,101.12000274658203,101.12999725341797,156289
2024-02-29 13:30:00-05:00,101.36000061035156,101.44000244140625,101.16000366210938,101.16999816894531,92690
2024-02-29 14:30:00-05:00,101.12999725341797,101.4000015258789,101.08999633789062,101.37999725341797,149422
2024-02-29 15:30:00-05:00,100.93000030517578,101.23519897460938,100.91999816894531,101.13999938964844,352847
2024-03-01 09:30:00-05:00,102.0,102.06999969482422,101.52989959716797,102.01000213623047,236741
2024-03-01 10:30:00-05:00,101.72000122070312,102.11000061035156,101.5,101.98999786376953,686650
2024-03-01 11:30:00-05:00,101.87000274658203,101.97000122070312,101.52030181884766,101.68000030517578,100606
2024-03-01 12:30:00-05:00,101.81999969482422,102.04000091552734,101.77010345458984,101.85549926757812,104823
2024-03-01 13:30:00-05:00,101.93000030517578,101.97989654541016,101.7699966430664,101.83999633789062,88567
2024-03-01 14:30:00-05:00,102.0999984741211,102.0999984741211,101.9000015258789,101.93000030517578,133415
2024-03-01 15:30:00-05:00,102.05999755859375,102.1500015258789,101.9613037109375,102.09500122070312,203193
2024-03-04 09:30:00-05:00,101.58999633789062,101.81999969482422,101.3499984741211,101.44999694824219,166545
2024-03-04 10:30:00-05:00,101.77999877929688,101.80999755859375,101.54499816894531,101.58999633789062,149735
2024-03-04 11:30:00-05:00,102.08999633789062,102.0999984741211,101.7300033569336,101.78500366210938,76008
2024-03-04 12:30:00-05:00,101.72000122070312,102.13990020751953,101.7145004272461,102.05999755859375,70284
2024-03-04 13:30:00-05:00,101.77999877929688,101.80999755859375,101.61000061035156,101.70999908447266,72209
2024-03-04 14:30:00-05:00,101.81300354003906,101.91999816894531,101.72000122070312,101.7699966430664,86723
2024-03-04 15:30:00-05:00,101.9800033569336,101.98999786376953,101.77999877929688,101.80999755859375,163766
2024-03-05 09:30:00-05:00,102.44000244140625,102.5199966430664,101.91059875488281,102.30000305175781,119989
2024-03-05 10:30:00-05:00,102.19000244140625,102.45999908447266,102.0999984741211,102.44999694824219,73330
2024-03-05 11:30:00-05:00,102.12000274658203,102.23999786376953,101.92729949951172,102.16999816894531,76619
2024-03-05 12:30:00-05:00,101.98500061035156,102.0999984741211,101.91000366210938,102.0999984741211,50763
2024-03-05 13:30:00-05:00,101.94999694824219,102.02999877929688,101.80000305175781,101.98999786376953,81009
2024-03-05 14:30:00-05:00,101.72989654541016,101.95010375976562,101.71009826660156,101.95010375976562,95615
2024-03-05 15:30:00-05:00,102.08999633789062,102.12000274658203,101.69999694824219,101.70999908447266,208703
2024-03-06 09:30:00-05:00,102.58000183105469,102.75,102.25,102.30000305175781,251916
2024-03-06 10:30:00-05:00,102.76499938964844,102.88999938964844,102.54000091552734,102.58000183105469,215168
2024-03-06 11:30:00-05:00,102.83000183105469,103.02999877929688,102.63749694824219,102.81999969482422,141210
2024-03-06 12:30:00-05:00,102.86250305175781,102.86250305175781,102.66000366210938,102.83999633789062,77405
2024-03-06 13:30:00-05:00,102.70999908447266,102.87999725341797,102.6050033569336,102.86499786376953,109141
2024-03-06 14:30:00-05:00,102.61000061035156,102.70999908447266,102.51000213623047,102.70999908447266,131023
2024-03-06 15:30:00-05:00,102.6500015258789,102.80999755859375,102.6050033569336,102.62000274658203,268729
2024-03-07 09:30:00-05:00,99.69000244140625,100.62999725341797,99.69000244140625,100.5,551446
2024-03-07 10:30:00-05:00,99.9000015258789,100.0,99.56999969482422,99.69999694824219,273880
2024-03-07 11:30:00-05:00,100.2249984741211,100.27999877929688,99.84559631347656,99.88999938964844,132629
2024-03-07 12:30:00-05:00,100.125,100.22000122070312,100.05999755859375,100.20999908447266,80388
2024-03-07 13:30:00-05:00,100.0999984741211,100.30000305175781,100.07499694824219,100.12010192871094,84379
2024-03-07 14:30:00-05:00,100.08999633789062,100.19499969482422,100.07749938964844,100.0999984741211,108231
2024-03-07 15:30:00-05:00,99.93000030517578,100.13999938964844,99.87000274658203,100.08000183105469,224854
2024-03-08 09:30:00-05:00,100.20999908447266,100.3499984741211,99.97000122070312,100.01000213623047,174964
2024-03-08 10:30:00-05:00,100.41000366210938,100.52999877929688,100.13999938964844,100.2300033569336,200146
2024-03-08 11:30:00-05:00,100.69000244140625,100.72000122070312,100.30010223388672,100.41000366210938,85253
2024-03-08 12:30:00-05:00,100.63999938964844,100.69000244140625,100.5,100.69000244140625,69719
2024-03-08 13:30:00-05:00,100.74500274658203,100.75,100.51000213623047,100.62999725341797,68597
2024-03-08 14:30:00-05:00,100.61499786376953,100.87000274658203,100.61299896240234,100.75,84507
2024-03-08 15:30:00-05:00,100.69999694824219,100.7300033569336,100.55999755859375,100.61499786376953,146483
2024-03-11 09:30:00-04:00,100.70999908447266,101.2300033569336,100.6500015258789,101.05000305175781,375734
2024-03-11 10:30:00-04:00,100.75,100.8499984741211,100.52999877929688,100.70999908447266,253702
2024-03-11 11:30:00-04:00,101.08000183105469,101.08000183105469,100.69000244140625,100.73999786376953,266679
2024-03-11 12:30:00-04:00,101.06500244140625,101.18000030517578,100.98999786376953,101.06999969482422,110437
2024-03-11 13:30:00-04:00,101.03500366210938,101.80999755859375,101.01000213623047,101.0790023803711,249276
2024-03-11 14:30:00-04:00,101.14749908447266,101.21499633789062,100.97000122070312,101.02999877929688,114178
2024-03-11 15:30:00-04:00,101.37999725341797,101.37999725341797,101.05999755859375,101.1500015258789,178339
2024-03-12 09:30:00-04:00,99.66000366210938,100.01000213623047,99.5,99.80000305175781,266893
2024-03-12 10:30:00-04:00,99.47000122070312,99.6500015258789,99.33000183105469,99.61000061035156,272462
2024-03-12 11:30:00-04:00,99.69000244140625,100.02999877929688,99.47000122070312,99.47000122070312,197407
2024-03-12 12:30:00-04:00,99.5999984741211,99.7300033569336,99.48999786376953,99.70999908447266,180756
2024-03-12 13:30:00-04:00,99.69000244140625,99.7300033569336,99.54000091552734,99.62000274658203,133924
2024-03-12 14:30:00-04:00,99.74500274658203,99.7699966430664,99.5999984741211,99.69999694824219,153888
2024-03-12 15:30:00-04:00,99.77999877929688,99.87999725341797,99.69000244140625,99.73999786376953,212945
2024-03-13 09:30:00-04:00,99.41999816894531,99.79000091552734,99.41999816894531,99.69999694824219,211008
2024-03-13 10:30:00-04:00,99.33000183105469,99.44000244140625,99.22000122070312,99.41000366210938,150289
2024-03-13 11:30:00-04:00,99.16000366210938,99.36000061035156,98.97000122070312,99.33000183105469,102250
2024-03-13 12:30:00-04:00,99.1500015258789,99.30000305175781,99.06999969482422,99.18000030517578,79135
2024-03-13 13:30:00-04:00,99.1884994506836,99.25,99.11000061035156,99.15010070800781,74317
2024-03-13 14:30:00-04:00,98.91000366210938,99.22000122070312,98.86000061035156,99.19999694824219,95417
2024-03-13 15:30:00-04:00,98.98999786376953,99.13999938964844,98.9000015258789,98.9000015258789,162576
2024-03-14 09:30:00-04:00,98.08999633789062,98.4800033569336,98.01000213623047,98.41000366210938,167044
2024-03-14 10:30:00-04:00,97.9800033569336,98.06999969482422,97.81999969482422,98.02999877929688,128910
2024-03-14 11:30:00-04:00,98.26000213623047,98.3499984741211,97.98500061035156,97.98999786376953,75236
2024-03-14 12:30:00-04:00,98.0999984741211,98.29000091552734,97.97000122070312,98.25,95991
2024-03-14 13:30:00-04:00,98.19000244140625,98.27999877929688,98.0199966430664,98.08999633789062,80029
2024-03-14 14:30:00-04:00,98.04000091552734,98.19999694824219,97.99299621582031,98.18000030517578,83896
2024-03-14 15:30:00-04:00,98.12999725341797,98.17500305175781,97.93000030517578,98.04000091552734,157280
2024-03-15 09:30:00-04:00,97.69999694824219,98.31999969482422,97.66000366210938,98.18000030517578,150592
2024-03-15 10:30:00-04:00,97.4000015258789,97.66010284423828,97.31999969482422,97.66000366210938,261439
2024-03-15 11:30:00-04:00,96.91000366210938,97.41000366210938,96.69000244140625,97.38999938964844,268449
2024-03-15 12:30:00-04:00,96.97000122070312,97.08000183105469,96.77999877929688,96.94000244140625,232180
2024-03-15 13:30:00-04:00,96.97000122070312,97.06500244140625,96.91500091552734,96.94499969482422,101954
2024-03-15 14:30:00-04:00,97.1500015258789,97.20999908447266,96.94000244140625,96.97989654541016,135353
2024-03-15 15:30:00-04:00,97.27999877929688,97.37999725341797,97.05999755859375,97.13999938964844,231514
2024-03-18 09:30:00-04:00,96.79000091552734,97.0199966430664,96.5999984741211,96.94999694824219,323171
2024-03-18 10:30:00-04:00,96.65499877929688,96.80000305175781,96.5199966430664,96.77999877929688,155731
2024-03-18 11:30:00-04:00,96.45999908447266,96.70500183105469,96.41999816894531,96.65499877929688,147498
2024-03-18 12:30:00-04:00,96.69000244140625,96.7699966430664,96.48999786376953,96.5199966430664,75037
2024-03-18 13:30:00-04:00,96.45999908447266,96.7249984741211,96.41000366210938,96.68000030517578,83586
2024-03-18 14:30:00-04:00,96.05000305175781,96.47000122070312,96.05000305175781,96.44999694824219,142424
2024-03-18 15:30:00-04:00,95.91999816894531,96.11000061035156,95.90499877929688,96.06999969482422,227551
2024-03-19 09:30:00-04:00,96.0,96.2300033569336,95.9000015258789,96.18000030517578,144889
2024-03-19 10:30:00-04:00,96.19999694824219,96.2300033569336,95.99500274658203,96.01000213623047,126816
2024-03-19 11:30:00-04:00,96.2300033569336,96.30999755859375,95.98999786376953,96.19000244140625,244288
2024-03-19 12:30:00-04:00,96.18000030517578,96.30000305175781,96.13999938964844,96.2300033569336,140623
2024-03-19 13:30:00-04:00,96.20999908447266,96.22000122070312,96.13999938964844,96.16000366210938,93329
2024-03-19 14:30:00-04:00,96.44750213623047,96.5,96.19999694824219,96.22000122070312,144125
2024-03-19 15:30:00-04:00,96.30999755859375,96.48999786376953,96.30000305175781,96.44499969482422,244845
2024-03-20 09:30:00-04:00,95.37020111083984,95.75,95.2499008178711,95.72000122070312,130410
2024-03-20 10:30:00-04:00,95.62999725341797,95.70999908447266,95.33999633789062,95.36000061035156,155765
2024-03-20 11:30:00-04:00,95.55999755859375,95.70999908447266,95.51000213623047,95.63999938964844,120734
2024-03-20 12:30:00-04:00,95.5199966430664,95.58000183105469,95.49749755859375,95.55999755859375,77701
2024-03-20 13:30:00-04:00,95.625,95.76000213623047,95.44000244140625,95.51000213623047,70876
2024-03-20 14:30:00-04:00,96.1500015258789,96.1500015258789,95.5,95.63999938964844,176418
2024-03-20 15:30:00-04:00,96.06999969482422,96.12999725341797,95.82499694824219,96.12999725341797,174357
2024-03-21 09:30:00-04:00,96.47000122070312,96.79000091552734,96.33000183105469,96.4000015258789,203133
2024-03-21 10:30:00-04:00,96.31999969482422,96.56999969482422,96.23999786376953,96.4800033569336,106474
2024-03-21 11:30:00-04:00,96.4000015258789,96.4749984741211,96.2300033569336,96.36000061035156,146760
2024-03-21 12:30:00-04:00,96.33999633789062,96.4800033569336,96.31999969482422,96.41999816894531,61521
2024-03-21 13:30:00-04:00,96.41999816894531,96.48999786376953,96.27999877929688,96.33999633789062,56716
2024-03-21 14:30:00-04:00,96.34500122070312,96.44000244140625,96.30000305175781,96.41010284423828,97174
2024-03-21 15:30:00-04:00,96.06999969482422,96.37000274658203,96.04000091552734,96.3499984741211,163569
2024-03-22 09:30:00-04:00,96.31999969482422,96.4000015258789,96.12999725341797,96.23999786376953,111119
2024-03-22 10:30:00-04:00,96.43000030517578,96.48999786376953,96.20999908447266,96.3499984741211,128605
2024-03-22 11:30:00-04:00,96.2300033569336,96.51000213623047,96.20500183105469,96.43000030517578,111346
2024-03-22 12:30:00-04:00,96.18000030517578,96.30000305175781,96.13999938964844,96.23999786376953,59062
2024-03-22 13:30:00-04:00,96.19999694824219,96.23999786376953,96.15409851074219,96.19000244140625,47007
2024-03-22 14:30:00-04:00,96.13500213623047,96.2300033569336,96.08000183105469,96.19999694824219,56890
2024-03-22 15:30:00-04:00,96.20999908447266,96.27999877929688,96.11000061035156,96.13999938964844,107279
2024-03-25 09:30:00-04:00,96.26000213623047,96.29000091552734,96.05999755859375,96.1500015258789,86964
2024-03-25 10:30:00-04:00,96.2699966430664,96.27999877929688,96.09500122070312,96.26000213623047,61577
2024-03-25 11:30:00-04:00,96.08000183105469,96.2699966430664,95.98999786376953,96.26499938964844,2914502
2024-03-25 12:30:00-04:00,96.06999969482422,96.125,95.9832992553711,96.08000183105469,66324
2024-03-25 13:30:00-04:00,96.04000091552734,96.20999908447266,96.0,96.05999755859375,71602
2024-03-25 14:30:00-04:00,95.86499786376953,96.04000091552734,95.81999969482422,96.04000091552734,112132
2024-03-25 15:30:00-04:00,95.75,95.9000015258789,95.7300033569336,95.86499786376953,241650
2024-03-26 09:30:00-04:00,95.33999633789062,95.55000305175781,95.06999969482422,95.5,180374
2024-03-26 10:30:00-04:00,95.4000015258789,95.55999755859375,95.23999786376953,95.3499984741211,136763
2024-03-26 11:30:00-04:00,95.33999633789062,95.4800033569336,95.30000305175781,95.38999938964844,179937
2024-03-26 12:30:00-04:00,95.41000366210938,95.44000244140625,95.29000091552734,95.33999633789062,61703
2024-03-26 13:30:00-04:00,95.37000274658203,95.44999694824219,95.31999969482422,95.41999816894531,62721
2024-03-26 14:30:00-04:00,95.30500030517578,95.42500305175781,95.27999877929688,95.37000274658203,105418
2024-03-26 15:30:00-04:00,95.2699966430664,95.34500122070312,95.23999786376953,95.30000305175781,176270
2024-03-27 09:30:00-04:00,95.5999984741211,95.68000030517578,95.45999908447266,95.5,503289
2024-03-27 10:30:00-04:00,95.5999984741211,95.73999786376953,95.55999755859375,95.5999984741211,409947
2024-03-27 11:30:00-04:00,95.69499969482422,95.80000305175781,95.2699966430664,95.58999633789062,721429
2024-03-27 12:30:00-04:00,95.80999755859375,95.9000015258789,95.66000366210938,95.69999694824219,263575
2024-03-27 13:30:00-04:00,95.72000122070312,95.79000091552734,95.56999969482422,95.7699966430664,117733
2024-03-27 14:30:00-04:00,95.66500091552734,95.77999877929688,95.63999938964844,95.72920227050781,107124
2024-03-27 15:30:00-04:00,95.87000274658203,95.9000015258789,95.66999816894531,95.68000030517578,220350
2024-03-28 09:30:00-04:00,96.2300033569336,96.51000213623047,96.1500015258789,96.27999877929688,170723
2024-03-28 10:30:00-04:00,96.61000061035156,96.70999908447266,96.23999786376953,96.23999786376953,162007
2024-03-28 11:30:00-04:00,96.94000244140625,96.9800033569336,96.55999755859375,96.61000061035156,241792
2024-03-28 12:30:00-04:00,97.06999969482422,97.19999694824219,96.87000274658203,96.93000030517578,153072
2024-03-28 13:30:00-04:00,96.98500061035156,97.12999725341797,96.93000030517578,97.06999969482422,175825
2024-03-28 14:30:00-04:00,97.01499938964844,97.05999755859375,96.80999755859375,96.9800033569336,169700
2024-03-28 15:30:00-04:00,96.7300033569336,97.06999969482422,96.7300033569336,97.01000213623047,356815
2024-04-01 09:30:00-04:00,95.83999633789062,97.05500030517578,95.62999725341797,96.83000183105469,221531
2024-04-01 10:30:00-04:00,95.55000305175781,95.9800033569336,95.52999877929688,95.84500122070312,176555
2024-04-01 11:30:00-04:00,95.66999816894531,95.7300033569336,95.44499969482422,95.56999969482422,118722
2024-04-01 12:30:00-04:00,95.7699966430664,95.80000305175781,95.66000366210938,95.66999816894531,133703
2024-04-01 13:30:00-04:00,95.81999969482422,95.86499786376953,95.69499969482422,95.76000213623047,146870
2024-04-01 14:30:00-04:00,95.83499908447266,95.875,95.74500274658203,95.81500244140625,134696
2024-04-01 15:30:00-04:00,95.87000274658203,95.87999725341797,95.80000305175781,95.83999633789062,253103
2024-04-02 09:30:00-04:00,94.18000030517578,94.63999938964844,93.91999816894531,94.63999938964844,356632
2024-04-02 10:30:00-04:00,94.37000274658203,94.56500244140625,94.13999938964844,94.17500305175781,367573
2024-04-02 11:30:00-04:00,94.48500061035156,94.51000213623047,94.30370330810547,94.33999633789062,103714
2024-04-02 12:30:00-04:00,94.42500305175781,94.58000183105469,94.41000366210938,94.47000122070312,114168
2024-04-02 13:30:00-04:00,94.25,94.44999694824219,94.24500274658203,94.42500305175781,129156
2024-04-02 14:30:00-04:00,94.375,94.40499877929688,94.25499725341797,94.26000213623047,120365
2024-04-02 15:30:00-04:00,94.4000015258789,94.5,94.37000274658203,94.375,209879
2024-04-03 09:30:00-04:00,94.5,94.7300033569336,94.23999786376953,94.44999694824219,126575
2024-04-03 10:30:00-04:00,94.83499908447266,94.83499908447266,94.41999816894531,94.5,235857
2024-04-03 11:30:00-04:00,94.69000244140625,94.87999725341797,94.5,94.83999633789062,218910
2024-04-03 12:30:00-04:00,94.60169982910156,94.66999816894531,94.43000030517578,94.66999816894531,103433
2024-04-03 13:30:00-04:00,94.41999816894531,94.625,94.4000015258789,94.6050033569336,166879
2024-04-03 14:30:00-04:00,94.2300033569336,94.48999786376953,94.17500305175781,94.41500091552734,148504
2024-04-03 15:30:00-04:00,94.38999938964844,94.41999816894531,94.22000122070312,94.2300033569336,116384
2024-04-04 09:30:00-04:00,97.55000305175781,97.72000122070312,96.87999725341797,97.25,629000
2024-04-04 10:30:00-04:00,97.47000122070312,98.20500183105469,97.26000213623047,97.55000305175781,706672
2024-04-04 11:30:00-04:00,97.38999938964844,97.5999984741211,97.31999969482422,97.5,160451
2024-04-04 12:30:00-04:00,97.37999725341797,97.4800033569336,97.33000183105469,97.3821029663086,103153
2024-04-04 13:30:00-04:00,97.18000030517578,97.3949966430664,97.12000274658203,97.37999725341797,180582
2024-04-04 14:30:00-04:00,96.70999908447266,97.2300033569336,96.70999908447266,97.16999816894531,320622
2024-04-04 15:30:00-04:00,96.88999938964844,97.0199966430664,96.54000091552734,96.69999694824219,341958
2024-04-05 09:30:00-04:00,95.44999694824219,95.87999725341797,95.12999725341797,95.30000305175781,411147
2024-04-05 10:30:00-04:00,95.70500183105469,95.83000183105469,95.36000061035156,95.44499969482422,277897
2024-04-05 11:30:00-04:00,95.80999755859375,95.9000015258789,95.68000030517578,95.69999694824219,181852
2024-04-05 12:30:00-04:00,95.88999938964844,95.91000366210938,95.72000122070312,95.80999755859375,165127
2024-04-05 13:30:00-04:00,95.76000213623047,95.93000030517578,95.63999938964844,95.88999938964844,154677
2024-04-05 14:30:00-04:00,95.7750015258789,95.91000366210938,95.69300079345703,95.77999877929688,231370
2024-04-05 15:30:00-04:00,95.78500366210938,95.79000091552734,95.62000274658203,95.7750015258789,299045
2024-04-08 09:30:00-04:00,95.7699966430664,96.1500015258789,95.5999984741211,95.73999786376953,117329
2024-04-08 10:30:00-04:00,95.58999633789062,95.81999969482422,95.58999633789062,95.7699966430664,244496
2024-04-08 11:30:00-04:00,95.38999938964844,95.62000274658203,95.375,95.58999633789062,139051
2024-04-08 12:30:00-04:00,95.44000244140625,95.44999694824219,95.3499984741211,95.38050079345703,89967
2024-04-08 13:30:00-04:00,95.41500091552734,95.5,95.37000274658203,95.44000244140625,78453
2024-04-08 14:30:00-04:00,95.36000061035156,95.41000366210938,95.2499008178711,95.41000366210938,121431
2024-04-08 15:30:00-04:00,95.48999786376953,95.51000213623047,95.31999969482422,95.3499984741211,220287
2024-04-09 09:30:00-04:00,95.69999694824219,95.9000015258789,95.41999816894531,95.66999816894531,141199
2024-04-09 10:30:00-04:00,95.55999755859375,95.76499938964844,95.47000122070312,95.72000122070312,235979
2024-04-09 11:30:00-04:00,95.4000015258789,95.66999816894531,95.4000015258789,95.58000183105469,53206
2024-04-09 12:30:00-04:00,95.45500183105469,95.5199966430664,95.38500213623047,95.38999938964844,66871
2024-04-09 13:30:00-04:00,95.48999786376953,95.54499816894531,95.4000015258789,95.45500183105469,56044
2024-04-09 14:30:00-04:00,95.66000366210938,95.66000366210938,95.4000015258789,95.4800033569336,110147
2024-04-09 15:30:00-04:00,95.79000091552734,95.88999938964844,95.54000091552734,95.65499877929688,269392
2024-04-10 09:30:00-04:00,94.38999938964844,94.66999816894531,94.125,94.56999969482422,1098367
2024-04-10 10:30:00-04:00,94.30000305175781,94.61000061035156,94.2699966430664,94.38999938964844,208913
2024-04-10 11:30:00-04:00,94.09500122070312,94.44999694824219,94.06999969482422,94.30000305175781,355858
2024-04-10 12:30:00-04:00,94.26000213623047,94.36000061035156,94.03500366210938,94.0999984741211,145118
2024-04-10 13:30:00-04:00,94.37999725341797,94.46499633789062,94.1500015258789,94.25,109673
2024-04-10 14:30:00-04:00,94.44999694824219,94.52999877929688,94.29000091552734,94.37899780273438,115992
2024-04-10 15:30:00-04:00,94.37000274658203,94.44000244140625,94.16999816894531,94.44000244140625,286908
2024-04-11 09:30:00-04:00,93.81500244140625,94.91000366210938,93.79000091552734,94.87000274658203,636121
2024-04-11 10:30:00-04:00,94.04000091552734,94.20999908447266,93.75,93.81999969482422,269154
2024-04-11 11:30:00-04:00,94.30999755859375,94.43499755859375,93.94000244140625,94.01000213623047,137083
2024-04-11 12:30:00-04:00,94.62000274658203,94.62999725341797,94.25,94.29000091552734,114569
2024-04-11 13:30:00-04:00,94.73999786376953,94.84750366210938,94.5999984741211,94.61000061035156,100025
2024-04-11 14:30:00-04:00,94.63999938964844,94.79499816894531,94.62000274658203,94.7300033569336,112808
2024-04-11 15:30:00-04:00,94.33999633789062,94.61499786376953,94.33999633789062,94.61499786376953,191007
2024-04-12 09:30:00-04:00,94.66999816894531,95.05000305175781,94.62000274658203,94.98999786376953,391890
2024-04-12 10:30:00-04:00,94.41000366210938,94.68000030517578,94.2699966430664,94.62999725341797,220468
2024-04-12 11:30:00-04:00,94.19999694824219,94.47000122070312,94.19999694824219,94.41000366210938,91305
2024-04-12 12:30:00-04:00,93.91000366210938,94.19999694824219,93.88999938964844,94.19999694824219,135856
2024-04-12 13:30:00-04:00,93.98999786376953,94.11000061035156,93.87999725341797,93.91000366210938,98449
2024-04-12 14:30:00-04:00,93.83999633789062,94.01000213623047,93.81999969482422,94.0,154518
2024-04-12 15:30:00-04:00,93.54499816894531,93.85009765625,93.41000366210938,93.81999969482422,539182
2024-04-15 09:30:00-04:00,94.52999877929688,94.72000122070312,94.1500015258789,94.19999694824219,211307
2024-04-15 10:30:00-04:00,94.69000244140625,94.86000061035156,94.33000183105469,94.54000091552734,293806
2024-04-15 11:30:00-04:00,94.7699966430664,94.96499633789062,94.5999984741211,94.68000030517578,218410
2024-04-15 12:30:00-04:00,94.52999877929688,94.76000213623047,94.4800033569336,94.76000213623047,145956
2024-04-15 13:30:00-04:00,94.38999938964844,94.56999969482422,94.33000183105469,94.52999877929688,112600
2024-04-15 14:30:00-04:00,94.26000213623047,94.5199966430664,94.11000061035156,94.38999938964844,172028
2024-04-15 15:30:00-04:00,94.41000366210938,94.41000366210938,94.17500305175781,94.26000213623047,220739
2024-04-16 09:30:00-04:00,93.08999633789062,93.0999984741211,92.63999938964844,92.8499984741211,286892
2024-04-16 10:30:00-04:00,93.16000366210938,93.37000274658203,93.0,93.0999984741211,296621
2024-04-16 11:30:00-04:00,93.11900329589844,93.25,92.98999786376953,93.12999725341797,207478
2024-04-16 12:30:00-04:00,93.05000305175781,93.21499633789062,92.94999694824219,93.0999984741211,98034
2024-04-16 13:30:00-04:00,92.97000122070312,93.26000213623047,92.87000274658203,93.05000305175781,127482
2024-04-16 14:30:00-04:00,93.2699966430664,93.30000305175781,92.93000030517578,92.97000122070312,162257
2024-04-16 15:30:00-04:00,93.19999694824219,93.27999877929688,93.05999755859375,93.26000213623047,298082
2024-04-17 09:30:00-04:00,93.30000305175781,93.77999877929688,93.22000122070312,93.62999725341797,159974
2024-04-17 10:30:00-04:00,93.05000305175781,93.27999877929688,92.94999694824219,93.27999877929688,128145
2024-04-17 11:30:00-04:00,92.98500061035156,93.1238021850586,92.9000015258789,93.05000305175781,148347
2024-04-17 12:30:00-04:00,93.0999984741211,93.11499786376953,92.87000274658203,92.98999786376953,121831
2024-04-17 13:30:00-04:00,92.95999908447266,93.15499877929688,92.94000244140625,93.11000061035156,119165
2024-04-17 14:30:00-04:00,92.97000122070312,93.0999984741211,92.87000274658203,92.94999694824219,168597
2024-04-17 15:30:00-04:00,93.0999984741211,93.0999984741211,92.95999908447266,92.97000122070312,245872
2024-04-18 09:30:00-04:00,92.7750015258789,92.93000030517578,92.55000305175781,92.8499984741211,162301
2024-04-18 10:30:00-04:00,92.80000305175781,92.86000061035156,92.58000183105469,92.80999755859375,225306
2024-04-18 11:30:00-04:00,92.50659942626953,92.80000305175781,92.50659942626953,92.79000091552734,106089
2024-04-18 12:30:00-04:00,92.54000091552734,92.55999755859375,92.3499984741211,92.5199966430664,86691
2024-04-18 13:30:00-04:00,92.5,92.55000305175781,92.43000030517578,92.51000213623047,62352
2024-04-18 14:30:00-04:00,92.54499816894531,92.56999969482422,92.41000366210938,92.5,78821
2024-04-18 15:30:00-04:00,92.55999755859375,92.66999816894531,92.51000213623047,92.55000305175781,130489
2024-04-19 09:30:00-04:00,93.7300033569336,93.73999786376953,93.1500015258789,93.19999694824219,298541
2024-04-19 10:30:00-04:00,94.04000091552734,94.20989990234375,93.62000274658203,93.70999908447266,394599
2024-04-19 11:30:00-04:00,93.9800033569336,94.12999725341797,93.8499984741211,94.05999755859375,408494
2024-04-19 12:30:00-04:00,94.04000091552734,94.10749816894531,93.80999755859375,93.9749984741211,224889
2024-04-19 13:30:00-04:00,94.1050033569336,94.19999694824219,94.0,94.04000091552734,174108
2024-04-19 14:30:00-04:00,94.37999725341797,94.40499877929688,94.02909851074219,94.10009765625,290300
2024-04-19 15:30:00-04:00,94.3499984741211,94.49500274658203,94.30039978027344,94.37000274658203,418905
2024-04-22 09:30:00-04:00,95.65249633789062,95.66999816894531,94.72000122070312,94.76000213623047,350273
2024-04-22 10:30:00-04:00,95.7699966430664,95.87999725341797,95.36000061035156,95.66000366210938,562122
2024-04-22 11:30:00-04:00,95.70500183105469,95.80000305175781,95.61000061035156,95.73999786376953,265004
2024-04-22 12:30:00-04:00,95.83000183105469,95.83000183105469,95.53500366210938,95.69999694824219,277693
2024-04-22 13:30:00-04:00,95.9749984741211,96.02999877929688,95.81999969482422,95.83000183105469,191825
2024-04-22 14:30:00-04:00,95.50499725341797,95.9800033569336,95.41999816894531,95.97000122070312,234556
2024-04-22 15:30:00-04:00,95.12000274658203,95.5,95.06999969482422,95.5,398488
2024-04-23 09:30:00-04:00,97.92500305175781,99.5,97.56999969482422,98.73999786376953,1076274
2024-04-23 10:30:00-04:00,97.63999938964844,98.47000122070312,97.41999816894531,97.93000030517578,573010
2024-04-23 11:30:00-04:00,97.33999633789062,97.75,97.12999725341797,97.69000244140625,409953
2024-04-23 12:30:00-04:00,97.38999938964844,97.87000274658203,97.27999877929688,97.3499984741211,252938
2024-04-23 13:30:00-04:00,97.31999969482422,97.41500091552734,97.19999694824219,97.4000015258789,235236
2024-04-23 14:30:00-04:00,97.16000366210938,97.34110260009766,97.03050231933594,97.32009887695312,377703
2024-04-23 15:30:00-04:00,97.30000305175781,97.43000030517578,97.08000183105469,97.16000366210938,603788
2024-04-24 09:30:00-04:00,98.11000061035156,98.55000305175781,97.55999755859375,98.5,670300
2024-04-24 10:30:00-04:00,97.47000122070312,98.10980224609375,97.41999816894531,98.0999984741211,261940
2024-04-24 11:30:00-04:00,97.7699966430664,97.83000183105469,97.40499877929688,97.4800033569336,119117
2024-04-24 12:30:00-04:00,97.94000244140625,97.95500183105469,97.66999816894531,97.73999786376953,88883
2024-04-24 13:30:00-04:00,98.11000061035156,98.2249984741211,97.94000244140625,97.94000244140625,161907
2024-04-24 14:30:00-04:00,98.30999755859375,98.33499908447266,98.05000305175781,98.1050033569336,323510
2024-04-24 15:30:00-04:00,98.36000061035156,98.45829772949219,98.26000213623047,98.29000091552734,452304
2024-04-25 09:30:00-04:00,98.37999725341797,98.91000366210938,98.27999877929688,98.62999725341797,398270
2024-04-25 10:30:00-04:00,98.5199966430664,98.62000274658203,98.26000213623047,98.37999725341797,387466
2024-04-25 11:30:00-04:00,98.91000366210938,98.96499633789062,98.54000091552734,98.54000091552734,254469
2024-04-25 12:30:00-04:00,98.70999908447266,98.94499969482422,98.5999984741211,98.9000015258789,207866
2024-04-25 13:30:00-04:00,99.0199966430664,99.125,98.69000244140625,98.70010375976562,323377
2024-04-25 14:30:00-04:00,99.23500061035156,99.23500061035156,98.87999725341797,99.01499938964844,235606
2024-04-25 15:30:00-04:00,99.04000091552734,99.23999786376953,99.0199966430664,99.2249984741211,405626
2024-04-26 09:30:00-04:00,98.06999969482422,98.22000122070312,97.5999984741211,97.76000213623047,434642
2024-04-26 10:30:00-04:00,97.8499984741211,98.12999725341797,97.8499984741211,98.0790023803711,135305
2024-04-26 11:30:00-04:00,97.87000274658203,97.95999908447266,97.77999877929688,97.8499984741211,160792
2024-04-26 12:30:00-04:00,97.7750015258789,97.93000030517578,97.7699966430664,97.87999725341797,168790
2024-04-26 13:30:00-04:00,97.74500274658203,97.83000183105469,97.72000122070312,97.7699966430664,121164
2024-04-26 14:30:00-04:00,97.69000244140625,97.83999633789062,97.63500213623047,97.74500274658203,148508
2024-04-26 15:30:00-04:00,97.44000244140625,97.68499755859375,97.44000244140625,97.68499755859375,228100
2024-04-29 09:30:00-04:00,97.75499725341797,97.91000366210938,97.57499694824219,97.76000213623047,339347
2024-04-29 10:30:00-04:00,97.5,97.7699966430664,97.41000366210938,97.76000213623047,336352
2024-04-29 11:30:00-04:00,97.30999755859375,97.49500274658203,97.20999908447266,97.4800033569336,231567
2024-04-29 12:30:00-04:00,97.2573013305664,97.3499984741211,97.22000122070312,97.32499694824219,160928
2024-04-29 13:30:00-04:00,97.08000183105469,97.26000213623047,97.06999969482422,97.25,196930
2024-04-29 14:30:00-04:00,97.12999725341797,97.1500015258789,96.86000061035156,97.08499908447266,386263
2024-04-29 15:30:00-04:00,97.0999984741211,97.19000244140625,96.93000030517578,97.12999725341797,423488
2024-04-30 09:30:00-04:00,97.7249984741211,97.81999969482422,96.91999816894531,97.08000183105469,193782
2024-04-30 10:30:00-04:00,97.12000274658203,97.79000091552734,97.05999755859375,97.7300033569336,241945
2024-04-30 11:30:00-04:00,97.20999908447266,97.30999755859375,97.01000213623047,97.12000274658203,206168
2024-04-30 12:30:00-04:00,97.42500305175781,97.44999694824219,97.04000091552734,97.20999908447266,102938
2024-04-30 13:30:00-04:00,97.18000030517578,97.42500305175781,97.1500015258789,97.42500305175781,103743
2024-04-30 14:30:00-04:00,97.13999938964844,97.19999694824219,97.01499938964844,97.18499755859375,152600
2024-04-30 15:30:00-04:00,97.12999725341797,97.2300033569336,96.9800033569336,97.13999938964844,247879
2024-05-01 09:30:00-04:00,97.18000030517578,97.3499984741211,96.71499633789062,96.97000122070312,174364
2024-05-01 10:30:00-04:00,97.44000244140625,97.45999908447266,97.08000183105469,97.18000030517578,104040
2024-05-01 11:30:00-04:00,97.23999786376953,97.48999786376953,97.0999984741211,97.44999694824219,211993
2024-05-01 12:30:00-04:00,97.3499984741211,97.3499984741211,97.16999816894531,97.23500061035156,65546
2024-05-01 13:30:00-04:00,97.52999877929688,97.52999877929688,97.26000213623047,97.33499908447266,93358
2024-05-01 14:30:00-04:00,97.78500366210938,97.87000274658203,97.37999725341797,97.5199966430664,173775
2024-05-01 15:30:00-04:00,97.48999786376953,97.81999969482422,97.4800033569336,97.80000305175781,257445
2024-05-02 09:30:00-04:00,97.18000030517578,97.36000061035156,96.8499984741211,97.20999908447266,235099
2024-05-02 10:30:00-04:00,97.30000305175781,97.3550033569336,96.9800033569336,97.19999694824219,311484
2024-05-02 11:30:00-04:00,97.29000091552734,97.37000274658203,97.06500244140625,97.29000091552734,121357
2024-05-02 12:30:00-04:00,97.44499969482422,97.46499633789062,97.23999786376953,97.27999877929688,99102
2024-05-02 13:30:00-04:00,97.36499786376953,97.45500183105469,97.29170227050781,97.44499969482422,103267
2024-05-02 14:30:00-04:00,97.38999938964844,97.47000122070312,97.3499984741211,97.36499786376953,157801
2024-05-02 15:30:00-04:00,97.33999633789062,97.38500213623047,97.16000366210938,97.38500213623047,276107
2024-05-03 09:30:00-04:00,97.19000244140625,97.91000366210938,97.125,97.75,281172
2024-05-03 10:30:00-04:00,97.23999786376953,97.3499984741211,97.06999969482422,97.20999908447266,176091
2024-05-03 11:30:00-04:00,97.42500305175781,97.5,97.20999908447266,97.2300033569336,63999
2024-05-03 12:30:00-04:00,97.38999938964844,97.48999786376953,97.33000183105469,97.43000030517578,54230
2024-05-03 13:30:00-04:00,97.37999725341797,97.43000030517578,97.33000183105469,97.4000015258789,49376
2024-05-03 14:30:00-04:00,97.33499908447266,97.3949966430664,97.30460357666016,97.36000061035156,109281
2024-05-03 15:30:00-04:00,97.25,97.41000366210938,97.25,97.33499908447266,185020
2024-05-06 09:30:00-04:00,97.3207015991211,97.69000244140625,97.3207015991211,97.5,175365
2024-05-06 10:30:00-04:00,97.22000122070312,97.375,97.12000274658203,97.3499984741211,108506
2024-05-06 11:30:00-04:00,97.2300033569336,97.33999633789062,97.11000061035156,97.23999786376953,86217
2024-05-06 12:30:00-04:00,97.52010345458984,97.52130126953125,97.20999908447266,97.23999786376953,55217
2024-05-06 13:30:00-04:00,97.61000061035156,97.66000366210938,97.45999908447266,97.5250015258789,147551
2024-05-06 14:30:00-04:00,97.69999694824219,97.73999786376953,97.54000091552734,97.61000061035156,228730
2024-05-06 15:30:00-04:00,97.7300033569336,97.83000183105469,97.66500091552734,97.70999908447266,291187
2024-05-07 09:30:00-04:00,98.7300033569336,99.01000213623047,98.54000091552734,98.5999984741211,217559
2024-05-07 10:30:00-04:00,98.94999694824219,99.0199966430664,98.66999816894531,98.70999908447266,219807
2024-05-07 11:30:00-04:00,99.05999755859375,99.06999969482422,98.88999938964844,98.94999694824219,176668
2024-05-07 12:30:00-04:00,99.05000305175781,99.07499694824219,98.98999786376953,99.05999755859375,77048
2024-05-07 13:30:00-04:00,98.98500061035156,99.06999969482422,98.91500091552734,99.06999969482422,85527
2024-05-07 14:30:00-04:00,99.08000183105469,99.08999633789062,98.94000244140625,98.98999786376953,106016
2024-05-07 15:30:00-04:00,99.06999969482422,99.19000244140625,99.04000091552734,99.08499908447266,195037
2024-05-08 09:30:00-04:00,99.6500015258789,99.77999877929688,99.5199966430664,99.6500015258789,200021
2024-05-08 10:30:00-04:00,99.62999725341797,99.6500015258789,99.26000213623047,99.6500015258789,286456
2024-05-08 11:30:00-04:00,99.61000061035156,99.77999877929688,99.55500030517578,99.61000061035156,109615
2024-05-08 12:30:00-04:00,99.62000274658203,99.72000122070312,99.61000061035156,99.62000274658203,79353
2024-05-08 13:30:00-04:00,99.58000183105469,99.7300033569336,99.55999755859375,99.625,77074
2024-05-08 14:30:00-04:00,99.58999633789062,99.63500213623047,99.4800033569336,99.58000183105469,90952
2024-05-08 15:30:00-04:00,99.62000274658203,99.66999816894531,99.55999755859375,99.58999633789062,164296
2024-05-09 09:30:00-04:00,99.7699966430664,99.87999725341797,99.44000244140625,99.72000122070312,150600
2024-05-09 10:30:00-04:00,99.7699966430664,99.97000122070312,99.7300033569336,99.7699966430664,128448
2024-05-09 11:30:00-04:00,99.8499984741211,99.87000274658203,99.66999816894531,99.76499938964844,110806
2024-05-09 12:30:00-04:00,99.91999816894531,99.91999816894531,99.79290008544922,99.83999633789062,77336
2024-05-09 13:30:00-04:00,100.02999877929688,100.08000183105469,99.9000015258789,99.9000015258789,105719
2024-05-09 14:30:00-04:00,100.22000122070312,100.2300033569336,100.0199966430664,100.02999877929688,207722
2024-05-09 15:30:00-04:00,100.22000122070312,100.29000091552734,100.06999969482422,100.22000122070312,351285
2024-05-10 09:30:00-04:00,101.33000183105469,101.47000122070312,101.04000091552734,101.12999725341797,323621
2024-05-10 10:30:00-04:00,101.75,101.77999877929688,101.30999755859375,101.30999755859375,311883
2024-05-10 11:30:00-04:00,101.95999908447266,102.04000091552734,101.70179748535156,101.76000213623047,212273
2024-05-10 12:30:00-04:00,101.86000061035156,101.98999786376953,101.86000061035156,101.95999908447266,154189
2024-05-10 13:30:00-04:00,101.73500061035156,101.91999816894531,101.7300033569336,101.86009979248047,134709
2024-05-10 14:30:00-04:00,101.98500061035156,102.0,101.71499633789062,101.73500061035156,200054
2024-05-10 15:30:00-04:00,102.11000061035156,102.13999938964844,101.94999694824219,101.98500061035156,342977
2024-05-13 09:30:00-04:00,102.37010192871094,102.61000061035156,102.33000183105469,102.44000244140625,170451
2024-05-13 10:30:00-04:00,102.26000213623047,102.55999755859375,102.18000030517578,102.37999725341797,91694
2024-05-13 11:30:00-04:00,102.47000122070312,102.62000274658203,102.41000366210938,102.4800033569336,258401
2024-05-13 12:30:00-04:00,102.30000305175781,102.48999786376953,102.29000091552734,102.47000122070312,60041
2024-05-13 13:30:00-04:00,102.25499725341797,102.30000305175781,102.1500015258789,102.30000305175781,136702
2024-05-13 14:30:00-04:00,102.2699966430664,102.41000366210938,102.25,102.25499725341797,132089
2024-05-13 15:30:00-04:00,102.25,102.33499908447266,102.19499969482422,102.2699966430664,187936
2024-05-14 09:30:00-04:00,103.02020263671875,103.08999633789062,102.72000122070312,102.7699966430664,725303
2024-05-14 10:30:00-04:00,103.19999694824219,103.38999938964844,103.0,103.03500366210938,340748
2024-05-14 11:30:00-04:00,103.19999694824219,103.23999786376953,102.9800033569336,103.19000244140625,189534
2024-05-14 12:30:00-04:00,103.07499694824219,103.21929931640625,103.05999755859375,103.19999694824219,99282
2024-05-14 13:30:00-04:00,103.20089721679688,103.21499633789062,103.01000213623047,103.08000183105469,143730
2024-05-14 14:30:00-04:00,103.2750015258789,103.3499984741211,103.19000244140625,103.20999908447266,135410
2024-05-14 15:30:00-04:00,103.29000091552734,103.38999938964844,103.18000030517578,103.2750015258789,261439
2024-05-15 09:30:00-04:00,103.11000061035156,103.51000213623047,103.05999755859375,103.25,211357
2024-05-15 10:30:00-04:00,103.2699966430664,103.43499755859375,103.04000091552734,103.12000274658203,139486
2024-05-15 11:30:00-04:00,103.25,103.30000305175781,103.08000183105469,103.27999877929688,102417
2024-05-15 12:30:00-04:00,103.48999786376953,103.55000305175781,103.23999786376953,103.2699966430664,113757
2024-05-15 13:30:00-04:00,103.16000366210938,103.48999786376953,103.16000366210938,103.48999786376953,71280
2024-05-15 14:30:00-04:00,103.0,103.16000366210938,102.99500274658203,103.16000366210938,151797
2024-05-15 15:30:00-04:00,103.22000122070312,103.22000122070312,102.96189880371094,103.0,199764
2024-05-16 09:30:00-04:00,102.46499633789062,102.6500015258789,102.12999725341797,102.5,137076
2024-05-16 10:30:00-04:00,102.31999969482422,102.51000213623047,102.16000366210938,102.44999694824219,139682
2024-05-16 11:30:00-04:00,102.44010162353516,102.55999755859375,102.2874984741211,102.30000305175781,74390
2024-05-16 12:30:00-04:00,102.58000183105469,102.6449966430664,102.43000030517578,102.44000244140625,83587
2024-05-16 13:30:00-04:00,102.66999816894531,102.72000122070312,102.55000305175781,102.58999633789062,71125
2024-05-16 14:30:00-04:00,102.66000366210938,102.70500183105469,102.62000274658203,102.66999816894531,83378
2024-05-16 15:30:00-04:00,102.70999908447266,102.76499938964844,102.6050033569336,102.66999816894531,163296
2024-05-17 09:30:00-04:00,102.70999908447266,102.88999938964844,102.5,102.87000274658203,103848
2024-05-17 10:30:00-04:00,102.73999786376953,102.83999633789062,102.61000061035156,102.72000122070312,107726
2024-05-17 11:30:00-04:00,102.80000305175781,102.81999969482422,102.61000061035156,102.75,77740
2024-05-17 12:30:00-04:00,102.88999938964844,102.93000030517578,102.77999877929688,102.80999755859375,61793
2024-05-17 13:30:00-04:00,102.8499984741211,102.9000015258789,102.77999877929688,102.87999725341797,46612
2024-05-17 14:30:00-04:00,102.86000061035156,102.91999816894531,102.80000305175781,102.8499984741211,82128
2024-05-17 15:30:00-04:00,102.55000305175781,102.86000061035156,102.54000091552734,102.86000061035156,187225
2024-05-20 09:30:00-04:00,102.5,102.75,102.2750015258789,102.69999694824219,92749
2024-05-20 10:30:00-04:00,102.5,102.55999755859375,102.36000061035156,102.48999786376953,98455
2024-05-20 11:30:00-04:00,102.71499633789062,102.77999877929688,102.4749984741211,102.51000213623047,93324
2024-05-20 12:30:00-04:00,102.69999694824219,102.7699966430664,102.5999984741211,102.71499633789062,78202
2024-05-20 13:30:00-04:00,102.81999969482422,102.83499908447266,102.62000274658203,102.69999694824219,131644
2024-05-20 14:30:00-04:00,102.81999969482422,102.99330139160156,102.80999755859375,102.81999969482422,203159
2024-05-20 15:30:00-04:00,102.83999633789062,103.0,102.69000244140625,102.80999755859375,167670
2024-05-21 09:30:00-04:00,102.87000274658203,103.05999755859375,102.80000305175781,102.80000305175781,169770
2024-05-21 10:30:00-04:00,103.0199966430664,103.12999725341797,102.9000015258789,102.9000015258789,130286
2024-05-21 11:30:00-04:00,102.87779998779297,103.09259796142578,102.8499984741211,103.0199966430664,207483
2024-05-21 12:30:00-04:00,102.8499984741211,102.91000366210938,102.83409881591797,102.87999725341797,42290
2024-05-21 13:30:00-04:00,102.81999969482422,102.94000244140625,102.80000305175781,102.87000274658203,69738
2024-05-21 14:30:00-04:00,102.84420013427734,102.875,102.76000213623047,102.80999755859375,66397
2024-05-21 15:30:00-04:00,102.83000183105469,102.93499755859375,102.78109741210938,102.84249877929688,157864
2024-05-22 09:30:00-04:00,101.9000015258789,102.02999877929688,101.7300033569336,101.80999755859375,148149
2024-05-22 10:30:00-04:00,101.91999816894531,102.04000091552734,101.76000213623047,101.88999938964844,132192
2024-05-22 11:30:00-04:00,101.66000366210938,101.94999694824219,101.6500015258789,101.94999694824219,86682
2024-05-22 12:30:00-04:00,101.94999694824219,101.97000122070312,101.62999725341797,101.6500015258789,154000
2024-05-22 13:30:00-04:00,101.7699966430664,102.0199966430664,101.75,101.94999694824219,115694
2024-05-22 14:30:00-04:00,101.9000015258789,101.94999694824219,101.70999908447266,101.7699966430664,112618
2024-05-22 15:30:00-04:00,101.9800033569336,102.0250015258789,101.80000305175781,101.88999938964844,203853
2024-05-23 09:30:00-04:00,101.55999755859375,101.97000122070312,101.48999786376953,101.93000030517578,167490
2024-05-23 10:30:00-04:00,101.4000015258789,101.5999984741211,101.22000122070312,101.55999755859375,163816
2024-05-23 11:30:00-04:00,101.63999938964844,101.70999908447266,101.41000366210938,101.41000366210938,71824
2024-05-23 12:30:00-04:00,101.5,101.70999908447266,101.36000061035156,101.63990020751953,66083
2024-05-23 13:30:00-04:00,101.28199768066406,101.506103515625,101.2699966430664,101.506103515625,58775
2024-05-23 14:30:00-04:00,101.27999877929688,101.33000183105469,101.16000366210938,101.27999877929688,81602
2024-05-23 15:30:00-04:00,101.13999938964844,101.27999877929688,101.0,101.27999877929688,200281
2024-05-24 09:30:00-04:00,100.12000274658203,100.36000061035156,100.08000183105469,100.29000091552734,264976
2024-05-24 10:30:00-04:00,100.38999938964844,100.44999694824219,100.06500244140625,100.12999725341797,180075
2024-05-24 11:30:00-04:00,100.6050033569336,100.6500015258789,100.2699966430664,100.4000015258789,109164
2024-05-24 12:30:00-04:00,100.7249984741211,100.77999877929688,100.55999755859375,100.6050033569336,86107
2024-05-24 13:30:00-04:00,100.58999633789062,100.73999786376953,100.56999969482422,100.7300033569336,106076
2024-05-24 14:30:00-04:00,100.55000305175781,100.5999984741211,100.48999786376953,100.58000183105469,109000
2024-05-24 15:30:00-04:00,100.5250015258789,100.62999725341797,100.4990005493164,100.54000091552734,232077
2024-05-28 09:30:00-04:00,99.9800033569336,100.33000183105469,99.93000030517578,100.26000213623047,204439
2024-05-28 10:30:00-04:00,100.01000213623047,100.08000183105469,99.69999694824219,99.97000122070312,216282
2024-05-28 11:30:00-04:00,99.80999755859375,100.06990051269531,99.76490020751953,99.98999786376953,94548
2024-05-28 12:30:00-04:00,99.55999755859375,99.81500244140625,99.55000305175781,99.79499816894531,79837
2024-05-28 13:30:00-04:00,99.52999877929688,99.62000274658203,99.44999694824219,99.55000305175781,83188
2024-05-28 14:30:00-04:00,99.48999786376953,99.62000274658203,99.4800033569336,99.52999877929688,120174
2024-05-28 15:30:00-04:00,99.68000030517578,99.72000122070312,99.5,99.5,176393
2024-05-29 09:30:00-04:00,99.19999694824219,99.47000122070312,99.1500015258789,99.3499984741211,156799
2024-05-29 10:30:00-04:00,99.05000305175781,99.25,98.91300201416016,99.20999908447266,137235
2024-05-29 11:30:00-04:00,99.23999786376953,99.26000213623047,99.018798828125,99.05000305175781,82023
2024-05-29 12:30:00-04:00,99.51000213623047,99.51000213623047,99.19000244140625,99.23999786376953,105766
2024-05-29 13:30:00-04:00,99.37999725341797,99.5199966430664,99.3499984741211,99.51000213623047,76014
2024-05-29 14:30:00-04:00,99.44999694824219,99.48580169677734,99.29000091552734,99.37000274658203,176679
2024-05-29 15:30:00-04:00,99.38999938964844,99.44999694824219,99.25,99.44999694824219,278387
2024-05-30 09:30:00-04:00,100.74500274658203,100.87539672851562,100.33999633789062,100.33999633789062,251044
2024-05-30 10:30:00-04:00,100.87000274658203,100.93000030517578,100.70500183105469,100.73999786376953,291830
2024-05-30 11:30:00-04:00,100.87999725341797,100.98999786376953,100.81999969482422,100.8499984741211,90530
2024-05-30 12:30:00-04:00,100.90010070800781,101.01249694824219,100.83999633789062,100.86499786376953,83704
2024-05-30 13:30:00-04:00,100.88200378417969,100.95500183105469,100.83999633789062,100.91000366210938,91627
2024-05-30 14:30:00-04:00,100.80999755859375,100.87000274658203,100.50499725341797,100.87000274658203,126175
2024-05-30 15:30:00-04:00,100.7300033569336,100.85900115966797,100.63999938964844,100.80999755859375,205163
2024-05-31 09:30:00-04:00,102.55000305175781,102.68000030517578,101.94999694824219,102.13999938964844,234004
2024-05-31 10:30:00-04:00,103.0,103.11000061035156,102.44000244140625,102.56500244140625,410570
2024-05-31 11:30:00-04:00,103.2300033569336,103.37000274658203,102.8499984741211,103.04000091552734,343503
2024-05-31 12:30:00-04:00,103.12999725341797,103.26000213623047,103.06999969482422,103.22000122070312,110496
2024-05-31 13:30:00-04:00,102.70999908447266,103.12000274658203,102.70999908447266,103.12000274658203,192566
2024-05-31 14:30:00-04:00,102.62999725341797,102.7699966430664,102.56999969482422,102.70999908447266,207142
2024-05-31 15:30:00-04:00,103.12999725341797,103.12999725341797,102.58999633789062,102.61000061035156,358181
2024-06-03 09:30:00-04:00,103.33999633789062,103.69999694824219,103.05999755859375,103.2300033569336,417306
2024-06-03 10:30:00-04:00,103.44000244140625,103.52999877929688,103.0999984741211,103.33999633789062,265458
2024-06-03 11:30:00-04:00,102.83999633789062,103.4800033569336,102.80000305175781,103.47000122070312,120392
2024-06-03 12:30:00-04:00,102.9000015258789,102.94000244140625,102.76000213623047,102.80999755859375,99755
2024-06-03 13:30:00-04:00,103.08000183105469,103.16999816894531,102.88999938964844,102.88999938964844,86813
2024-06-03 14:30:00-04:00,102.95999908447266,103.18499755859375,102.93000030517578,103.08999633789062,173787
2024-06-03 15:30:00-04:00,102.75,102.97899627685547,102.72000122070312,102.94000244140625,356411
2024-06-04 09:30:00-04:00,103.80000305175781,104.04499816894531,103.51000213623047,103.81999969482422,501888
2024-06-04 10:30:00-04:00,104.14700317382812,104.18000030517578,103.66000366210938,103.7699966430664,182705
2024-06-04 11:30:00-04:00,104.41999816894531,104.45999908447266,104.12000274658203,104.16000366210938,144207
2024-06-04 12:30:00-04:00,104.44999694824219,104.45999908447266,104.27999877929688,104.41000366210938,118534
2024-06-04 13:30:00-04:00,104.44999694824219,104.47879791259766,104.3499984741211,104.44239807128906,122542
2024-06-04 14:30:00-04:00,104.44000244140625,104.66000366210938,104.37010192871094,104.44999694824219,123068
2024-06-04 15:30:00-04:00,104.93000030517578,104.94999694824219,104.40499877929688,104.44000244140625,322056
2024-06-05 09:30:00-04:00,105.12000274658203,105.56999969482422,105.05999755859375,105.47000122070312,336010
2024-06-05 10:30:00-04:00,105.58000183105469,105.58499908447266,105.08999633789062,105.1050033569336,105545
2024-06-05 11:30:00-04:00,105.44149780273438,105.58999633789062,105.31999969482422,105.58000183105469,97872
2024-06-05 12:30:00-04:00,105.49469757080078,105.52999877929688,105.37000274658203,105.44190216064453,69944
2024-06-05 13:30:00-04:00,105.31999969482422,105.48999786376953,105.30999755859375,105.48999786376953,71932
2024-06-05 14:30:00-04:00,105.30999755859375,105.44000244140625,105.30000305175781,105.31999969482422,115696
2024-06-05 15:30:00-04:00,105.36000061035156,105.44999694824219,105.28500366210938,105.30000305175781,221876
2024-06-06 09:30:00-04:00,106.23999786376953,106.31999969482422,105.6500015258789,105.68000030517578,196871
2024-06-06 10:30:00-04:00,106.36000061035156,106.36000061035156,106.16999816894531,106.2300033569336,118153
2024-06-06 11:30:00-04:00,106.12999725341797,106.45999908447266,106.11990356445312,106.37000274658203,87355
2024-06-06 12:30:00-04:00,105.9885025024414,106.13999938964844,105.94499969482422,106.12999725341797,62703
2024-06-06 13:30:00-04:00,105.91999816894531,106.02999877929688,105.81999969482422,105.98999786376953,80406
2024-06-06 14:30:00-04:00,106.13999938964844,106.16000366210938,105.8949966430664,105.91500091552734,139808
2024-06-06 15:30:00-04:00,106.08999633789062,106.25,106.05999755859375,106.12999725341797,266871
2024-06-07 09:30:00-04:00,106.0199966430664,106.19499969482422,105.73999786376953,106.19499969482422,131976
2024-06-07 10:30:00-04:00,105.9000015258789,106.21499633789062,105.81999969482422,106.0199966430664,96901
2024-06-07 11:30:00-04:00,105.58000183105469,105.91000366210938,105.57499694824219,105.9000015258789,83435
2024-06-07 12:30:00-04:00,105.43000030517578,105.63999938964844,105.41999816894531,105.5999984741211,92910
2024-06-07 13:30:00-04:00,105.45999908447266,105.47000122070312,105.26000213623047,105.43499755859375,85826
2024-06-07 14:30:00-04:00,105.43000030517578,105.55000305175781,105.38999938964844,105.44999694824219,98166
2024-06-07 15:30:00-04:00,105.30999755859375,105.48500061035156,105.30999755859375,105.41999816894531,206972
2024-06-10 09:30:00-04:00,104.86000061035156,105.08999633789062,104.79000091552734,105.02999877929688,103394
2024-06-10 10:30:00-04:00,105.01000213623047,105.06999969482422,104.78109741210938,104.87000274658203,152205
2024-06-10 11:30:00-04:00,105.08000183105469,105.19999694824219,104.91999816894531,105.01000213623047,61116
2024-06-10 12:30:00-04:00,105.18000030517578,105.19000244140625,105.0,105.06999969482422,104932
2024-06-10 13:30:00-04:00,105.08499908447266,105.23999786376953,105.08000183105469,105.16999816894531,103039
2024-06-10 14:30:00-04:00,105.19999694824219,105.20999908447266,105.0199966430664,105.04000091552734,178250
2024-06-10 15:30:00-04:00,105.4000015258789,105.45999908447266,105.19999694824219,105.20999908447266,159059
2024-06-11 09:30:00-04:00,104.41500091552734,104.9800033569336,104.3499984741211,104.9800033569336,155332
2024-06-11 10:30:00-04:00,104.54000091552734,104.66500091552734,104.4000015258789,104.41500091552734,235568
2024-06-11 11:30:00-04:00,104.23999786376953,104.62999725341797,104.20500183105469,104.52999877929688,152583
2024-06-11 12:30:00-04:00,104.4749984741211,104.56500244140625,104.25,104.26000213623047,171478
2024-06-11 13:30:00-04:00,104.55999755859375,104.61000061035156,104.4000015258789,104.4749984741211,188401
2024-06-11 14:30:00-04:00,104.52999877929688,104.7750015258789,104.52999877929688,104.55999755859375,196904
2024-06-11 15:30:00-04:00,104.5,104.55999755859375,104.34500122070312,104.5199966430664,248199
2024-06-12 09:30:00-04:00,106.12000274658203,106.37000274658203,105.91000366210938,106.33000183105469,348424
2024-06-12 10:30:00-04:00,106.03500366210938,106.2699966430664,106.01000213623047,106.13500213623047,246019
2024-06-12 11:30:00-04:00,105.9749984741211,106.22000122070312,105.94999694824219,106.0199966430664,196688
2024-06-12 12:30:00-04:00,106.05999755859375,106.06999969482422,105.94000244140625,105.97010040283203,108799
2024-06-12 13:30:00-04:00,105.83999633789062,106.06999969482422,105.69000244140625,106.06999969482422,135672
2024-06-12 14:30:00-04:00,105.55999755859375,105.93000030517578,105.5199966430664,105.8499984741211,167579
2024-06-12 15:30:00-04:00,105.55000305175781,105.7699966430664,105.5199966430664,105.58000183105469,296746
2024-06-13 09:30:00-04:00,105.05000305175781,105.77999877929688,104.94999694824219,105.77999877929688,271014
2024-06-13 10:30:00-04:00,105.27999877929688,105.36000061035156,104.9800033569336,105.05999755859375,170003
2024-06-13 11:30:00-04:00,105.33999633789062,105.44499969482422,105.18000030517578,105.27999877929688,115747
2024-06-13 12:30:00-04:00,105.68000030517578,105.69999694824219,105.30999755859375,105.33000183105469,76373
2024-06-13 13:30:00-04:00,105.69999694824219,105.83560180664062,105.6500015258789,105.67009735107422,73947
2024-06-13 14:30:00-04:00,105.81999969482422,105.86000061035156,105.58999633789062,105.69000244140625,96720
2024-06-13 15:30:00-04:00,106.04000091552734,106.19000244140625,105.80999755859375,105.80999755859375,174373
2024-06-14 09:30:00-04:00,106.4000015258789,106.7699966430664,106.05000305175781,106.68000030517578,300915
2024-06-14 10:30:00-04:00,106.48999786376953,106.69989776611328,106.29000091552734,106.4000015258789,491812
2024-06-14 11:30:00-04:00,106.0,106.5199966430664,105.93000030517578,106.50499725341797,216860
2024-06-14 12:30:00-04:00,105.52999877929688,105.98999786376953,105.51000213623047,105.98999786376953,251823
2024-06-14 13:30:00-04:00,105.22000122070312,105.61499786376953,104.94999694824219,105.52999877929688,300913
2024-06-14 14:30:00-04:00,105.44999694824219,105.48500061035156,105.19000244140625,105.20999908447266,277571
2024-06-14 15:30:00-04:00,105.73999786376953,105.77999877929688,105.44000244140625,105.44999694824219,252582
2024-06-17 09:30:00-04:00,104.58000183105469,104.62000274658203,104.2300033569336,104.44000244140625,180862
2024-06-17 10:30:00-04:00,104.94000244140625,104.99500274658203,104.58000183105469,104.5999984741211,122591
2024-06-17 11:30:00-04:00,104.79000091552734,104.87999725341797,104.63999938964844,104.87999725341797,55576
2024-06-17 12:30:00-04:00,105.11000061035156,105.12000274658203,104.73500061035156,104.80000305175781,80566
2024-06-17 13:30:00-04:00,104.98999786376953,105.15499877929688,104.91999816894531,105.11499786376953,144594
2024-06-17 14:30:00-04:00,104.97000122070312,105.0291976928711,104.8550033569336,104.98999786376953,91162
2024-06-17 15:30:00-04:00,104.95999908447266,105.04000091552734,104.88500213623047,104.95999908447266,207149
2024-06-18 09:30:00-04:00,105.08000183105469,105.56999969482422,104.91000366210938,105.33000183105469,180426
2024-06-18 10:30:00-04:00,105.13999938964844,105.2300033569336,104.97000122070312,105.08000183105469,173262
2024-06-18 11:30:00-04:00,105.0,105.19989776611328,104.91000366210938,105.1500015258789,79240
2024-06-18 12:30:00-04:00,105.08999633789062,105.13999938964844,104.97000122070312,105.01000213623047,95078
2024-06-18 13:30:00-04:00,105.12999725341797,105.16999816894531,105.04499816894531,105.08999633789062,102925
2024-06-18 14:30:00-04:00,104.87000274658203,105.12999725341797,104.86000061035156,105.12000274658203,121120
2024-06-18 15:30:00-04:00,104.93000030517578,105.0,104.87000274658203,104.87999725341797,233167
2024-06-20 09:30:00-04:00,104.87999725341797,104.94999694824219,104.4000015258789,104.66000366210938,233633
2024-06-20 10:30:00-04:00,105.75,105.8499984741211,104.83999633789062,104.87999725341797,373019
2024-06-20 11:30:00-04:00,105.51000213623047,105.76000213623047,105.4000015258789,105.72000122070312,138486
2024-06-20 12:30:00-04:00,105.30500030517578,105.56999969482422,105.27999877929688,105.5,69847
2024-06-20 13:30:00-04:00,105.61000061035156,105.67500305175781,105.19000244140625,105.30000305175781,71726
2024-06-20 14:30:00-04:00,105.54000091552734,105.66999816894531,105.45999908447266,105.61000061035156,99944
2024-06-20 15:30:00-04:00,105.75,105.75,105.44999694824219,105.54109954833984,184190
2024-06-21 09:30:00-04:00,105.62000274658203,105.70999908447266,105.2699966430664,105.38999938964844,115887
2024-06-21 10:30:00-04:00,104.95999908447266,105.62999725341797,104.44000244140625,105.61000061035156,283652
2024-06-21 11:30:00-04:00,105.06999969482422,105.12740325927734,104.75,104.94999694824219,91372
2024-06-21 12:30:00-04:00,105.13500213623047,105.23999786376953,105.02999877929688,105.06999969482422,57439
2024-06-21 13:30:00-04:00,105.16500091552734,105.20980072021484,104.95999908447266,105.12000274658203,128957
2024-06-21 14:30:00-04:00,105.18000030517578,105.23999786376953,105.08999633789062,105.1500015258789,103910
2024-06-21 15:30:00-04:00,105.16999816894531,105.41999816894531,105.06999969482422,105.16999816894531,298586
2024-06-24 09:30:00-04:00,107.41999816894531,107.66999816894531,107.2699966430664,107.47000122070312,403916
2024-06-24 10:30:00-04:00,107.4000015258789,107.66999816894531,107.4000015258789,107.43000030517578,232285
2024-06-24 11:30:00-04:00,107.47000122070312,107.56999969482422,107.33000183105469,107.41000366210938,110667
2024-06-24 12:30:00-04:00,107.36000061035156,107.5,107.25,107.47000122070312,109693
2024-06-24 13:30:00-04:00,107.44000244140625,107.58000183105469,107.3499984741211,107.3499984741211,125763
2024-06-24 14:30:00-04:00,107.0999984741211,107.48500061035156,107.08999633789062,107.44000244140625,198867
2024-06-24 15:30:00-04:00,106.91000366210938,107.16000366210938,106.91000366210938,107.1050033569336,288382
2024-06-25 09:30:00-04:00,107.11990356445312,107.2300033569336,106.79000091552734,107.22000122070312,158652
2024-06-25 10:30:00-04:00,107.06900024414062,107.1500015258789,106.94010162353516,107.11000061035156,118164
2024-06-25 11:30:00-04:00,106.98999786376953,107.16000366210938,106.9800033569336,107.06999969482422,79330
2024-06-25 12:30:00-04:00,107.03160095214844,107.04000091552734,106.88999938964844,106.9800033569336,64162
2024-06-25 13:30:00-04:00,107.20500183105469,107.20500183105469,107.04000091552734,107.04000091552734,56732
2024-06-25 14:30:00-04:00,107.22000122070312,107.2300033569336,107.1500015258789,107.19000244140625,96177
2024-06-25 15:30:00-04:00,107.37000274658203,107.4000015258789,107.13999938964844,107.22000122070312,177821
2024-06-26 09:30:00-04:00,106.80999755859375,106.87000274658203,106.52999877929688,106.76000213623047,190530
2024-06-26 10:30:00-04:00,106.87000274658203,107.04000091552734,106.68000030517578,106.80000305175781,183402
2024-06-26 11:30:00-04:00,107.30000305175781,107.30999755859375,106.80010223388672,106.8395004272461,116924
2024-06-26 12:30:00-04:00,107.05999755859375,107.33999633789062,106.97000122070312,107.29000091552734,153863
2024-06-26 13:30:00-04:00,107.29000091552734,107.30999755859375,107.05999755859375,107.05999755859375,111335
2024-06-26 14:30:00-04:00,107.16999816894531,107.30000305175781,107.15499877929688,107.30000305175781,128674
2024-06-26 15:30:00-04:00,107.08999633789062,107.26000213623047,107.05000305175781,107.16000366210938,280268
2024-06-27 09:30:00-04:00,106.73999786376953,106.77999877929688,106.48999786376953,106.6500015258789,172808
2024-06-27 10:30:00-04:00,106.29000091552734,106.76000213623047,106.2699966430664,106.73999786376953,225835
2024-06-27 11:30:00-04:00,106.31999969482422,106.33000183105469,106.11000061035156,106.29000091552734,128977
2024-06-27 12:30:00-04:00,106.41000366210938,106.41000366210938,106.21499633789062,106.31999969482422,88349
2024-06-27 13:30:00-04:00,106.1500015258789,106.54000091552734,106.12909698486328,106.41000366210938,170868
2024-06-27 14:30:00-04:00,106.37999725341797,106.47000122070312,106.12000274658203,106.13999938964844,120228
2024-06-27 15:30:00-04:00,106.55999755859375,106.61000061035156,106.4000015258789,106.41000366210938,288984
2024-06-28 09:30:00-04:00,107.05500030517578,107.12000274658203,106.73999786376953,106.75,167411
2024-06-28 10:30:00-04:00,106.94499969482422,107.08999633789062,106.7699966430664,107.06999969482422,143963
2024-06-28 11:30:00-04:00,106.73999786376953,106.9489974975586,106.66999816894531,106.9489974975586,127750
2024-06-28 12:30:00-04:00,106.77999877929688,106.94499969482422,106.75,106.75,88786
2024-06-28 13:30:00-04:00,106.6500015258789,106.80000305175781,106.61000061035156,106.79000091552734,177482
2024-06-28 14:30:00-04:00,106.30999755859375,106.67500305175781,106.23999786376953,106.6500015258789,194754
2024-06-28 15:30:00-04:00,106.4800033569336,106.48999786376953,106.23500061035156,106.30999755859375,412500
2024-07-01 09:30:00-04:00,107.12999725341797,107.62000274658203,106.51000213623047,106.58000183105469,288252
2024-07-01 10:30:00-04:00,106.94999694824219,107.12000274658203,106.75,107.12000274658203,128339
2024-07-01 11:30:00-04:00,106.56999969482422,106.93000030517578,106.48999786376953,106.93000030517578,67033
2024-07-01 12:30:00-04:00,106.51000213623047,106.6500015258789,106.51000213623047,106.55999755859375,63791
2024-07-01 13:30:00-04:00,106.38999938964844,106.54000091552734,106.37000274658203,106.5,85318
2024-07-01 14:30:00-04:00,106.44999694824219,106.5250015258789,106.30000305175781,106.37000274658203,190654
2024-07-01 15:30:00-04:00,106.54000091552734,106.62999725341797,106.44000244140625,106.44999694824219,245729
2024-07-02 09:30:00-04:00,106.27999877929688,106.37000274658203,105.8949966430664,106.31999969482422,190819
2024-07-02 10:30:00-04:00,106.56999969482422,106.6500015258789,106.22000122070312,106.31999969482422,204499
2024-07-02 11:30:00-04:00,106.63999938964844,106.68000030517578,106.38999938964844,106.58999633789062,93159
2024-07-02 12:30:00-04:00,106.3499984741211,106.67179870605469,106.33999633789062,106.62999725341797,83569
2024-07-02 13:30:00-04:00,106.5199966430664,106.58000183105469,106.33999633789062,106.3499984741211,77458
2024-07-02 14:30:00-04:00,106.56999969482422,106.5999984741211,106.45330047607422,106.48999786376953,122780
2024-07-02 15:30:00-04:00,106.47000122070312,106.56999969482422,106.38999938964844,106.56999969482422,228649
2024-07-03 09:30:00-04:00,106.80000305175781,107.0250015258789,106.56999969482422,106.56999969482422,159598
2024-07-03 10:30:00-04:00,106.80000305175781,106.87999725341797,106.54000091552734,106.79000091552734,153686
2024-07-03 11:30:00-04:00,106.61000061035156,106.75,106.51000213623047,106.75,78785
2024-07-05 09:30:00-04:00,107.30999755859375,108.21600341796875,107.2699966430664,108.18000030517578,272325
2024-07-05 10:30:00-04:00,107.62999725341797,107.66000366210938,107.29010009765625,107.30999755859375,157297
2024-07-05 11:30:00-04:00,107.69000244140625,107.9000015258789,107.58000183105469,107.62999725341797,112027
2024-07-05 12:30:00-04:00,107.72000122070312,107.75,107.62000274658203,107.69999694824219,57173
2024-07-05 13:30:00-04:00,108.0,108.0199966430664,107.7249984741211,107.7249984741211,83398
2024-07-05 14:30:00-04:00,107.81999969482422,108.04000091552734,107.81999969482422,108.0,134741
2024-07-05 15:30:00-04:00,108.0999984741211,108.18000030517578,107.81999969482422,107.81999969482422,245126
2024-07-08 09:30:00-04:00,108.62999725341797,108.79000091552734,108.41999816894531,108.68000030517578,286506
2024-07-08 10:30:00-04:00,108.33999633789062,108.75,108.33000183105469,108.62999725341797,188111
2024-07-08 11:30:00-04:00,108.12000274658203,108.30999755859375,107.9000015258789,108.30000305175781,77881
2024-07-08 12:30:00-04:00,108.12999725341797,108.30999755859375,108.06999969482422,108.12000274658203,67767
2024-07-08 13:30:00-04:00,108.19999694824219,108.23999786376953,108.12999725341797,108.12999725341797,65182
2024-07-08 14:30:00-04:00,108.08000183105469,108.20999908447266,107.9800033569336,108.19999694824219,384464
2024-07-08 15:30:00-04:00,108.04000091552734,108.11000061035156,107.87000274658203,108.06999969482422,244028
2024-07-09 09:30:00-04:00,108.23999786376953,108.87999725341797,108.04000091552734,108.87999725341797,389271
2024-07-09 10:30:00-04:00,107.94000244140625,108.54000091552734,107.81999969482422,108.26000213623047,149931
2024-07-09 11:30:00-04:00,108.12999725341797,108.12999725341797,107.91999816894531,107.94999694824219,121756
2024-07-09 12:30:00-04:00,108.20999908447266,108.33999633789062,108.11000061035156,108.1500015258789,75619
2024-07-09 13:30:00-04:00,108.22000122070312,108.36000061035156,108.15509796142578,108.19000244140625,79469
2024-07-09 14:30:00-04:00,108.09500122070312,108.2300033569336,108.04100036621094,108.20999908447266,195790
2024-07-09 15:30:00-04:00,108.2300033569336,108.3499984741211,108.09100341796875,108.0999984741211,228633
2024-07-10 09:30:00-04:00,108.94000244140625,108.9800033569336,108.22000122070312,108.29000091552734,126760
2024-07-10 10:30:00-04:00,109.22000122070312,109.29000091552734,108.87999725341797,108.92500305175781,153993
2024-07-10 11:30:00-04:00,109.30999755859375,109.45999908447266,109.13999938964844,109.19999694824219,204679
2024-07-10 12:30:00-04:00,109.5,109.62000274658203,109.27999877929688,109.30000305175781,153461
2024-07-10 13:30:00-04:00,109.37999725341797,109.52999877929688,109.36009979248047,109.48999786376953,82335
2024-07-10 14:30:00-04:00,109.44999694824219,109.5,109.37999725341797,109.38999938964844,139443
2024-07-10 15:30:00-04:00,109.94999694824219,109.94999694824219,109.44999694824219,109.45500183105469,241225
2024-07-11 09:30:00-04:00,111.26000213623047,111.70500183105469,111.16999816894531,111.30000305175781,538487
2024-07-11 10:30:00-04:00,110.9000015258789,111.2699966430664,110.73999786376953,111.25,432957
2024-07-11 11:30:00-04:00,110.87999725341797,111.02999877929688,110.79000091552734,110.87999725341797,244501
2024-07-11 12:30:00-04:00,110.61000061035156,110.9000015258789,110.61000061035156,110.87999725341797,129701
2024-07-11 13:30:00-04:00,110.4800033569336,110.68000030517578,110.4800033569336,110.62000274658203,95062
2024-07-11 14:30:00-04:00,110.43000030517578,110.54180145263672,110.36499786376953,110.48500061035156,133947
2024-07-11 15:30:00-04:00,110.48999786376953,110.625,110.44000244140625,110.44000244140625,229368
2024-07-12 09:30:00-04:00,112.47000122070312,112.47000122070312,112.0199966430664,112.2300033569336,434497
2024-07-12 10:30:00-04:00,111.8499984741211,112.4800033569336,111.73999786376953,112.47000122070312,211074
2024-07-12 11:30:00-04:00,111.84500122070312,111.86000061035156,111.5999984741211,111.80000305175781,141047
2024-07-12 12:30:00-04:00,112.13999938964844,112.1500015258789,111.82499694824219,111.83999633789062,81351
2024-07-12 13:30:00-04:00,112.2249984741211,112.30999755859375,112.12000274658203,112.1500015258789,142701
2024-07-12 14:30:00-04:00,112.04499816894531,112.2249984741211,112.02110290527344,112.22000122070312,174833
2024-07-12 15:30:00-04:00,111.70999908447266,112.05999755859375,111.69000244140625,112.05000305175781,325440
2024-07-15 09:30:00-04:00,111.05000305175781,112.04000091552734,111.0199966430664,112.04000091552734,294626
2024-07-15 10:30:00-04:00,110.66999816894531,111.06999969482422,110.62999725341797,111.06999969482422,265578
2024-07-15 11:30:00-04:00,110.69999694824219,110.80999755859375,110.58000183105469,110.66999816894531,80199
2024-07-15 12:30:00-04:00,110.5199966430664,110.7699966430664,110.5199966430664,110.68000030517578,80776
2024-07-15 13:30:00-04:00,110.48500061035156,110.5199966430664,110.36000061035156,110.5199966430664,113288
2024-07-15 14:30:00-04:00,110.62999725341797,110.70500183105469,110.45999908447266,110.48899841308594,157363
2024-07-15 15:30:00-04:00,110.36000061035156,110.68000030517578,110.2300033569336,110.63999938964844,284807
2024-07-16 09:30:00-04:00,110.44999694824219,110.58999633789062,110.01000213623047,110.02999877929688,151620
2024-07-16 10:30:00-04:00,110.33000183105469,110.5199966430664,110.26000213623047,110.41999816894531,124202
2024-07-16 11:30:00-04:00,110.26000213623047,110.37999725341797,110.1500015258789,110.33000183105469,77842
2024-07-16 12:30:00-04:00,110.23999786376953,110.36000061035156,110.16000366210938,110.25499725341797,68628
2024-07-16 13:30:00-04:00,110.38999938964844,110.5250015258789,110.22000122070312,110.22000122070312,84515
2024-07-16 14:30:00-04:00,110.48500061035156,110.5,110.3499984741211,110.37999725341797,111348
2024-07-16 15:30:00-04:00,110.54499816894531,110.62000274658203,110.41000366210938,110.4800033569336,199472
2024-07-17 09:30:00-04:00,112.08999633789062,112.33000183105469,111.0,111.18000030517578,350402
2024-07-17 10:30:00-04:00,111.79000091552734,112.12999725341797,111.62000274658203,112.08000183105469,198411
2024-07-17 11:30:00-04:00,111.7300033569336,111.97260284423828,111.6500015258789,111.80000305175781,121113
2024-07-17 12:30:00-04:00,111.52999877929688,111.77999877929688,111.44999694824219,111.7300033569336,137232
2024-07-17 13:30:00-04:00,111.55999755859375,111.62000274658203,111.19999694824219,111.51000213623047,226182
2024-07-17 14:30:00-04:00,111.79000091552734,111.93990325927734,111.47000122070312,111.55500030517578,302338
2024-07-17 15:30:00-04:00,111.81999969482422,111.9000015258789,111.70999908447266,111.79000091552734,358837
2024-07-18 09:30:00-04:00,107.89009857177734,108.11000061035156,106.91999816894531,107.0,1164900
2024-07-18 10:30:00-04:00,107.38999938964844,108.29000091552734,107.1500015258789,107.88999938964844,494757
2024-07-18 11:30:00-04:00,107.06999969482422,107.56999969482422,107.05999755859375,107.37000274658203,232539
2024-07-18 12:30:00-04:00,106.97000122070312,107.1500015258789,106.7750015258789,107.07499694824219,226116
2024-07-18 13:30:00-04:00,106.9800033569336,107.08000183105469,106.66999816894531,106.97000122070312,299418
2024-07-18 14:30:00-04:00,107.19509887695312,107.36000061035156,106.93000030517578,106.98999786376953,497255
2024-07-18 15:30:00-04:00,107.2300033569336,107.25,107.0,107.19000244140625,415661
2024-07-19 09:30:00-04:00,105.91000366210938,106.51000213623047,105.82499694824219,106.3499984741211,301656
2024-07-19 10:30:00-04:00,105.9800033569336,106.06999969482422,105.72000122070312,105.88999938964844,268915
2024-07-19 11:30:00-04:00,106.30999755859375,106.52999877929688,105.7699966430664,105.98999786376953,171394
2024-07-19 12:30:00-04:00,106.44999694824219,106.47000122070312,106.2300033569336,106.33000183105469,122438
2024-07-19 13:30:00-04:00,106.0199966430664,106.45999908447266,106.0199966430664,106.44000244140625,179134
2024-07-19 14:30:00-04:00,106.27999877929688,106.37999725341797,105.97000122070312,106.0199966430664,179809
2024-07-19 15:30:00-04:00,106.13999938964844,106.36000061035156,106.08999633789062,106.27999877929688,351279
2024-07-22 09:30:00-04:00,107.9000015258789,108.33999633789062,107.58499908447266,107.95999908447266,273442
2024-07-22 10:30:00-04:00,108.22000122070312,108.33000183105469,107.86000061035156,107.91999816894531,163871
2024-07-22 11:30:00-04:00,108.19999694824219,108.26000213623047,108.11000061035156,108.22000122070312,209573
2024-07-22 12:30:00-04:00,108.61499786376953,108.68000030517578,108.18000030517578,108.20780181884766,128075
2024-07-22 13:30:00-04:00,108.5999984741211,108.69000244140625,108.4800033569336,108.58999633789062,106146
2024-07-22 14:30:00-04:00,108.5,108.67500305175781,108.44999694824219,108.59500122070312,157635
2024-07-22 15:30:00-04:00,108.75,108.75,108.43000030517578,108.49500274658203,342533
2024-07-23 09:30:00-04:00,107.25,108.1500015258789,107.25,108.12000274658203,133793
2024-07-23 10:30:00-04:00,107.7300033569336,107.83999633789062,107.2300033569336,107.2300033569336,161469
2024-07-23 11:30:00-04:00,107.91000366210938,108.01000213623047,107.76000213623047,107.76000213623047,93557
2024-07-23 12:30:00-04:00,107.56999969482422,107.94000244140625,107.4800033569336,107.9000015258789,161247
2024-07-23 13:30:00-04:00,107.7699966430664,107.85990142822266,107.55999755859375,107.57499694824219,165142
2024-07-23 14:30:00-04:00,107.72000122070312,107.80999755859375,107.68000030517578,107.76000213623047,207607
2024-07-23 15:30:00-04:00,107.69999694824219,107.87000274658203,107.63999938964844,107.70999908447266,315462
2024-07-24 09:30:00-04:00,109.0199966430664,109.02999877929688,108.1500015258789,108.25,148557
2024-07-24 10:30:00-04:00,108.94000244140625,109.05000305175781,108.86000061035156,109.0199966430664,148605
2024-07-24 11:30:00-04:00,109.63999938964844,109.63999938964844,108.91000366210938,108.93000030517578,114100
2024-07-24 12:30:00-04:00,109.69000244140625,109.73500061035156,109.55999755859375,109.62000274658203,107899
2024-07-24 13:30:00-04:00,109.6500015258789,109.79000091552734,109.62000274658203,109.68000030517578,112694
2024-07-24 14:30:00-04:00,109.61000061035156,109.73999786376953,109.55999755859375,109.65499877929688,229502
2024-07-24 15:30:00-04:00,109.27999877929688,109.68000030517578,108.5199966430664,109.5999984741211,1229435
2024-07-25 09:30:00-04:00,110.12000274658203,110.30999755859375,109.36000061035156,109.37999725341797,363732
2024-07-25 10:30:00-04:00,110.08899688720703,110.16000366210938,109.62999725341797,110.08000183105469,202358
2024-07-25 11:30:00-04:00,110.31999969482422,110.51000213623047,110.0250015258789,110.08000183105469,111937
2024-07-25 12:30:00-04:00,110.23999786376953,110.38999938964844,110.16999816894531,110.33000183105469,69772
2024-07-25 13:30:00-04:00,109.8333969116211,110.25,109.83000183105469,110.2249984741211,62389
2024-07-25 14:30:00-04:00,109.99500274658203,110.01000213623047,109.69999694824219,109.8499984741211,111565
2024-07-25 15:30:00-04:00,109.90499877929688,110.1050033569336,109.80500030517578,110.0,265507
2024-07-26 09:30:00-04:00,109.86599731445312,110.26000213623047,109.83999633789062,110.04000091552734,195236
2024-07-26 10:30:00-04:00,110.4000015258789,110.41000366210938,109.66999816894531,109.9000015258789,131029
2024-07-26 11:30:00-04:00,110.58000183105469,110.58000183105469,110.30500030517578,110.375,65113
2024-07-26 12:30:00-04:00,110.59500122070312,110.66999816894531,110.5,110.5999984741211,50552
2024-07-26 13:30:00-04:00,110.52999877929688,110.6500015258789,110.33999633789062,110.58999633789062,86410
2024-07-26 14:30:00-04:00,110.51000213623047,110.58999633789062,110.3499984741211,110.52999877929688,98106
2024-07-26 15:30:00-04:00,110.27999877929688,110.54000091552734,110.2699966430664,110.51000213623047,179829
2024-07-29 09:30:00-04:00,110.77999877929688,111.16000366210938,110.76000213623047,110.98999786376953,146264
2024-07-29 10:30:00-04:00,110.7300033569336,110.79000091552734,110.44000244140625,110.76000213623047,263932
2024-07-29 11:30:00-04:00,110.93499755859375,110.98999786376953,110.70999908447266,110.7300033569336,51590
2024-07-29 12:30:00-04:00,110.75,110.95999908447266,110.7300033569336,110.94000244140625,71222
2024-07-29 13:30:00-04:00,110.75,110.80000305175781,110.66000366210938,110.73999786376953,70450
2024-07-29 14:30:00-04:00,110.66500091552734,110.7699966430664,110.62999725341797,110.74009704589844,84148
2024-07-29 15:30:00-04:00,110.66000366210938,110.8550033569336,110.62000274658203,110.6500015258789,148427
2024-07-30 09:30:00-04:00,110.97000122070312,111.20999908447266,110.72000122070312,111.1050033569336,151717
2024-07-30 10:30:00-04:00,111.16999816894531,111.19999694824219,110.79000091552734,110.97000122070312,129933
2024-07-30 11:30:00-04:00,111.22000122070312,111.26000213623047,111.11000061035156,111.17009735107422,99985
2024-07-30 12:30:00-04:00,111.38999938964844,111.4000015258789,111.16999816894531,111.19999694824219,142585
2024-07-30 13:30:00-04:00,111.91000366210938,111.9800033569336,111.4000015258789,111.40499877929688,154370
2024-07-30 14:30:00-04:00,111.84500122070312,111.97000122070312,111.69999694824219,111.91999816894531,147621
2024-07-30 15:30:00-04:00,111.93000030517578,112.1449966430664,111.82499694824219,111.83999633789062,264409
2024-07-31 09:30:00-04:00,111.93000030517578,112.20999908447266,111.41000366210938,112.19999694824219,354155
2024-07-31 10:30:00-04:00,112.01000213623047,112.05999755859375,111.75,111.94000244140625,157546
2024-07-31 11:30:00-04:00,111.91999816894531,112.02999877929688,111.69999694824219,111.97000122070312,62917
2024-07-31 12:30:00-04:00,111.87000274658203,111.95999908447266,111.77999877929688,111.94000244140625,56446
2024-07-31 13:30:00-04:00,111.9749984741211,112.0199966430664,111.77999877929688,111.86000061035156,57261
2024-07-31 14:30:00-04:00,111.7300033569336,112.19000244140625,111.54000091552734,111.98999786376953,148854
2024-07-31 15:30:00-04:00,111.44999694824219,111.94000244140625,111.4000015258789,111.69999694824219,242191
2024-08-01 09:30:00-04:00,111.80500030517578,112.41000366210938,111.52999877929688,112.0,105953
2024-08-01 10:30:00-04:00,112.1500015258789,112.1500015258789,111.38999938964844,111.81999969482422,118685
2024-08-01 11:30:00-04:00,111.9000015258789,112.41999816894531,111.51000213623047,112.16999816894531,115312
2024-08-01 12:30:00-04:00,112.28829956054688,112.36000061035156,111.77999877929688,111.91000366210938,97664
2024-08-01 13:30:00-04:00,112.23500061035156,112.29000091552734,112.15499877929688,112.26000213623047,91893
2024-08-01 14:30:00-04:00,112.3550033569336,112.4000015258789,112.12999725341797,112.22000122070312,211735
2024-08-01 15:30:00-04:00,112.11000061035156,112.48999786376953,112.0999984741211,112.36000061035156,274415
2024-08-02 09:30:00-04:00,112.19000244140625,113.0,112.1500015258789,112.30000305175781,412958
2024-08-02 10:30:00-04:00,112.4000015258789,112.44999694824219,111.9749984741211,112.19000244140625,415716
2024-08-02 11:30:00-04:00,112.61000061035156,112.73989868164062,112.13999938964844,112.44000244140625,176811
2024-08-02 12:30:00-04:00,112.70760345458984,112.8499984741211,112.56999969482422,112.5999984741211,86715
2024-08-02 13:30:00-04:00,112.47000122070312,112.72000122070312,112.25,112.72000122070312,94846
2024-08-02 14:30:00-04:00,112.66999816894531,112.70999908447266,112.3550033569336,112.47850036621094,106754
2024-08-02 15:30:00-04:00,112.8499984741211,112.9800033569336,112.60220336914062,112.66999816894531,216402
2024-08-05 09:30:00-04:00,110.37999725341797,111.33999633789062,110.32499694824219,111.02999877929688,504946
2024-08-05 10:30:00-04:00,109.9000015258789,110.68000030517578,109.66000366210938,110.47000122070312,357069
2024-08-05 11:30:00-04:00,110.5999984741211,110.64749908447266,109.7300033569336,109.9000015258789,154590
2024-08-05 12:30:00-04:00,110.08989715576172,110.60990142822266,109.93000030517578,110.58000183105469,86664
2024-08-05 13:30:00-04:00,110.45999908447266,110.48999786376953,109.93000030517578,110.05000305175781,89014
2024-08-05 14:30:00-04:00,109.95899963378906,110.5,109.94999694824219,110.44999694824219,120443
2024-08-05 15:30:00-04:00,109.8499984741211,110.08000183105469,109.73999786376953,109.94999694824219,218384
2024-08-06 09:30:00-04:00,109.43000030517578,109.59500122070312,108.4800033569336,108.52999877929688,290058
2024-08-06 10:30:00-04:00,109.5199966430664,109.80000305175781,109.2699966430664,109.44999694824219,331039
2024-08-06 11:30:00-04:00,110.0,110.04499816894531,109.45999908447266,109.52999877929688,120435
2024-08-06 12:30:00-04:00,110.16999816894531,110.25499725341797,109.98999786376953,110.0,66877
2024-08-06 13:30:00-04:00,110.44000244140625,110.5,110.1500015258789,110.19000244140625,91626
2024-08-06 14:30:00-04:00,110.41999816894531,110.69000244140625,110.28500366210938,110.44000244140625,163543
2024-08-06 15:30:00-04:00,110.05999755859375,110.48999786376953,110.02999877929688,110.4000015258789,264682
2024-08-07 09:30:00-04:00,112.0199966430664,112.0199966430664,111.12999725341797,111.2699966430664,263076
2024-08-07 10:30:00-04:00,111.87000274658203,112.19000244140625,111.62999725341797,112.05999755859375,232090
2024-08-07 11:30:00-04:00,111.62999725341797,111.97000122070312,111.49500274658203,111.84500122070312,122557
2024-08-07 12:30:00-04:00,111.1500015258789,111.63999938964844,111.1500015258789,111.62999725341797,84716
2024-08-07 13:30:00-04:00,111.0,111.27999877929688,110.91999816894531,111.18000030517578,143780
2024-08-07 14:30:00-04:00,111.11000061035156,111.12999725341797,110.75,111.0,226812
2024-08-07 15:30:00-04:00,111.16000366210938,111.22000122070312,111.04000091552734,111.0999984741211,206693
2024-08-08 09:30:00-04:00,111.11000061035156,111.13980102539062,110.4800033569336,110.5999984741211,210438
2024-08-08 10:30:00-04:00,110.76000213623047,111.18000030517578,110.61000061035156,111.11000061035156,160947
2024-08-08 11:30:00-04:00,110.77999877929688,110.94999694824219,110.70999908447266,110.80000305175781,84664
2024-08-08 12:30:00-04:00,110.98999786376953,110.98999786376953,110.53500366210938,110.77999877929688,68057
2024-08-08 13:30:00-04:00,111.23500061035156,111.3290023803711,110.9800033569336,111.0,79902
2024-08-08 14:30:00-04:00,111.17500305175781,111.45999908447266,111.11000061035156,111.25,103248
2024-08-08 15:30:00-04:00,111.0199966430664,111.23999786376953,111.01000213623047,111.18000030517578,147267
2024-08-09 09:30:00-04:00,112.02999877929688,112.12999725341797,111.51000213623047,111.55999755859375,218820
2024-08-09 10:30:00-04:00,111.83000183105469,112.0199966430664,111.77999877929688,112.0,146893
2024-08-09 11:30:00-04:00,112.01000213623047,112.05999755859375,111.76000213623047,111.83000183105469,60771
2024-08-09 12:30:00-04:00,112.11000061035156,112.12000274658203,111.91000366210938,112.01000213623047,99701
2024-08-09 13:30:00-04:00,111.79499816894531,112.16000366210938,111.76000213623047,112.12999725341797,110913
2024-08-09 14:30:00-04:00,111.80000305175781,111.86000061035156,111.69000244140625,111.81849670410156,165974
2024-08-09 15:30:00-04:00,111.88999938964844,112.0,111.76000213623047,111.80999755859375,198106
2024-08-12 09:30:00-04:00,111.36499786376953,111.48999786376953,111.0999984741211,111.45999908447266,171591
2024-08-12 10:30:00-04:00,111.73999786376953,111.94999694824219,111.4000015258789,111.4000015258789,199953
2024-08-12 11:30:00-04:00,111.70999908447266,111.80999755859375,111.55999755859375,111.63130187988281,51052
2024-08-12 12:30:00-04:00,111.80999755859375,111.83999633789062,111.58999633789062,111.76000213623047,44034
2024-08-12 13:30:00-04:00,111.37999725341797,111.84390258789062,111.37000274658203,111.80999755859375,95211
2024-08-12 14:30:00-04:00,111.55000305175781,111.68000030517578,111.37999725341797,111.4000015258789,78338
2024-08-12 15:30:00-04:00,111.41000366210938,111.61000061035156,111.30999755859375,111.55000305175781,204595
2024-08-13 09:30:00-04:00,111.69999694824219,112.05000305175781,111.58999633789062,111.5999984741211,196567
2024-08-13 10:30:00-04:00,112.18000030517578,112.26000213623047,111.61000061035156,111.69999694824219,168789
2024-08-13 11:30:00-04:00,112.02999877929688,112.2300033569336,111.94999694824219,112.19999694824219,64543
2024-08-13 12:30:00-04:00,111.98999786376953,112.12999725341797,111.9800033569336,112.0199966430664,84178
2024-08-13 13:30:00-04:00,112.1698989868164,112.20999908447266,111.98999786376953,112.01000213623047,82046
2024-08-13 14:30:00-04:00,112.55500030517578,112.55999755859375,112.13999938964844,112.13999938964844,209535
2024-08-13 15:30:00-04:00,112.54000091552734,112.62000274658203,112.5,112.55000305175781,161886
2024-08-14 09:30:00-04:00,113.08000183105469,113.19999694824219,112.66000366210938,112.80999755859375,171139
2024-08-14 10:30:00-04:00,113.66999816894531,113.91999816894531,113.05500030517578,113.06999969482422,215130
2024-08-14 11:30:00-04:00,113.56999969482422,113.88999938964844,113.55000305175781,113.6500015258789,83669
2024-08-14 12:30:00-04:00,113.48999786376953,113.58999633789062,113.37999725341797,113.56999969482422,58836
2024-08-14 13:30:00-04:00,113.38999938964844,113.55000305175781,113.36900329589844,113.48999786376953,60928
2024-08-14 14:30:00-04:00,113.44999694824219,113.53990173339844,113.30999755859375,113.3949966430664,120818
2024-08-14 15:30:00-04:00,113.5199966430664,113.56500244140625,113.34500122070312,113.43499755859375,207276
2024-08-15 09:30:00-04:00,113.5719985961914,113.63999938964844,113.05999755859375,113.62000274658203,173606
2024-08-15 10:30:00-04:00,113.33000183105469,113.6604995727539,113.31999969482422,113.56999969482422,120703
2024-08-15 11:30:00-04:00,113.47000122070312,113.5199966430664,113.26000213623047,113.31999969482422,66642
2024-08-15 12:30:00-04:00,113.33000183105469,113.5199966430664,113.31999969482422,113.4800033569336,48038
2024-08-15 13:30:00-04:00,113.30000305175781,113.38999938964844,113.24500274658203,113.33499908447266,37795
2024-08-15 14:30:00-04:00,113.47599792480469,113.5199966430664,113.30000305175781,113.31500244140625,79796
2024-08-15 15:30:00-04:00,113.33000183105469,113.58999633789062,113.16999816894531,113.4800033569336,212752
2024-08-16 09:30:00-04:00,114.43000030517578,114.62999725341797,114.18000030517578,114.62999725341797,287952
2024-08-16 10:30:00-04:00,114.51000213623047,114.62000274658203,114.25,114.41999816894531,131078
2024-08-16 11:30:00-04:00,114.51000213623047,114.5999984741211,114.30999755859375,114.43000030517578,130883
2024-08-16 12:30:00-04:00,114.68949890136719,114.70999908447266,114.41000366210938,114.5199966430664,91215
2024-08-16 13:30:00-04:00,114.72000122070312,114.75499725341797,114.64019775390625,114.69999694824219,56836
2024-08-16 14:30:00-04:00,114.6500015258789,114.91000366210938,114.6449966430664,114.72000122070312,86875
2024-08-16 15:30:00-04:00,114.70999908447266,114.83999633789062,114.63999938964844,114.63999938964844,186633
2024-08-19 09:30:00-04:00,115.7699966430664,115.7699966430664,114.80000305175781,115.06999969482422,130064
2024-08-19 10:30:00-04:00,115.9800033569336,116.11000061035156,115.70999908447266,115.73999786376953,143144
2024-08-19 11:30:00-04:00,116.04000091552734,116.0999984741211,115.81999969482422,115.97250366210938,107167
2024-08-19 12:30:00-04:00,116.11000061035156,116.16999816894531,115.9363021850586,116.00499725341797,69998
2024-08-19 13:30:00-04:00,115.73999786376953,116.11000061035156,115.73999786376953,116.11000061035156,92377
2024-08-19 14:30:00-04:00,115.76000213623047,115.87999725341797,115.70999908447266,115.75,98819
2024-08-19 15:30:00-04:00,115.94000244140625,115.94000244140625,115.6500015258789,115.76000213623047,165949
2024-08-20 09:30:00-04:00,116.92250061035156,116.93000030517578,116.44999694824219,116.58000183105469,262901
2024-08-20 10:30:00-04:00,116.91999816894531,117.4000015258789,116.8499984741211,116.87999725341797,201714
2024-08-20 11:30:00-04:00,116.93000030517578,116.97820281982422,116.80000305175781,116.93000030517578,90125
2024-08-20 12:30:00-04:00,117.08000183105469,117.13999938964844,116.91500091552734,116.93000030517578,74395
2024-08-20 13:30:00-04:00,117.12999725341797,117.19499969482422,116.9999008178711,117.08999633789062,57116
2024-08-20 14:30:00-04:00,116.98999786376953,117.16999816894531,116.95999908447266,117.12100219726562,132884
2024-08-20 15:30:00-04:00,117.12999725341797,117.19000244140625,116.97000122070312,116.99500274658203,202649
2024-08-21 09:30:00-04:00,117.0199966430664,117.52999877929688,117.00499725341797,117.27999877929688,149021
2024-08-21 10:30:00-04:00,117.58000183105469,117.63999938964844,116.91999816894531,117.03880310058594,123030
2024-08-21 11:30:00-04:00,117.47000122070312,117.58999633789062,117.38500213623047,117.55999755859375,90944
2024-08-21 12:30:00-04:00,117.4800033569336,117.527099609375,117.33000183105469,117.45030212402344,48862
2024-08-21 13:30:00-04:00,117.75,117.75,117.44000244140625,117.4800033569336,74584
2024-08-21 14:30:00-04:00,117.5,117.75,117.43000030517578,117.73999786376953,70970
2024-08-21 15:30:00-04:00,117.5999984741211,117.62999725341797,117.37999725341797,117.51000213623047,127658
2024-08-22 09:30:00-04:00,117.68000030517578,118.1500015258789,117.63999938964844,117.95999908447266,180674
2024-08-22 10:30:00-04:00,117.76000213623047,117.91000366210938,117.61000061035156,117.66000366210938,122210
2024-08-22 11:30:00-04:00,117.97000122070312,118.0199966430664,117.63999938964844,117.75,109416
2024-08-22 12:30:00-04:00,117.73999786376953,118.00499725341797,117.66999816894531,117.95999908447266,90610
2024-08-22 13:30:00-04:00,117.94000244140625,117.95999908447266,117.6500015258789,117.75,85576
2024-08-22 14:30:00-04:00,117.79499816894531,117.95999908447266,117.71499633789062,117.95999908447266,135405
2024-08-22 15:30:00-04:00,117.7699966430664,117.81999969482422,117.63999938964844,117.80000305175781,177431
2024-08-23 09:30:00-04:00,118.30999755859375,118.4800033569336,117.70999908447266,117.94000244140625,175734
2024-08-23 10:30:00-04:00,118.33999633789062,118.44999694824219,118.12999725341797,118.30000305175781,108168
2024-08-23 11:30:00-04:00,117.8499984741211,118.33999633789062,117.7300033569336,118.33999633789062,123518
2024-08-23 12:30:00-04:00,117.94999694824219,117.95500183105469,117.80000305175781,117.86000061035156,54403
2024-08-23 13:30:00-04:00,118.04000091552734,118.08820343017578,117.94000244140625,117.94999694824219,101001
2024-08-23 14:30:00-04:00,118.33499908447266,118.33999633789062,118.02999877929688,118.04199981689453,92223
2024-08-23 15:30:00-04:00,118.55999755859375,118.58999633789062,118.31999969482422,118.33000183105469,106147
2024-08-26 09:30:00-04:00,119.18000030517578,119.18000030517578,118.68000030517578,118.69000244140625,104397
2024-08-26 10:30:00-04:00,118.95999908447266,119.28990173339844,118.94999694824219,119.19000244140625,130211
2024-08-26 11:30:00-04:00,118.97750091552734,118.97750091552734,118.80000305175781,118.94000244140625,61237
2024-08-26 12:30:00-04:00,119.0999984741211,119.16000366210938,118.91000366210938,118.98999786376953,57007
2024-08-26 13:30:00-04:00,118.96499633789062,119.0999984741211,118.91999816894531,119.0999984741211,65236
2024-08-26 14:30:00-04:00,119.125,119.13500213623047,118.95999908447266,118.97470092773438,71374
2024-08-26 15:30:00-04:00,119.16500091552734,119.18000030517578,119.02999877929688,119.11000061035156,134032
2024-08-27 09:30:00-04:00,119.63999938964844,119.7300033569336,119.41999816894531,119.44999694824219,113750
2024-08-27 10:30:00-04:00,119.33999633789062,119.69999694824219,119.26000213623047,119.66000366210938,64092
2024-08-27 11:30:00-04:00,119.46990203857422,119.51000213623047,119.27999877929688,119.3499984741211,51772
2024-08-27 12:30:00-04:00,119.69000244140625,119.69000244140625,119.43000030517578,119.45999908447266,32396
2024-08-27 13:30:00-04:00,119.62000274658203,119.75,119.51000213623047,119.70999908447266,76885
2024-08-27 14:30:00-04:00,119.5999984741211,119.68499755859375,119.56999969482422,119.61000061035156,133349
2024-08-27 15:30:00-04:00,119.83000183105469,119.90750122070312,119.55999755859375,119.58999633789062,244522
2024-08-28 09:30:00-04:00,120.5199966430664,120.55999755859375,119.93000030517578,120.04000091552734,135912
2024-08-28 10:30:00-04:00,120.5199966430664,120.66999816894531,120.31999969482422,120.51000213623047,110857
2024-08-28 11:30:00-04:00,120.12000274658203,120.51000213623047,120.0999984741211,120.48999786376953,77242
2024-08-28 12:30:00-04:00,120.06999969482422,120.27999877929688,120.05000305175781,120.13999938964844,62545
2024-08-28 13:30:00-04:00,119.7750015258789,120.13999938964844,119.7300033569336,120.06999969482422,95373
2024-08-28 14:30:00-04:00,119.91000366210938,119.91999816894531,119.66999816894531,119.75,90069
2024-08-28 15:30:00-04:00,119.94000244140625,120.02999877929688,119.7699966430664,119.9000015258789,213488
2024-08-29 09:30:00-04:00,120.23999786376953,120.30999755859375,120.01000213623047,120.08999633789062,243731
2024-08-29 10:30:00-04:00,120.01000213623047,120.27999877929688,119.86499786376953,120.25,150622
2024-08-29 11:30:00-04:00,120.40499877929688,120.48999786376953,120.02999877929688,120.02999877929688,61048
2024-08-29 12:30:00-04:00,120.6500015258789,120.68000030517578,120.36009979248047,120.37110137939453,63374
2024-08-29 13:30:00-04:00,120.69999694824219,120.80000305175781,120.61840057373047,120.62999725341797,65969
2024-08-29 14:30:00-04:00,120.59300231933594,120.76000213623047,120.44580078125,120.69999694824219,102361
2024-08-29 15:30:00-04:00,120.43000030517578,120.62000274658203,120.33529663085938,120.61000061035156,118927
2024-08-30 09:30:00-04:00,120.7300033569336,120.7300033569336,120.30000305175781,120.37000274658203,135901
2024-08-30 10:30:00-04:00,120.32499694824219,120.73999786376953,120.31999969482422,120.73999786376953,177889
2024-08-30 11:30:00-04:00,120.16999816894531,120.38590240478516,120.16999816894531,120.30000305175781,158651
2024-08-30 12:30:00-04:00,120.33999633789062,120.44989776611328,120.05500030517578,120.08999633789062,53120
2024-08-30 13:30:00-04:00,120.54000091552734,120.5999984741211,120.27999877929688,120.33999633789062,64935
2024-08-30 14:30:00-04:00,120.6500015258789,120.66999816894531,120.4800033569336,120.55000305175781,93291
2024-08-30 15:30:00-04:00,120.83000183105469,120.91999816894531,120.55999755859375,120.66000366210938,154419
2024-09-03 09:30:00-04:00,119.14019775390625,119.41999816894531,118.92500305175781,119.12999725341797,305849
2024-09-03 10:30:00-04:00,119.12999725341797,119.44000244140625,118.91000366210938,119.13999938964844,170733
2024-09-03 11:30:00-04:00,119.16000366210938,119.33999633789062,119.05999755859375,119.13999938964844,134637
2024-09-03 12:30:00-04:00,119.04499816894531,119.16999816894531,118.94999694824219,119.1500015258789,52698
2024-09-03 13:30:00-04:00,118.87950134277344,119.04000091552734,118.80000305175781,119.03500366210938,68124
2024-09-03 14:30:00-04:00,118.61499786376953,118.91999816894531,118.44999694824219,118.87000274658203,159553
2024-09-03 15:30:00-04:00,118.4800033569336,118.66000366210938,118.26499938964844,118.61000061035156,181560
2024-09-04 09:30:00-04:00,118.9000015258789,118.9000015258789,118.29000091552734,118.29000091552734,383232
2024-09-04 10:30:00-04:00,118.8499984741211,119.0,118.53500366210938,118.87999725341797,103113
2024-09-04 11:30:00-04:00,118.75,118.98999786376953,118.68000030517578,118.87000274658203,116103
2024-09-04 12:30:00-04:00,118.77999877929688,118.87999725341797,118.70999908447266,118.76499938964844,72803
2024-09-04 13:30:00-04:00,119.11750030517578,119.12000274658203,118.76000213623047,118.79000091552734,96200
2024-09-04 14:30:00-04:00,119.31999969482422,119.3499984741211,119.04000091552734,119.12000274658203,128884
2024-09-04 15:30:00-04:00,119.3499984741211,119.42500305175781,119.22000122070312,119.30999755859375,202923
2024-09-05 09:30:00-04:00,117.16000366210938,117.8499984741211,116.98899841308594,117.73999786376953,231454
2024-09-05 10:30:00-04:00,116.6500015258789,117.31999969482422,116.55500030517578,117.18000030517578,170049
2024-09-05 11:30:00-04:00,116.53500366210938,116.63999938964844,116.33000183105469,116.63999938964844,93827
2024-09-05 12:30:00-04:00,116.52999877929688,116.5999984741211,116.43000030517578,116.55000305175781,89465
2024-09-05 13:30:00-04:00,116.80999755859375,116.83999633789062,116.5,116.51000213623047,80563
2024-09-05 14:30:00-04:00,116.46499633789062,116.93000030517578,116.43000030517578,116.80999755859375,212130
2024-09-05 15:30:00-04:00,116.5250015258789,116.5999984741211,116.4000015258789,116.45999908447266,280908
2024-09-06 09:30:00-04:00,117.29000091552734,117.5999984741211,117.16500091552734,117.23999786376953,303482
2024-09-06 10:30:00-04:00,117.13999938964844,117.56999969482422,116.8499984741211,117.29000091552734,199353
2024-09-06 11:30:00-04:00,116.80999755859375,117.13999938964844,116.80999755859375,117.13999938964844,73790
2024-09-06 12:30:00-04:00,116.92030334472656,117.08999633789062,116.7699966430664,116.81500244140625,92586
2024-09-06 13:30:00-04:00,116.95500183105469,117.1500015258789,116.8499984741211,116.90499877929688,70150
2024-09-06 14:30:00-04:00,116.83000183105469,117.05999755859375,116.73999786376953,116.97000122070312,113354
2024-09-06 15:30:00-04:00,116.69000244140625,116.91999816894531,116.62000274658203,116.83000183105469,222717
2024-09-09 09:30:00-04:00,117.27999877929688,117.38999938964844,116.77999877929688,116.87999725341797,221815
2024-09-09 10:30:00-04:00,117.31999969482422,117.75499725341797,117.1500015258789,117.25,148419
2024-09-09 11:30:00-04:00,117.52999877929688,117.72000122070312,117.36000061035156,117.44000244140625,122142
2024-09-09 12:30:00-04:00,117.58999633789062,117.69999694824219,117.50499725341797,117.5199966430664,74981
2024-09-09 13:30:00-04:00,117.28500366210938,117.5999984741211,117.02999877929688,117.5999984741211,147349
2024-09-09 14:30:00-04:00,117.29000091552734,117.43000030517578,117.18000030517578,117.27999877929688,113431
2024-09-09 15:30:00-04:00,117.16000366210938,117.33000183105469,117.1449966430664,117.30999755859375,269465
2024-09-10 09:30:00-04:00,116.4000015258789,117.0999984741211,116.33000183105469,117.04000091552734,173663
2024-09-10 10:30:00-04:00,116.66000366210938,116.72000122070312,116.06449890136719,116.37000274658203,188097
2024-09-10 11:30:00-04:00,116.45999908447266,116.63999938964844,116.19000244140625,116.63999938964844,82680
2024-09-10 12:30:00-04:00,116.61000061035156,116.63999938964844,116.44000244140625,116.4625015258789,88307
2024-09-10 13:30:00-04:00,116.77999877929688,116.83000183105469,116.58000183105469,116.61000061035156,80740
2024-09-10 14:30:00-04:00,116.97000122070312,117.01000213623047,116.76000213623047,116.79000091552734,101644
2024-09-10 15:30:00-04:00,116.9800033569336,117.12000274658203,116.87999725341797,116.97000122070312,168600
2024-09-11 09:30:00-04:00,113.86499786376953,115.11000061035156,113.8499984741211,114.97000122070312,235024
2024-09-11 10:30:00-04:00,114.80999755859375,114.80999755859375,113.81999969482422,113.91999816894531,176780
2024-09-11 11:30:00-04:00,114.91999816894531,114.9800033569336,114.58999633789062,114.7699966430664,137711
2024-09-11 12:30:00-04:00,115.38999938964844,115.43000030517578,114.92500305175781,114.93000030517578,123738
2024-09-11 13:30:00-04:00,115.23999786376953,115.5,115.2249984741211,115.36000061035156,115550
2024-09-11 14:30:00-04:00,115.23999786376953,115.4800033569336,115.19999694824219,115.25,168976
2024-09-11 15:30:00-04:00,115.24500274658203,115.33999633789062,115.02999877929688,115.23999786376953,295637
2024-09-12 09:30:00-04:00,115.36000061035156,115.58999633789062,115.05000305175781,115.25,108946
2024-09-12 10:30:00-04:00,115.18000030517578,115.55999755859375,115.18000030517578,115.375,208460
2024-09-12 11:30:00-04:00,114.88500213623047,115.26499938964844,114.80999755859375,115.18000030517578,248963
2024-09-12 12:30:00-04:00,115.23999786376953,115.29000091552734,114.82499694824219,114.8584976196289,186881
2024-09-12 13:30:00-04:00,115.33999633789062,115.38999938964844,115.20999908447266,115.25499725341797,178789
2024-09-12 14:30:00-04:00,115.66500091552734,115.71499633789062,115.31500244140625,115.33499908447266,216034
2024-09-12 15:30:00-04:00,115.7699966430664,115.9800033569336,115.5999984741211,115.66000366210938,293400
2024-09-13 09:30:00-04:00,116.09500122070312,116.31999969482422,115.7699966430664,115.80999755859375,264943
2024-09-13 10:30:00-04:00,115.69999694824219,116.11000061035156,115.61000061035156,116.11000061035156,148010
2024-09-13 11:30:00-04:00,115.30000305175781,115.71499633789062,115.2699966430664,115.66999816894531,272733
2024-09-13 12:30:00-04:00,115.55000305175781,115.63749694824219,115.29000091552734,115.31999969482422,171666
2024-09-13 13:30:00-04:00,115.51000213623047,115.69999694824219,115.41999816894531,115.58999633789062,223033
2024-09-13 14:30:00-04:00,115.54499816894531,115.5999984741211,115.38999938964844,115.5199966430664,310903
2024-09-13 15:30:00-04:00,115.66000366210938,115.66000366210938,115.48999786376953,115.54499816894531,401406
2024-09-16 09:30:00-04:00,116.62999725341797,116.6500015258789,116.30000305175781,116.41000366210938,215501
2024-09-16 10:30:00-04:00,116.33999633789062,116.68000030517578,116.16000366210938,116.6500015258789,180278
2024-09-16 11:30:00-04:00,116.41999816894531,116.46499633789062,116.1427993774414,116.33000183105469,55865
2024-09-16 12:30:00-04:00,116.5199966430664,116.560302734375,116.36000061035156,116.41000366210938,59363
2024-09-16 13:30:00-04:00,116.69000244140625,116.76499938964844,116.49500274658203,116.5,61367
2024-09-16 14:30:00-04:00,116.72000122070312,116.80000305175781,116.63999938964844,116.69000244140625,90463
2024-09-16 15:30:00-04:00,116.97000122070312,116.9800033569336,116.73999786376953,116.73999786376953,191584
2024-09-17 09:30:00-04:00,115.83000183105469,116.0999984741211,115.51000213623047,116.0999984741211,118115
2024-09-17 10:30:00-04:00,115.75,115.87999725341797,115.61000061035156,115.8499984741211,71148
2024-09-17 11:30:00-04:00,115.31999969482422,115.77999877929688,115.29000091552734,115.73999786376953,119276
2024-09-17 12:30:00-04:00,115.62000274658203,115.68499755859375,114.9800033569336,115.30999755859375,159764
2024-09-17 13:30:00-04:00,115.66000366210938,115.83000183105469,115.48999786376953,115.62000274658203,96826
2024-09-17 14:30:00-04:00,115.66999816894531,115.73999786376953,115.44999694824219,115.6500015258789,79912
2024-09-17 15:30:00-04:00,115.72000122070312,115.73999786376953,115.55999755859375,115.66000366210938,178104
2024-09-18 09:30:00-04:00,115.81999969482422,116.33999633789062,115.62999725341797,116.30000305175781,107809
2024-09-18 10:30:00-04:00,115.8499984741211,115.94999694824219,115.5999984741211,115.79000091552734,101101
2024-09-18 11:30:00-04:00,115.93000030517578,115.94000244140625,115.7699966430664,115.8499984741211,54579
2024-09-18 12:30:00-04:00,116.06999969482422,116.06999969482422,115.93499755859375,115.94999694824219,62038
2024-09-18 13:30:00-04:00,116.36000061035156,116.62999725341797,115.9800033569336,116.05000305175781,98994
2024-09-18 14:30:00-04:00,116.23999786376953,116.50499725341797,115.93000030517578,116.3479995727539,135918
2024-09-18 15:30:00-04:00,116.01000213623047,116.33000183105469,115.69000244140625,116.2699966430664,159723
2024-09-19 09:30:00-04:00,115.76000213623047,116.25,115.52999877929688,116.20999908447266,159662
2024-09-19 10:30:00-04:00,116.08999633789062,116.29000091552734,115.75499725341797,115.76000213623047,159133
2024-09-19 11:30:00-04:00,116.25,116.30989837646484,116.04000091552734,116.10009765625,36483
2024-09-19 12:30:00-04:00,116.20999908447266,116.29499816894531,116.05500030517578,116.2699966430664,26497
2024-09-19 13:30:00-04:00,116.33000183105469,116.4000015258789,116.19499969482422,116.2249984741211,46739
2024-09-19 14:30:00-04:00,116.1500015258789,116.5199966430664,116.1449966430664,116.33999633789062,85071
2024-09-19 15:30:00-04:00,115.98999786376953,116.20999908447266,115.98999786376953,116.12000274658203,123962
2024-09-20 09:30:00-04:00,116.2300033569336,116.69000244140625,115.98999786376953,116.63999938964844,146967
2024-09-20 10:30:00-04:00,116.19999694824219,116.30000305175781,116.0999984741211,116.2300033569336,87459
2024-09-20 11:30:00-04:00,116.22000122070312,116.29000091552734,116.12999725341797,116.19000244140625,72117
2024-09-20 12:30:00-04:00,116.4000015258789,116.41000366210938,116.19999694824219,116.2249984741211,59344
2024-09-20 13:30:00-04:00,116.08999633789062,116.43499755859375,116.05999755859375,116.4000015258789,68236
2024-09-20 14:30:00-04:00,116.06999969482422,116.22000122070312,115.9800033569336,116.08999633789062,157921
2024-09-20 15:30:00-04:00,115.94000244140625,116.19000244140625,115.88999938964844,116.06500244140625,320041
2024-09-23 09:30:00-04:00,116.5250015258789,116.62000274658203,116.0,116.33999633789062,318773
2024-09-23 10:30:00-04:00,116.6050033569336,116.80500030517578,116.44999694824219,116.54499816894531,156759
2024-09-23 11:30:00-04:00,116.54499816894531,116.68000030517578,116.44999694824219,116.61499786376953,74402
2024-09-23 12:30:00-04:00,116.5,116.57499694824219,116.37999725341797,116.55000305175781,78382
2024-09-23 13:30:00-04:00,116.5999984741211,116.6500015258789,116.44999694824219,116.5,111027
2024-09-23 14:30:00-04:00,116.27999877929688,116.63999938964844,116.27999877929688,116.5999984741211,156294
2024-09-23 15:30:00-04:00,116.37000274658203,116.4000015258789,116.19000244140625,116.29000091552734,178240
2024-09-24 09:30:00-04:00,115.92040252685547,115.92040252685547,115.43000030517578,115.83999633789062,164252
2024-09-24 10:30:00-04:00,116.33999633789062,116.3499984741211,115.81999969482422,115.96499633789062,208167
2024-09-24 11:30:00-04:00,116.16000366210938,116.41000366210938,116.0999984741211,116.36000061035156,113980
2024-09-24 12:30:00-04:00,116.25,116.31999969482422,116.16000366210938,116.16999816894531,59027
2024-09-24 13:30:00-04:00,116.31500244140625,116.33999633789062,116.12999725341797,116.2300033569336,69670
2024-09-24 14:30:00-04:00,116.46080017089844,116.4749984741211,116.25,116.30999755859375,99711
2024-09-24 15:30:00-04:00,116.43000030517578,116.4800033569336,116.3499984741211,116.46499633789062,129631
2024-09-25 09:30:00-04:00,116.62000274658203,116.93000030517578,116.45999908447266,116.83999633789062,110522
2024-09-25 10:30:00-04:00,116.83999633789062,116.91999816894531,116.45999908447266,116.58999633789062,126183
2024-09-25 11:30:00-04:00,116.73999786376953,116.86000061035156,116.63999938964844,116.83999633789062,116933
2024-09-25 12:30:00-04:00,116.80999755859375,116.86000061035156,116.66999816894531,116.73999786376953,75907
2024-09-25 13:30:00-04:00,116.80000305175781,116.94499969482422,116.69999694824219,116.80999755859375,94295
2024-09-25 14:30:00-04:00,116.56999969482422,116.88999938964844,116.55000305175781,116.81999969482422,159690
2024-09-25 15:30:00-04:00,116.44999694824219,116.56999969482422,116.41500091552734,116.55999755859375,267064
2024-09-26 09:30:00-04:00,114.98999786376953,115.3499984741211,114.91000366210938,115.11000061035156,295070
2024-09-26 10:30:00-04:00,115.5,115.62999725341797,115.0199966430664,115.0199966430664,122850
2024-09-26 11:30:00-04:00,115.45999908447266,115.66999816894531,115.4000015258789,115.52999877929688,57859
2024-09-26 12:30:00-04:00,115.59709930419922,115.5999984741211,115.36000061035156,115.44000244140625,44883
2024-09-26 13:30:00-04:00,115.54499816894531,115.6500015258789,115.5199966430664,115.59010314941406,40433
2024-09-26 14:30:00-04:00,115.41999816894531,115.56999969482422,115.37999725341797,115.4800033569336,73165
2024-09-26 15:30:00-04:00,115.61000061035156,115.61000061035156,115.3550033569336,115.41999816894531,125755
2024-09-27 09:30:00-04:00,116.27999877929688,116.31999969482422,115.79000091552734,115.86000061035156,110536
2024-09-27 10:30:00-04:00,116.11000061035156,116.38999938964844,115.94000244140625,116.30000305175781,170990
2024-09-27 11:30:00-04:00,115.80999755859375,116.28500366210938,115.79000091552734,116.16999816894531,118323
2024-09-27 12:30:00-04:00,116.0999984741211,116.0999984741211,115.80000305175781,115.80000305175781,42482
2024-09-27 13:30:00-04:00,116.02999877929688,116.16999816894531,115.97000122070312,116.0999984741211,43338
2024-09-27 14:30:00-04:00,115.83999633789062,116.05000305175781,115.80000305175781,116.05000305175781,74073
2024-09-27 15:30:00-04:00,115.62000274658203,115.88999938964844,115.5999984741211,115.83000183105469,238103
2024-09-30 09:30:00-04:00,115.0999984741211,115.5,114.9800033569336,115.5,210741
2024-09-30 10:30:00-04:00,114.97000122070312,115.4000015258789,114.91000366210938,115.13999938964844,128002
2024-09-30 11:30:00-04:00,115.06999969482422,115.17500305175781,114.91999816894531,114.97000122070312,75660
2024-09-30 12:30:00-04:00,115.12950134277344,115.2300033569336,114.88999938964844,115.06999969482422,90324
2024-09-30 13:30:00-04:00,114.94999694824219,115.19999694824219,114.81999969482422,115.125,83683
2024-09-30 14:30:00-04:00,115.05999755859375,115.12999725341797,114.88999938964844,114.94999694824219,123983
2024-09-30 15:30:00-04:00,115.0199966430664,115.19000244140625,114.98999786376953,115.05000305175781,392911
2024-10-01 09:30:00-04:00,114.69000244140625,115.04000091552734,114.54000091552734,115.0,165879
2024-10-01 10:30:00-04:00,114.41000366210938,114.87000274658203,114.38999938964844,114.69000244140625,209624
2024-10-01 11:30:00-04:00,114.3499984741211,114.51000213623047,114.3104019165039,114.41999816894531,106508
2024-10-01 12:30:00-04:00,114.1500015258789,114.38999938964844,114.11000061035156,114.33999633789062,70367
2024-10-01 13:30:00-04:00,114.33999633789062,114.33999633789062,114.12999725341797,114.16000366210938,69950
2024-10-01 14:30:00-04:00,114.56999969482422,114.5999984741211,114.36000061035156,114.37000274658203,88382
2024-10-01 15:30:00-04:00,114.54000091552734,114.56999969482422,114.43000030517578,114.56500244140625,148488
2024-10-02 09:30:00-04:00,114.16999816894531,114.37999725341797,113.80999755859375,114.27999877929688,127513
2024-10-02 10:30:00-04:00,114.30000305175781,114.44000244140625,114.0999984741211,114.19999694824219,114334
2024-10-02 11:30:00-04:00,114.37000274658203,114.43000030517578,114.18000030517578,114.29000091552734,103679
2024-10-02 12:30:00-04:00,114.19000244140625,114.3499984741211,114.13999938964844,114.3499984741211,46757
2024-10-02 13:30:00-04:00,114.17990112304688,114.3499984741211,114.08999633789062,114.13999938964844,63078
2024-10-02 14:30:00-04:00,114.19999694824219,114.25,113.98999786376953,114.19000244140625,101708
2024-10-02 15:30:00-04:00,114.47000122070312,114.5199966430664,114.18000030517578,114.19999694824219,199635
2024-10-03 09:30:00-04:00,114.12000274658203,115.0999984741211,114.12000274658203,115.05000305175781,301307
2024-10-03 10:30:00-04:00,114.11000061035156,114.19000244140625,113.87000274658203,114.08999633789062,123701
2024-10-03 11:30:00-04:00,114.1500015258789,114.33999633789062,114.05000305175781,114.0999984741211,73858
2024-10-03 12:30:00-04:00,113.94000244140625,114.20999908447266,113.93000030517578,114.1500015258789,64203
2024-10-03 13:30:00-04:00,114.0250015258789,114.02999877929688,113.8499984741211,113.93000030517578,123602
2024-10-03 14:30:00-04:00,113.7750015258789,114.0250015258789,113.75,114.0250015258789,56411
2024-10-03 15:30:00-04:00,113.77999877929688,113.80500030517578,113.67500305175781,113.77999877929688,174730
2024-10-04 09:30:00-04:00,113.4800033569336,113.75,112.80000305175781,112.87999725341797,185504
2024-10-04 10:30:00-04:00,113.5999984741211,113.77999877929688,113.41000366210938,113.51000213623047,114075
2024-10-04 11:30:00-04:00,113.69000244140625,113.8499984741211,113.61499786376953,113.62000274658203,79151
2024-10-04 12:30:00-04:00,113.9800033569336,114.02999877929688,113.66000366210938,113.69000244140625,49235
2024-10-04 13:30:00-04:00,113.68000030517578,114.01000213623047,113.62000274658203,113.9800033569336,79317
2024-10-04 14:30:00-04:00,113.6969985961914,113.76000213623047,113.66000366210938,113.68000030517578,85597
2024-10-04 15:30:00-04:00,113.91000366210938,113.94999694824219,113.66999816894531,113.68000030517578,168278
2024-10-07 09:30:00-04:00,114.18000030517578,114.66000366210938,114.13999938964844,114.58999633789062,228304
2024-10-07 10:30:00-04:00,114.16500091552734,114.19000244140625,114.0199966430664,114.18000030517578,180649
2024-10-07 11:30:00-04:00,113.91999816894531,114.20999908447266,113.87999725341797,114.18000030517578,130871
2024-10-07 12:30:00-04:00,114.04000091552734,114.25,113.87000274658203,113.93000030517578,92622
2024-10-07 13:30:00-04:00,113.88999938964844,114.08000183105469,113.87999725341797,114.02999877929688,92380
2024-10-07 14:30:00-04:00,113.80999755859375,113.93000030517578,113.75,113.88999938964844,105845
2024-10-07 15:30:00-04:00,113.86499786376953,113.91000366210938,113.72000122070312,113.82499694824219,139027
2024-10-08 09:30:00-04:00,113.9000015258789,114.19000244140625,113.87999725341797,114.12000274658203,104701
2024-10-08 10:30:00-04:00,113.69999694824219,113.94000244140625,113.58000183105469,113.88999938964844,121426
2024-10-08 11:30:00-04:00,113.80000305175781,113.80000305175781,113.62000274658203,113.70999908447266,47269
2024-10-08 12:30:00-04:00,113.6500015258789,113.83000183105469,113.55000305175781,113.80000305175781,43829
2024-10-08 13:30:00-04:00,113.68000030517578,113.84500122070312,113.6500015258789,113.6500015258789,60155
2024-10-08 14:30:00-04:00,113.75,113.80999755859375,113.68499755859375,113.69000244140625,107181
2024-10-08 15:30:00-04:00,113.72000122070312,113.80999755859375,113.62000274658203,113.75,151693
2024-10-09 09:30:00-04:00,115.0999984741211,115.41000366210938,114.97000122070312,115.13999938964844,179534
2024-10-09 10:30:00-04:00,115.36000061035156,115.37000274658203,115.0801010131836,115.11499786376953,323930
2024-10-09 11:30:00-04:00,115.30999755859375,115.45999908447266,115.11499786376953,115.34700012207031,205604
2024-10-09 12:30:00-04:00,115.36000061035156,115.66500091552734,115.25,115.29000091552734,138222
2024-10-09 13:30:00-04:00,115.33999633789062,115.44499969482422,115.2699966430664,115.33000183105469,87383
2024-10-09 14:30:00-04:00,115.53500366210938,115.56999969482422,115.29000091552734,115.33999633789062,131211
2024-10-09 15:30:00-04:00,115.63999938964844,115.72000122070312,115.4800033569336,115.5199966430664,210656
2024-10-10 09:30:00-04:00,115.0999984741211,115.70999908447266,115.0999984741211,115.63999938964844,257502
2024-10-10 10:30:00-04:00,115.10700225830078,115.27999877929688,114.94999694824219,115.08000183105469,113485
2024-10-10 11:30:00-04:00,115.02999877929688,115.11000061035156,114.97000122070312,115.09500122070312,46463
2024-10-10 12:30:00-04:00,114.80999755859375,115.05999755859375,114.7300033569336,115.04000091552734,54344
2024-10-10 13:30:00-04:00,114.7300033569336,114.91000366210938,114.72000122070312,114.83000183105469,53621
2024-10-10 14:30:00-04:00,114.63500213623047,114.75,114.58000183105469,114.72000122070312,75429
2024-10-10 15:30:00-04:00,114.81999969482422,114.83000183105469,114.62999725341797,114.63999938964844,128184
2024-10-11 09:30:00-04:00,116.05000305175781,116.1500015258789,115.5,115.69999694824219,297852
2024-10-11 10:30:00-04:00,115.87000274658203,116.04000091552734,115.69000244140625,116.04000091552734,147049
2024-10-11 11:30:00-04:00,115.87000274658203,115.9800033569336,115.7699966430664,115.9000015258789,85371
2024-10-11 12:30:00-04:00,115.72000122070312,115.8949966430664,115.6500015258789,115.86000061035156,69138
2024-10-11 13:30:00-04:00,116.0,116.0199966430664,115.72000122070312,115.72000122070312,83757
2024-10-11 14:30:00-04:00,116.02999877929688,116.06999969482422,115.88999938964844,115.98999786376953,122021
2024-10-11 15:30:00-04:00,116.23999786376953,116.25499725341797,116.01000213623047,116.0199966430664,214563
2024-10-14 09:30:00-04:00,116.0250015258789,116.19000244140625,115.88999938964844,115.91999816894531,118645
2024-10-14 10:30:00-04:00,116.12999725341797,116.26000213623047,115.97000122070312,116.0199966430664,81274
2024-10-14 11:30:00-04:00,116.25,116.37999725341797,116.13500213623047,116.13500213623047,76921
2024-10-14 12:30:00-04:00,116.26000213623047,116.3499984741211,116.22000122070312,116.2300033569336,75662
2024-10-14 13:30:00-04:00,116.3949966430664,116.41000366210938,116.20500183105469,116.23999786376953,50570
2024-10-14 14:30:00-04:00,116.31999969482422,116.44000244140625,116.2249984741211,116.38999938964844,113455
2024-10-14 15:30:00-04:00,116.33000183105469,116.3550033569336,116.23500061035156,116.31999969482422,144436
2024-10-15 09:30:00-04:00,116.6500015258789,116.83999633789062,115.80000305175781,116.02999877929688,157823
2024-10-15 10:30:00-04:00,116.58999633789062,116.91999816894531,116.33000183105469,116.6500015258789,207994
2024-10-15 11:30:00-04:00,116.62000274658203,116.62999725341797,116.44999694824219,116.62999725341797,42724
2024-10-15 12:30:00-04:00,116.41889953613281,116.62760162353516,116.36000061035156,116.62000274658203,42275
2024-10-15 13:30:00-04:00,116.3499984741211,116.47000122070312,116.25,116.4000015258789,70881
2024-10-15 14:30:00-04:00,116.38999938964844,116.4000015258789,116.23500061035156,116.36000061035156,69631
2024-10-15 15:30:00-04:00,116.22000122070312,116.4000015258789,116.18499755859375,116.38999938964844,132965
2024-10-16 09:30:00-04:00,116.44999694824219,116.86000061035156,116.26000213623047,116.38999938964844,74647
2024-10-16 10:30:00-04:00,116.61000061035156,116.73999786376953,116.44999694824219,116.44999694824219,96212
2024-10-16 11:30:00-04:00,116.58999633789062,116.58999633789062,116.41000366210938,116.54000091552734,52817
2024-10-16 12:30:00-04:00,116.6050033569336,116.66999816894531,116.5199966430664,116.58999633789062,51396
2024-10-16 13:30:00-04:00,116.6874008178711,116.73999786376953,116.5425033569336,116.6050033569336,58203
2024-10-16 14:30:00-04:00,116.61000061035156,116.71420288085938,116.52999877929688,116.69000244140625,83498
2024-10-16 15:30:00-04:00,116.55999755859375,116.7300033569336,116.43000030517578,116.62000274658203,164633
2024-10-17 09:30:00-04:00,116.41000366210938,116.66000366210938,116.07499694824219,116.51000213623047,183357
2024-10-17 10:30:00-04:00,116.58999633789062,116.72000122070312,116.4000015258789,116.4000015258789,107721
2024-10-17 11:30:00-04:00,116.5199966430664,116.6500015258789,116.44999694824219,116.59500122070312,190474
2024-10-17 12:30:00-04:00,116.65989685058594,116.69999694824219,116.51229858398438,116.52999877929688,191277
2024-10-17 13:30:00-04:00,116.50499725341797,116.70999908447266,116.48999786376953,116.6500015258789,41101
2024-10-17 14:30:00-04:00,116.51000213623047,116.52999877929688,116.44999694824219,116.47000122070312,50822
2024-10-17 15:30:00-04:00,116.51000213623047,116.6500015258789,116.45999908447266,116.51000213623047,153862
2024-10-18 09:30:00-04:00,116.55999755859375,116.72000122070312,116.29000091552734,116.62000274658203,110772
2024-10-18 10:30:00-04:00,116.61000061035156,116.83999633789062,116.5199966430664,116.54499816894531,70051
2024-10-18 11:30:00-04:00,116.75,116.75499725341797,116.58000183105469,116.5989990234375,46863
2024-10-18 12:30:00-04:00,116.79499816894531,116.83000183105469,116.72000122070312,116.76000213623047,42952
2024-10-18 13:30:00-04:00,117.21499633789062,117.36000061035156,116.79000091552734,116.79000091552734,118068
2024-10-18 14:30:00-04:00,117.0,117.25499725341797,116.97000122070312,117.22000122070312,72687
2024-10-18 15:30:00-04:00,117.16999816894531,117.16999816894531,116.97000122070312,116.98999786376953,119210
2024-10-21 09:30:00-04:00,116.27999877929688,116.8499984741211,116.2699966430664,116.71900177001953,93964
2024-10-21 10:30:00-04:00,116.05999755859375,116.45500183105469,116.0199966430664,116.2699966430664,81087
2024-10-21 11:30:00-04:00,116.06400299072266,116.12000274658203,115.88500213623047,116.0,56513
2024-10-21 12:30:00-04:00,116.00499725341797,116.18000030517578,116.00499725341797,116.05999755859375,43462
2024-10-21 13:30:00-04:00,115.98999786376953,116.0999984741211,115.9000015258789,115.97000122070312,71764
2024-10-21 14:30:00-04:00,115.72000122070312,115.99500274658203,115.72000122070312,115.98999786376953,96249
2024-10-21 15:30:00-04:00,115.7699966430664,115.77999877929688,115.58999633789062,115.72000122070312,148541
2024-10-22 09:30:00-04:00,114.41999816894531,114.52999877929688,113.93000030517578,114.16000366210938,151970
2024-10-22 10:30:00-04:00,114.23999786376953,114.53500366210938,114.23999786376953,114.4000015258789,101028
2024-10-22 11:30:00-04:00,114.30999755859375,114.3499984741211,114.16999816894531,114.2300033569336,182851
2024-10-22 12:30:00-04:00,114.43000030517578,114.44999694824219,114.27999877929688,114.30870056152344,53773
2024-10-22 13:30:00-04:00,114.30000305175781,114.47000122070312,114.30000305175781,114.43000030517578,58666
2024-10-22 14:30:00-04:00,114.2300033569336,114.30000305175781,114.08999633789062,114.28500366210938,83651
2024-10-22 15:30:00-04:00,114.36000061035156,114.43000030517578,114.2300033569336,114.2300033569336,181079
2024-10-23 09:30:00-04:00,113.86000061035156,114.2699966430664,113.83499908447266,113.9800033569336,414465
2024-10-23 10:30:00-04:00,113.82499694824219,113.95999908447266,113.75,113.81999969482422,108868
2024-10-23 11:30:00-04:00,114.11000061035156,114.14869689941406,113.81999969482422,113.84500122070312,37805
2024-10-23 12:30:00-04:00,113.9801025390625,114.19000244140625,113.97654724121094,114.08999633789062,44079
2024-10-23 13:30:00-04:00,113.8499984741211,114.05989837646484,113.81999969482422,113.97989654541016,59746
2024-10-23 14:30:00-04:00,113.83000183105469,113.9800033569336,113.79499816894531,113.83499908447266,125603
2024-10-23 15:30:00-04:00,114.12000274658203,114.2249984741211,113.83499908447266,113.84739685058594,170223
2024-10-24 09:30:00-04:00,113.95999908447266,114.23500061035156,113.83999633789062,114.08000183105469,109133
2024-10-24 10:30:00-04:00,113.27999877929688,113.98999786376953,113.23999786376953,113.94999694824219,106868
2024-10-24 11:30:00-04:00,113.23819732666016,113.30999755859375,113.12000274658203,113.30000305175781,52379
2024-10-24 12:30:00-04:00,113.32499694824219,113.36000061035156,113.18000030517578,113.23999786376953,48093
2024-10-24 13:30:00-04:00,113.27999877929688,113.38999938964844,113.2699966430664,113.31999969482422,59396
2024-10-24 14:30:00-04:00,113.30999755859375,113.3499984741211,113.23100280761719,113.30000305175781,69123
2024-10-24 15:30:00-04:00,113.16000366210938,113.36000061035156,113.13999938964844,113.31099700927734,118032
2024-10-25 09:30:00-04:00,113.95999908447266,113.9800033569336,113.5,113.61000061035156,150671
2024-10-25 10:30:00-04:00,113.80000305175781,114.05000305175781,113.7699966430664,113.95999908447266,76562
2024-10-25 11:30:00-04:00,113.87999725341797,113.88999938964844,113.61000061035156,113.79000091552734,79686
2024-10-25 12:30:00-04:00,113.7699966430664,113.94999694824219,113.70999908447266,113.9000015258789,75505
2024-10-25 13:30:00-04:00,113.83999633789062,113.86000061035156,113.56999969482422,113.75,98562
2024-10-25 14:30:00-04:00,113.82640075683594,113.91999816894531,113.77999877929688,113.84500122070312,95531
2024-10-25 15:30:00-04:00,113.79000091552734,113.87000274658203,113.62999725341797,113.81999969482422,210623
2024-10-28 09:30:00-04:00,114.86499786376953,114.9000015258789,114.16999816894531,114.27999877929688,348228
2024-10-28 10:30:00-04:00,115.19000244140625,115.2699966430664,114.75,114.83999633789062,132799
2024-10-28 11:30:00-04:00,115.23999786376953,115.58000183105469,115.05000305175781,115.18000030517578,280648
2024-10-28 12:30:00-04:00,115.37000274658203,115.48999786376953,114.97000122070312,115.26000213623047,112248
2024-10-28 13:30:00-04:00,115.48999786376953,115.48999786376953,115.33000183105469,115.37000274658203,120822
2024-10-28 14:30:00-04:00,115.61000061035156,115.66999816894531,115.48999786376953,115.48999786376953,146117
2024-10-28 15:30:00-04:00,115.63999938964844,115.76499938964844,115.55999755859375,115.5999984741211,288974
2024-10-29 09:30:00-04:00,111.05999755859375,112.7699966430664,111.05000305175781,111.80999755859375,1222632
2024-10-29 10:30:00-04:00,110.7750015258789,111.1449966430664,110.45999908447266,111.05000305175781,522052
2024-10-29 11:30:00-04:00,110.2300033569336,110.95999908447266,110.20999908447266,110.7750015258789,257494
2024-10-29 12:30:00-04:00,110.5250015258789,110.54989624023438,110.04000091552734,110.2300033569336,226909
2024-10-29 13:30:00-04:00,110.5,110.63999938964844,109.80999755859375,110.52999877929688,221043
2024-10-29 14:30:00-04:00,110.52999877929688,110.66000366210938,110.31999969482422,110.5,154589
2024-10-29 15:30:00-04:00,110.55999755859375,110.62999725341797,110.4000015258789,110.52999877929688,334133
2024-10-30 09:30:00-04:00,110.44000244140625,110.98999786376953,110.16000366210938,110.62999725341797,202827
2024-10-30 10:30:00-04:00,110.0,110.58999633789062,109.97000122070312,110.38999938964844,1505647
2024-10-30 11:30:00-04:00,110.08999633789062,110.0999984741211,109.75499725341797,109.98999786376953,208174
2024-10-30 12:30:00-04:00,110.20500183105469,110.29000091552734,110.05899810791016,110.0999984741211,137050
2024-10-30 13:30:00-04:00,110.20999908447266,110.2699966430664,110.05000305175781,110.20500183105469,134140
2024-10-30 14:30:00-04:00,109.86499786376953,110.19999694824219,109.83000183105469,110.19999694824219,216299
2024-10-30 15:30:00-04:00,109.88999938964844,109.94499969482422,109.7300033569336,109.86499786376953,322189
2024-10-31 09:30:00-04:00,108.02999877929688,108.5199966430664,107.97000122070312,108.45999908447266,262252
2024-10-31 10:30:00-04:00,108.13500213623047,108.2699966430664,107.93499755859375,108.05500030517578,163273
2024-10-31 11:30:00-04:00,108.36000061035156,108.44000244140625,108.11000061035156,108.125,109313
2024-10-31 12:30:00-04:00,108.80999755859375,108.83000183105469,108.36000061035156,108.37000274658203,84864
2024-10-31 13:30:00-04:00,108.70500183105469,108.80000305175781,108.5199966430664,108.80000305175781,120563
2024-10-31 14:30:00-04:00,108.43000030517578,108.79000091552734,108.41000366210938,108.69000244140625,184936
2024-10-31 15:30:00-04:00,108.39990234375,108.62899780273438,108.34500122070312,108.45999908447266,360079
2024-11-01 09:30:00-04:00,109.52999877929688,110.0250015258789,109.4000015258789,109.86000061035156,224170
2024-11-01 10:30:00-04:00,109.9000015258789,109.93499755859375,109.44999694824219,109.5199966430664,158108
2024-11-01 11:30:00-04:00,109.68000030517578,109.93000030517578,109.63999938964844,109.9000015258789,152508
2024-11-01 12:30:00-04:00,109.8499984741211,109.91200256347656,109.73999786376953,109.73999786376953,102692
2024-11-01 13:30:00-04:00,109.625,109.84839630126953,109.47000122070312,109.83999633789062,99026
2024-11-01 14:30:00-04:00,109.4800033569336,109.79499816894531,109.4800033569336,109.62000274658203,103544
2024-11-01 15:30:00-04:00,109.33999633789062,109.53500366210938,109.30000305175781,109.47810363769531,199493
2024-11-04 09:30:00-05:00,111.18000030517578,111.2300033569336,110.58000183105469,110.9000015258789,279157
2024-11-04 10:30:00-05:00,110.72000122070312,111.19999694824219,110.58000183105469,111.19000244140625,203506
2024-11-04 11:30:00-05:00,110.5,110.72000122070312,110.26499938964844,110.70999908447266,94455
2024-11-04 12:30:00-05:00,110.64129638671875,110.66999816894531,110.4000015258789,110.51000213623047,73972
2024-11-04 13:30:00-05:00,110.4800033569336,110.66999816894531,110.43000030517578,110.62000274658203,87391
2024-11-04 14:30:00-05:00,110.48999786376953,110.59989929199219,110.44000244140625,110.49500274658203,75812
2024-11-04 15:30:00-05:00,110.51000213623047,110.55999755859375,110.43000030517578,110.48870086669922,141738
2024-11-05 09:30:00-05:00,108.58999633789062,109.02999877929688,108.56999969482422,108.97000122070312,216071
2024-11-05 10:30:00-05:00,108.75,108.95999908447266,108.58999633789062,108.5999984741211,112406
2024-11-05 11:30:00-05:00,109.05999755859375,109.12000274658203,108.69999694824219,108.76499938964844,85060
2024-11-05 12:30:00-05:00,109.32859802246094,109.4000015258789,109.05000305175781,109.06999969482422,50235
2024-11-05 13:30:00-05:00,109.33000183105469,109.44989776611328,109.27999877929688,109.3010025024414,47387
2024-11-05 14:30:00-05:00,109.33000183105469,109.43000030517578,109.2699966430664,109.33999633789062,56017
2024-11-05 15:30:00-05:00,109.4000015258789,109.41000366210938,109.25499725341797,109.33000183105469,122675
2024-11-06 09:30:00-05:00,107.05999755859375,107.83000183105469,106.92500305175781,107.80999755859375,345797
2024-11-06 10:30:00-05:00,106.9800033569336,107.02999877929688,106.44000244140625,107.0,177119
2024-11-06 11:30:00-05:00,106.6344985961914,107.1449966430664,106.52469635009766,106.98999786376953,120959
2024-11-06 12:30:00-05:00,107.16000366210938,107.18000030517578,106.59500122070312,106.63999938964844,69874
2024-11-06 13:30:00-05:00,107.3499984741211,107.47000122070312,107.0999984741211,107.12999725341797,122089
2024-11-06 14:30:00-05:00,107.0,107.4800033569336,107.0,107.33999633789062,183056
2024-11-06 15:30:00-05:00,106.80999755859375,107.12000274658203,106.80999755859375,107.01499938964844,268842
2024-11-07 09:30:00-05:00,106.52999877929688,106.76000213623047,106.16999816894531,106.56999969482422,309140
2024-11-07 10:30:00-05:00,106.44999694824219,106.70999908447266,106.37000274658203,106.52999877929688,182370
2024-11-07 11:30:00-05:00,106.83999633789062,106.9000015258789,106.47000122070312,106.47000122070312,106952
2024-11-07 12:30:00-05:00,106.91999816894531,106.94999694824219,106.73500061035156,106.83000183105469,97178
2024-11-07 13:30:00-05:00,106.66500091552734,106.95999908447266,106.5250015258789,106.91000366210938,112519
2024-11-07 14:30:00-05:00,106.9800033569336,107.0999984741211,106.60009765625,106.6500015258789,141146
2024-11-07 15:30:00-05:00,107.08000183105469,107.08000183105469,106.92500305175781,106.95999908447266,224686
2024-11-08 09:30:00-05:00,106.3499984741211,106.69000244140625,106.2699966430664,106.61000061035156,197569
2024-11-08 10:30:00-05:00,106.15499877929688,106.56999969482422,106.12999725341797,106.3550033569336,276077
2024-11-08 11:30:00-05:00,106.29000091552734,106.37000274658203,106.16000366210938,106.16999816894531,118082
2024-11-08 12:30:00-05:00,106.2239990234375,106.41000366210938,106.20999908447266,106.29499816894531,96289
2024-11-08 13:30:00-05:00,106.49299621582031,106.5199966430664,106.19000244140625,106.22000122070312,90927
2024-11-08 14:30:00-05:00,106.47899627685547,106.61000061035156,106.44999694824219,106.48999786376953,136114
2024-11-08 15:30:00-05:00,106.45999908447266,106.54000091552734,106.33000183105469,106.4800033569336,151709
2024-11-11 09:30:00-05:00,105.87999725341797,106.40499877929688,105.8499984741211,106.2300033569336,179668
2024-11-11 10:30:00-05:00,105.7699966430664,106.1050033569336,105.7300033569336,105.875,174123
2024-11-11 11:30:00-05:00,105.8550033569336,106.05999755859375,105.70999908447266,105.77999877929688,158527
2024-11-11 12:30:00-05:00,105.69000244140625,105.93000030517578,105.69000244140625,105.8550033569336,147061
2024-11-11 13:30:00-05:00,105.7300033569336,105.74500274658203,105.5999984741211,105.69000244140625,79641
2024-11-11 14:30:00-05:00,105.62000274658203,105.77999877929688,105.56999969482422,105.73999786376953,93427
2024-11-11 15:30:00-05:00,105.68000030517578,105.69999694824219,105.4749984741211,105.58999633789062,154312
2024-11-12 09:30:00-05:00,104.70989990234375,105.2300033569336,104.54000091552734,105.16000366210938,156264
2024-11-12 10:30:00-05:00,104.73999786376953,104.8396987915039,104.55000305175781,104.66999816894531,203095
2024-11-12 11:30:00-05:00,104.61000061035156,104.81999969482422,104.5199966430664,104.75,140437
2024-11-12 12:30:00-05:00,104.625,104.6489028930664,104.41000366210938,104.61000061035156,81725
2024-11-12 13:30:00-05:00,105.06999969482422,105.12000274658203,104.61000061035156,104.61000061035156,132431
2024-11-12 14:30:00-05:00,104.81999969482422,105.0635986328125,104.77999877929688,105.05999755859375,111542
2024-11-12 15:30:00-05:00,104.94000244140625,104.95999908447266,104.75,104.80999755859375,188290
2024-11-13 09:30:00-05:00,103.48999786376953,104.11000061035156,103.37999725341797,104.02999877929688,213355
2024-11-13 10:30:00-05:00,104.02999877929688,104.02999877929688,103.4749984741211,103.4800033569336,191605
2024-11-13 11:30:00-05:00,103.91000366210938,104.16000366210938,103.75,104.03500366210938,105640
2024-11-13 12:30:00-05:00,103.98999786376953,103.98999786376953,103.83499908447266,103.91000366210938,79087
2024-11-13 13:30:00-05:00,103.91500091552734,104.0199966430664,103.80999755859375,103.98500061035156,100743
2024-11-13 14:30:00-05:00,103.87000274658203,103.94000244140625,103.69999694824219,103.87000274658203,144820
2024-11-13 15:30:00-05:00,103.87999725341797,103.9800033569336,103.83000183105469,103.87000274658203,233159
2024-11-14 09:30:00-05:00,104.2300033569336,104.43000030517578,104.11000061035156,104.12999725341797,245219
2024-11-14 10:30:00-05:00,104.5999984741211,104.68000030517578,104.16999816894531,104.26000213623047,163074
2024-11-14 11:30:00-05:00,104.37999725341797,104.68000030517578,104.37000274658203,104.56999969482422,86956
2024-11-14 12:30:00-05:00,104.44000244140625,104.54000091552734,104.33000183105469,104.37999725341797,94923
2024-11-14 13:30:00-05:00,104.3949966430664,104.43000030517578,104.2699966430664,104.43000030517578,65428
2024-11-14 14:30:00-05:00,104.29000091552734,104.38999938964844,104.09500122070312,104.38999938964844,568415
2024-11-14 15:30:00-05:00,103.41000366210938,104.28500366210938,103.37000274658203,104.27999877929688,337621
2024-11-15 09:30:00-05:00,103.08999633789062,103.13999938964844,102.58999633789062,102.91500091552734,323192
2024-11-15 10:30:00-05:00,103.18000030517578,103.26000213623047,102.88999938964844,103.09500122070312,241764
2024-11-15 11:30:00-05:00,103.12000274658203,103.30000305175781,103.02999877929688,103.23999786376953,104482
2024-11-15 12:30:00-05:00,103.1104965209961,103.15499877929688,102.9800033569336,103.0999984741211,119646
2024-11-15 13:30:00-05:00,102.9000015258789,103.13999938964844,102.83000183105469,103.11000061035156,116435
2024-11-15 14:30:00-05:00,102.81999969482422,103.01000213623047,102.80999755859375,102.90499877929688,132837
2024-11-15 15:30:00-05:00,103.05999755859375,103.12000274658203,102.77999877929688,102.83999633789062,283209
2024-11-18 09:30:00-05:00,102.55000305175781,102.91000366210938,102.41000366210938,102.4800033569336,184592
2024-11-18 10:30:00-05:00,102.8499984741211,103.05000305175781,102.55999755859375,102.56500244140625,178970
2024-11-18 11:30:00-05:00,103.09500122070312,103.10990142822266,102.87000274658203,102.87000274658203,70805
2024-11-18 12:30:00-05:00,103.34500122070312,103.41999816894531,103.08000183105469,103.09500122070312,90079
2024-11-18 13:30:00-05:00,103.2300033569336,103.37000274658203,103.1500015258789,103.34500122070312,105636
2024-11-18 14:30:00-05:00,103.19000244140625,103.30999755859375,103.16999816894531,103.22000122070312,94699
2024-11-18 15:30:00-05:00,103.05999755859375,103.22000122070312,102.97000122070312,103.19999694824219,182545
2024-11-19 09:30:00-05:00,102.87000274658203,102.87000274658203,102.4000015258789,102.58000183105469,141821
2024-11-19 10:30:00-05:00,103.1500015258789,103.26000213623047,102.81999969482422,102.83999633789062,210561
2024-11-19 11:30:00-05:00,103.24500274658203,103.27999877929688,103.11000061035156,103.16500091552734,104474
2024-11-19 12:30:00-05:00,103.08999633789062,103.3499984741211,103.04499816894531,103.25499725341797,95619
2024-11-19 13:30:00-05:00,103.15499877929688,103.30500030517578,103.08999633789062,103.08999633789062,110627
2024-11-19 14:30:00-05:00,103.08999633789062,103.16000366210938,102.88999938964844,103.15499877929688,196606
2024-11-19 15:30:00-05:00,103.26000213623047,103.26000213623047,103.04499816894531,103.07499694824219,236913
2024-11-20 09:30:00-05:00,102.68000030517578,102.91000366210938,102.5999984741211,102.80000305175781,248272
2024-11-20 10:30:00-05:00,102.6989974975586,102.7699966430664,102.45999908447266,102.69000244140625,119416
2024-11-20 11:30:00-05:00,102.68000030517578,102.8550033569336,102.5999984741211,102.72000122070312,92272
2024-11-20 12:30:00-05:00,102.87000274658203,102.94000244140625,102.7300033569336,102.7300033569336,90065
2024-11-20 13:30:00-05:00,102.94000244140625,103.0199966430664,102.80000305175781,102.86000061035156,97884
2024-11-20 14:30:00-05:00,102.96499633789062,103.01499938964844,102.87999725341797,102.93000030517578,116507
2024-11-20 15:30:00-05:00,103.0999984741211,103.19000244140625,102.96499633789062,102.97000122070312,207031
2024-11-21 09:30:00-05:00,103.36000061035156,103.5,103.02999877929688,103.05000305175781,405698
2024-11-21 10:30:00-05:00,103.30999755859375,103.55000305175781,103.16000366210938,103.37000274658203,267360
2024-11-21 11:30:00-05:00,103.33000183105469,103.41999816894531,103.16130065917969,103.33000183105469,96725
2024-11-21 12:30:00-05:00,103.87000274658203,103.93000030517578,103.33000183105469,103.33999633789062,117307
2024-11-21 13:30:00-05:00,103.68000030517578,103.9000015258789,103.61399841308594,103.84500122070312,112832
2024-11-21 14:30:00-05:00,103.56999969482422,103.69499969482422,103.5199966430664,103.69499969482422,141900
2024-11-21 15:30:00-05:00,103.8499984741211,103.87999725341797,103.51000213623047,103.55999755859375,283782
2024-11-22 09:30:00-05:00,104.94000244140625,105.12999725341797,104.41999816894531,104.44000244140625,300876
2024-11-22 10:30:00-05:00,104.54499816894531,105.19000244140625,104.54499816894531,104.93000030517578,303388
2024-11-22 11:30:00-05:00,104.73188781738281,104.75499725341797,104.51499938964844,104.58000183105469,126554
2024-11-22 12:30:00-05:00,104.54499816894531,104.81999969482422,104.54499816894531,104.75,106670
2024-11-22 13:30:00-05:00,104.52999877929688,104.6449966430664,104.44000244140625,104.56999969482422,59827
2024-11-22 14:30:00-05:00,104.36499786376953,104.62999725341797,104.33999633789062,104.53500366210938,86003
2024-11-22 15:30:00-05:00,104.30999755859375,104.4800033569336,104.18000030517578,104.36499786376953,224112
2024-11-25 09:30:00-05:00,104.33999633789062,104.43000030517578,103.94999694824219,103.94999694824219,308056
2024-11-25 10:30:00-05:00,103.62000274658203,104.4000015258789,103.43000030517578,104.30999755859375,244678
2024-11-25 11:30:00-05:00,103.625,103.80000305175781,103.55000305175781,103.66000366210938,117869
2024-11-25 12:30:00-05:00,103.75,103.875,103.56999969482422,103.62590026855469,95543
2024-11-25 13:30:00-05:00,103.80999755859375,104.0199966430664,103.76629638671875,103.7699966430664,100491
2024-11-25 14:30:00-05:00,103.81500244140625,103.86000061035156,103.55999755859375,103.81999969482422,149453
2024-11-25 15:30:00-05:00,103.54000091552734,103.82990264892578,103.48999786376953,103.80999755859375,190034
2024-11-26 09:30:00-05:00,103.30000305175781,104.08999633789062,103.30000305175781,104.06999969482422,241167
2024-11-26 10:30:00-05:00,103.5,103.53500366210938,103.25,103.30999755859375,264158
2024-11-26 11:30:00-05:00,103.49500274658203,103.66000366210938,103.44000244140625,103.47000122070312,201350
2024-11-26 12:30:00-05:00,103.43000030517578,103.62200164794922,103.41000366210938,103.52999877929688,85407
2024-11-26 13:30:00-05:00,103.58999633789062,103.62000274658203,103.43000030517578,103.43000030517578,149577
2024-11-26 14:30:00-05:00,103.66000366210938,103.7300033569336,103.52999877929688,103.58000183105469,132985
2024-11-26 15:30:00-05:00,103.80000305175781,103.8727035522461,103.5999984741211,103.67500305175781,172601
2024-11-27 09:30:00-05:00,104.88999938964844,104.91999816894531,104.55000305175781,104.63999938964844,173030
2024-11-27 10:30:00-05:00,105.08999633789062,105.13999938964844,104.86499786376953,104.9000015258789,133615
2024-11-27 11:30:00-05:00,105.24189758300781,105.29969787597656,105.05000305175781,105.11000061035156,86491
2024-11-27 12:30:00-05:00,105.01000213623047,105.23999786376953,104.9800033569336,105.23999786376953,68748
2024-11-27 13:30:00-05:00,105.02999877929688,105.08999633789062,104.86000061035156,104.99009704589844,68654
2024-11-27 14:30:00-05:00,104.79000091552734,105.04000091552734,104.73999786376953,105.0199966430664,70863
2024-11-27 15:30:00-05:00,104.87000274658203,104.8949966430664,104.72000122070312,104.76000213623047,115219
2024-11-29 09:30:00-05:00,105.08000183105469,105.30999755859375,104.8550033569336,105.2300033569336,171425
2024-11-29 10:30:00-05:00,105.68000030517578,105.68000030517578,105.0199966430664,105.05000305175781,206273
2024-11-29 11:30:00-05:00,105.85199737548828,105.86000061035156,105.5199966430664,105.69000244140625,145701
2024-12-02 09:30:00-05:00,104.4800033569336,105.3499984741211,104.44999694824219,105.33000183105469,119981
2024-12-02 10:30:00-05:00,104.98999786376953,104.98999786376953,104.43000030517578,104.44999694824219,218992
2024-12-02 11:30:00-05:00,104.80999755859375,105.01260375976562,104.7699966430664,104.99500274658203,94376
2024-12-02 12:30:00-05:00,104.87999725341797,104.91000366210938,104.75,104.80000305175781,99012
2024-12-02 13:30:00-05:00,104.68000030517578,104.90499877929688,104.66000366210938,104.9000015258789,151216
2024-12-02 14:30:00-05:00,104.79000091552734,104.82499694824219,104.55000305175781,104.66400146484375,186589
2024-12-02 15:30:00-05:00,104.81999969482422,104.87999725341797,104.7300033569336,104.80500030517578,211760
2024-12-03 09:30:00-05:00,104.72000122070312,105.33999633789062,104.72000122070312,105.27999877929688,136468
2024-12-03 10:30:00-05:00,104.9800033569336,105.01000213623047,104.5999984741211,104.69999694824219,138353
2024-12-03 11:30:00-05:00,104.81009674072266,104.94999694824219,104.75,104.94499969482422,65885
2024-12-03 12:30:00-05:00,104.7699966430664,104.82160186767578,104.7300033569336,104.81999969482422,78023
2024-12-03 13:30:00-05:00,104.68000030517578,104.81999969482422,104.68000030517578,104.7750015258789,81257
2024-12-03 14:30:00-05:00,104.55979919433594,104.75,104.53189849853516,104.69999694824219,121537
2024-12-03 15:30:00-05:00,104.55999755859375,104.66999816894531,104.5199966430664,104.55999755859375,176837
2024-12-04 09:30:00-05:00,101.85099792480469,102.19999694824219,101.26000213623047,102.19999694824219,362500
2024-12-04 10:30:00-05:00,101.93000030517578,102.0,101.66999816894531,101.83439636230469,352634
2024-12-04 11:30:00-05:00,101.98999786376953,102.17169952392578,101.91999816894531,102.02999877929688,187591
2024-12-04 12:30:00-05:00,101.69000244140625,102.0,101.66999816894531,102.0,109127
2024-12-04 13:30:00-05:00,101.83999633789062,102.02999877929688,101.58000183105469,101.68000030517578,107175
2024-12-04 14:30:00-05:00,101.7699966430664,101.91000366210938,101.73999786376953,101.8499984741211,115504
2024-12-04 15:30:00-05:00,101.83000183105469,101.9000015258789,101.73999786376953,101.77999877929688,270029
2024-12-05 09:30:00-05:00,102.82610321044922,103.05500030517578,102.61000061035156,102.77999877929688,201340
2024-12-05 10:30:00-05:00,102.64299774169922,102.95999908447266,102.55500030517578,102.80989837646484,115805
2024-12-05 11:30:00-05:00,102.62000274658203,102.75,102.56999969482422,102.66999816894531,65324
2024-12-05 12:30:00-05:00,102.55000305175781,102.73999786376953,102.48500061035156,102.62999725341797,71038
2024-12-05 13:30:00-05:00,102.6449966430664,102.70999908447266,102.51000213623047,102.52999877929688,66983
2024-12-05 14:30:00-05:00,102.79000091552734,102.79000091552734,102.58999633789062,102.65450286865234,61861
2024-12-05 15:30:00-05:00,102.52999877929688,102.91000366210938,102.52999877929688,102.79000091552734,178718
2024-12-06 09:30:00-05:00,102.61000061035156,102.83999633789062,102.45500183105469,102.79000091552734,101177
2024-12-06 10:30:00-05:00,102.36000061035156,102.63999938964844,102.33999633789062,102.58999633789062,125599
2024-12-06 11:30:00-05:00,102.21549987792969,102.533203125,102.19000244140625,102.34300231933594,104641
2024-12-06 12:30:00-05:00,102.4010009765625,102.46939849853516,102.1500015258789,102.22000122070312,113669
2024-12-06 13:30:00-05:00,102.26000213623047,102.38999938964844,102.23999786376953,102.38999938964844,54321
2024-12-06 14:30:00-05:00,102.19000244140625,102.27999877929688,102.16490173339844,102.26000213623047,88196
2024-12-06 15:30:00-05:00,101.9800033569336,102.18000030517578,101.97000122070312,102.16999816894531,137033
2024-12-09 09:30:00-05:00,101.8499984741211,101.8499984741211,101.45999908447266,101.55000305175781,154105
2024-12-09 10:30:00-05:00,101.91999816894531,102.125,101.81500244140625,101.8499984741211,323919
2024-12-09 11:30:00-05:00,101.93731689453125,102.01000213623047,101.87000274658203,101.91999816894531,103539
2024-12-09 12:30:00-05:00,101.9000015258789,102.05000305175781,101.87000274658203,101.93000030517578,98776
2024-12-09 13:30:00-05:00,101.97090148925781,102.02999877929688,101.87000274658203,101.88999938964844,91924
2024-12-09 14:30:00-05:00,101.7699966430664,101.9800033569336,101.7699966430664,101.9800033569336,120681
2024-12-09 15:30:00-05:00,101.66000366210938,101.79499816894531,101.60399627685547,101.77999877929688,162303
2024-12-10 09:30:00-05:00,100.70999908447266,101.5199966430664,100.5999984741211,101.51000213623047,193405
2024-12-10 10:30:00-05:00,100.62000274658203,100.87999725341797,100.55010223388672,100.7300033569336,223725
2024-12-10 11:30:00-05:00,100.47000122070312,100.72000122070312,100.43000030517578,100.62999725341797,102448
2024-12-10 12:30:00-05:00,100.5999984741211,100.66999816894531,100.41999816894531,100.47000122070312,53288
2024-12-10 13:30:00-05:00,100.56999969482422,100.66390228271484,100.54000091552734,100.58000183105469,56365
2024-12-10 14:30:00-05:00,100.37999725341797,100.61000061035156,100.37000274658203,100.56500244140625,131618
2024-12-10 15:30:00-05:00,100.13999938964844,100.39810180664062,100.0999984741211,100.37999725341797,151910
2024-12-11 09:30:00-05:00,99.45999908447266,99.80000305175781,99.44000244140625,99.80000305175781,200600
2024-12-11 10:30:00-05:00,99.47000122070312,99.68000030517578,99.37000274658203,99.45999908447266,116688
2024-12-11 11:30:00-05:00,99.33000183105469,99.72000122070312,99.31500244140625,99.48999786376953,121575
2024-12-11 12:30:00-05:00,99.4000015258789,99.41000366210938,99.26499938964844,99.33999633789062,98858
2024-12-11 13:30:00-05:00,99.2699966430664,99.38999938964844,99.21099853515625,99.38999938964844,63580
2024-12-11 14:30:00-05:00,99.19999694824219,99.33999633789062,99.19000244140625,99.29000091552734,136377
2024-12-11 15:30:00-05:00,99.16999816894531,99.30500030517578,99.11000061035156,99.19000244140625,218086
2024-12-12 09:30:00-05:00,99.20500183105469,99.44999694824219,98.9800033569336,98.9800033569336,168314
2024-12-12 10:30:00-05:00,99.01000213623047,99.2509994506836,99.0,99.19000244140625,157051
2024-12-12 11:30:00-05:00,98.95999908447266,99.15499877929688,98.94999694824219,99.04499816894531,150410
2024-12-12 12:30:00-05:00,98.86499786376953,98.95999908447266,98.72000122070312,98.95999908447266,74688
2024-12-12 13:30:00-05:00,98.83499908447266,98.94499969482422,98.80000305175781,98.8499984741211,141611
2024-12-12 14:30:00-05:00,98.63500213623047,98.83999633789062,98.58999633789062,98.83499908447266,119675
2024-12-12 15:30:00-05:00,98.58999633789062,98.73999786376953,98.55999755859375,98.6260986328125,173071
2024-12-13 09:30:00-05:00,98.05999755859375,98.55000305175781,97.94499969482422,98.52999877929688,158004
2024-12-13 10:30:00-05:00,98.16999816894531,98.16999816894531,97.87000274658203,98.04000091552734,242660
2024-12-13 11:30:00-05:00,98.36990356445312,98.41999816894531,98.22000122070312,98.22000122070312,136022
2024-12-13 12:30:00-05:00,98.30999755859375,98.45500183105469,98.23500061035156,98.36000061035156,137168
2024-12-13 13:30:00-05:00,98.32099914550781,98.5199966430664,98.30000305175781,98.30999755859375,114589
2024-12-13 14:30:00-05:00,98.4000015258789,98.44999694824219,98.30000305175781,98.33000183105469,134491
2024-12-13 15:30:00-05:00,98.38999938964844,98.45999908447266,98.2300033569336,98.39099884033203,230718
2024-12-16 09:30:00-05:00,98.50499725341797,98.55999755859375,98.04000091552734,98.06999969482422,316640
2024-12-16 10:30:00-05:00,98.40799713134766,98.75,98.375,98.4800033569336,98916
2024-12-16 11:30:00-05:00,98.72319793701172,98.80000305175781,98.44000244140625,98.44000244140625,137699
2024-12-16 12:30:00-05:00,98.41000366210938,98.7699966430664,98.37000274658203,98.75,127698
2024-12-16 13:30:00-05:00,98.26000213623047,98.44999694824219,98.25499725341797,98.4209976196289,126279
2024-12-16 14:30:00-05:00,97.8499984741211,98.30000305175781,97.8499984741211,98.27999877929688,109612
2024-12-16 15:30:00-05:00,97.77999877929688,97.86000061035156,97.69000244140625,97.83999633789062,200389
2024-12-17 09:30:00-05:00,99.12000274658203,99.20999908447266,98.32499694824219,98.41000366210938,169053
2024-12-17 10:30:00-05:00,99.22000122070312,99.27999877929688,98.95999908447266,99.05999755859375,296945
2024-12-17 11:30:00-05:00,99.44000244140625,99.66999816894531,99.0999984741211,99.19999694824219,141775
2024-12-17 12:30:00-05:00,99.54010009765625,99.59100341796875,99.37999725341797,99.44999694824219,87397
2024-12-17 13:30:00-05:00,99.63999938964844,99.66000366210938,99.52999877929688,99.55999755859375,62218
2024-12-17 14:30:00-05:00,99.29000091552734,99.66500091552734,99.26000213623047,99.62000274658203,155365
2024-12-17 15:30:00-05:00,99.1500015258789,99.3550033569336,99.1500015258789,99.27999877929688,322935
2024-12-18 09:30:00-05:00,98.75,98.83999633789062,98.33000183105469,98.37000274658203,118587
2024-12-18 10:30:00-05:00,98.56999969482422,98.8499984741211,98.55999755859375,98.76499938964844,92968
2024-12-18 11:30:00-05:00,98.54000091552734,98.72000122070312,98.4800033569336,98.58999633789062,55225
2024-12-18 12:30:00-05:00,98.4209976196289,98.61000061035156,98.37000274658203,98.54000091552734,61037
2024-12-18 13:30:00-05:00,97.72000122070312,98.4822006225586,97.69999694824219,98.4000015258789,76816
2024-12-18 14:30:00-05:00,97.38500213623047,97.82679748535156,97.3499984741211,97.7249984741211,168495
2024-12-18 15:30:00-05:00,96.81999969482422,97.41500091552734,96.81999969482422,97.38999938964844,261271
2024-12-19 09:30:00-05:00,96.70999908447266,97.08999633789062,96.66000366210938,97.0199966430664,250103
2024-12-19 10:30:00-05:00,96.97000122070312,96.97000122070312,96.6449966430664,96.76000213623047,182860
2024-12-19 11:30:00-05:00,96.63500213623047,96.98999786376953,96.5199966430664,96.95999908447266,130507
2024-12-19 12:30:00-05:00,96.79000091552734,96.80999755859375,96.58000183105469,96.66000366210938,79804
2024-12-19 13:30:00-05:00,96.91999816894531,96.95999908447266,96.7699966430664,96.79000091552734,94223
2024-12-19 14:30:00-05:00,96.86000061035156,96.94000244140625,96.80999755859375,96.91000366210938,159802
2024-12-19 15:30:00-05:00,96.75,96.98149871826172,96.75,96.86000061035156,211464
2024-12-20 09:30:00-05:00,96.83000183105469,96.83499908447266,96.06199645996094,96.16000366210938,176487
2024-12-20 10:30:00-05:00,96.97000122070312,97.20999908447266,96.83000183105469,96.86000061035156,295134
2024-12-20 11:30:00-05:00,97.44999694824219,97.54000091552734,96.91999816894531,96.97000122070312,139929
2024-12-20 12:30:00-05:00,97.26000213623047,97.58999633789062,97.23300170898438,97.44999694824219,120732
2024-12-20 13:30:00-05:00,97.16999816894531,97.33999633789062,97.08999633789062,97.25499725341797,111087
2024-12-20 14:30:00-05:00,97.01000213623047,97.2699966430664,97.00250244140625,97.16000366210938,169209
2024-12-20 15:30:00-05:00,97.08999633789062,97.16999816894531,96.93499755859375,97.0199966430664,211041
2024-12-23 09:30:00-05:00,97.30000305175781,97.94000244140625,97.2300033569336,97.72000122070312,199908
2024-12-23 10:30:00-05:00,97.37000274658203,97.3949966430664,97.0999984741211,97.30999755859375,174536
2024-12-23 11:30:00-05:00,97.45999908447266,97.56999969482422,97.30850219726562,97.36499786376953,132204
2024-12-23 12:30:00-05:00,97.90350341796875,97.90350341796875,97.45999908447266,97.4749984741211,84531
2024-12-23 13:30:00-05:00,98.05000305175781,98.06500244140625,97.83350372314453,97.9000015258789,74807
2024-12-23 14:30:00-05:00,98.12999725341797,98.20999908447266,97.98999786376953,98.0425033569336,130171
2024-12-23 15:30:00-05:00,98.41999816894531,98.5199966430664,98.11000061035156,98.11000061035156,164617
2024-12-24 09:30:00-05:00,98.04010009765625,98.20999908447266,97.67009735107422,98.20999908447266,84859
2024-12-24 10:30:00-05:00,98.31340026855469,98.41690063476562,97.98999786376953,98.01119995117188,106946
2024-12-24 11:30:00-05:00,98.28500366210938,98.44619750976562,98.1697006225586,98.30999755859375,85060
2024-12-26 09:30:00-05:00,98.30999755859375,98.52999877929688,98.12999725341797,98.12999725341797,71390
2024-12-26 10:30:00-05:00,98.20999908447266,98.40499877929688,98.1604995727539,98.33560180664062,59606
2024-12-26 11:30:00-05:00,98.19499969482422,98.33000183105469,98.19000244140625,98.20010375976562,63614
2024-12-26 12:30:00-05:00,98.27999877929688,98.30000305175781,98.16999816894531,98.20500183105469,45260
2024-12-26 13:30:00-05:00,98.23999786376953,98.30000305175781,98.18000030517578,98.2750015258789,41473
2024-12-26 14:30:00-05:00,98.29000091552734,98.36000061035156,98.2042007446289,98.25,75966
2024-12-26 15:30:00-05:00,98.375,98.43000030517578,98.19000244140625,98.29000091552734,148194
2024-12-27 09:30:00-05:00,98.26000213623047,98.37999725341797,97.80000305175781,97.80000305175781,217197
2024-12-27 10:30:00-05:00,98.47000122070312,98.47000122070312,98.20999908447266,98.25499725341797,217687
2024-12-27 11:30:00-05:00,98.08000183105469,98.59500122070312,98.08000183105469,98.46900177001953,79835
2024-12-27 12:30:00-05:00,98.06500244140625,98.12999725341797,97.9800033569336,98.08999633789062,57804
2024-12-27 13:30:00-05:00,98.23999786376953,98.29000091552734,98.05500030517578,98.05999755859375,72552
2024-12-27 14:30:00-05:00,98.22000122070312,98.45999908447266,98.16500091552734,98.21009826660156,160400
2024-12-27 15:30:00-05:00,98.41000366210938,98.43000030517578,98.01000213623047,98.20999908447266,112808
2024-12-30 09:30:00-05:00,97.47000122070312,98.08999633789062,97.45999908447266,98.08999633789062,114224
2024-12-30 10:30:00-05:00,97.68000030517578,97.7300033569336,97.27999877929688,97.45999908447266,199871
2024-12-30 11:30:00-05:00,97.66500091552734,97.88999938964844,97.36009979248047,97.69999694824219,110854
2024-12-30 12:30:00-05:00,97.55000305175781,97.68319702148438,97.41000366210938,97.68319702148438,114361
2024-12-30 13:30:00-05:00,97.62000274658203,97.7699966430664,97.45999908447266,97.54000091552734,69189
2024-12-30 14:30:00-05:00,97.38500213623047,97.66999816894531,97.38500213623047,97.58000183105469,75549
2024-12-30 15:30:00-05:00,97.30999755859375,97.58000183105469,97.30999755859375,97.4000015258789,128369
2024-12-31 09:30:00-05:00,97.43879699707031,97.94999694824219,97.33000183105469,97.33000183105469,108697
2024-12-31 10:30:00-05:00,97.4749984741211,97.62999725341797,97.37000274658203,97.41000366210938,89716
2024-12-31 11:30:00-05:00,97.16899871826172,97.45999908447266,97.13999938964844,97.45999908447266,75573
2024-12-31 12:30:00-05:00,97.08000183105469,97.3499984741211,97.05999755859375,97.18000030517578,110803
2024-12-31 13:30:00-05:00,97.23999786376953,97.41000366210938,97.13999938964844,97.1500015258789,45483
2024-12-31 14:30:00-05:00,97.36000061035156,97.41000366210938,97.16999816894531,97.23999786376953,64023
2024-12-31 15:30:00-05:00,97.30999755859375,97.37999725341797,97.16000366210938,97.33000183105469,142402
2025-01-02 09:30:00-05:00,97.54000091552734,98.0,97.26000213623047,97.51000213623047,124587
2025-01-02 10:30:00-05:00,97.65499877929688,97.83000183105469,97.4800033569336,97.5,191758
2025-01-02 11:30:00-05:00,97.54000091552734,97.9000015258789,97.5199966430664,97.6500015258789,124380
2025-01-02 12:30:00-05:00,97.31999969482422,97.56999969482422,97.26000213623047,97.54000091552734,90645
2025-01-02 13:30:00-05:00,97.16999816894531,97.41999816894531,97.04000091552734,97.31999969482422,122860
2025-01-02 14:30:00-05:00,97.01000213623047,97.18000030517578,96.91000366210938,97.18000030517578,194213
2025-01-02 15:30:00-05:00,97.125,97.13999938964844,96.94999694824219,97.0199966430664,175448
2025-01-03 09:30:00-05:00,97.2300033569336,97.44000244140625,97.18000030517578,97.38999938964844,179386
2025-01-03 10:30:00-05:00,97.86499786376953,97.9000015258789,97.23999786376953,97.23999786376953,398684
2025-01-03 11:30:00-05:00,97.63079833984375,97.83999633789062,97.62000274658203,97.81999969482422,144448
2025-01-03 12:30:00-05:00,97.79499816894531,97.79499816894531,97.55180358886719,97.62000274658203,139624
2025-01-03 13:30:00-05:00,97.69000244140625,97.80000305175781,97.61000061035156,97.80000305175781,99808
2025-01-03 14:30:00-05:00,97.68000030517578,97.76000213623047,97.53820037841797,97.69000244140625,122730
2025-01-03 15:30:00-05:00,97.6500015258789,97.68000030517578,97.51499938964844,97.68000030517578,223843
2025-01-06 09:30:00-05:00,97.75,98.01020050048828,97.4749984741211,97.83000183105469,188092
2025-01-06 10:30:00-05:00,98.27999877929688,98.3499984741211,97.73999786376953,97.77999877929688,351659
2025-01-06 11:30:00-05:00,98.26499938964844,98.45819854736328,98.25559997558594,98.27999877929688,139113
2025-01-06 12:30:00-05:00,98.08999633789062,98.23999786376953,97.98999786376953,98.23999786376953,149969
2025-01-06 13:30:00-05:00,97.91999816894531,98.125,97.91999816894531,98.0999984741211,110860
2025-01-06 14:30:00-05:00,97.72000122070312,97.97000122070312,97.69999694824219,97.91999816894531,149834
2025-01-06 15:30:00-05:00,97.70999908447266,97.75,97.55000305175781,97.72000122070312,204255
2025-01-07 09:30:00-05:00,99.20500183105469,99.23999786376953,98.72000122070312,98.80000305175781,195940
2025-01-07 10:30:00-05:00,99.38999938964844,99.47000122070312,98.98999786376953,99.22000122070312,369075
2025-01-07 11:30:00-05:00,99.44000244140625,99.55999755859375,99.26000213623047,99.38999938964844,128383
2025-01-07 12:30:00-05:00,99.43000030517578,99.58000183105469,99.30599975585938,99.44999694824219,116557
2025-01-07 13:30:00-05:00,99.27999877929688,99.43000030517578,99.12999725341797,99.41999816894531,110506
2025-01-07 14:30:00-05:00,98.91999816894531,99.29810333251953,98.87000274658203,99.29810333251953,153136
2025-01-07 15:30:00-05:00,98.9800033569336,99.08000183105469,98.91000366210938,98.93000030517578,224010
2025-01-08 09:30:00-05:00,99.31999969482422,99.37000274658203,98.52999877929688,99.16000366210938,273690
2025-01-08 10:30:00-05:00,99.74500274658203,99.83000183105469,99.25499725341797,99.31999969482422,266332
2025-01-08 11:30:00-05:00,99.47000122070312,99.7699966430664,99.44000244140625,99.7300033569336,100407
2025-01-08 12:30:00-05:00,99.55999755859375,99.55999755859375,99.37010192871094,99.4800033569336,109267
2025-01-08 13:30:00-05:00,100.58000183105469,100.66999816894531,99.38999938964844,99.55000305175781,451880
2025-01-08 14:30:00-05:00,100.18879699707031,100.58000183105469,99.91000366210938,100.55999755859375,233098
2025-01-08 15:30:00-05:00,100.2300033569336,100.30999755859375,100.08999633789062,100.16999816894531,289824
2025-01-10 09:30:00-05:00,99.48999786376953,99.72000122070312,99.19999694824219,99.47000122070312,241411
2025-01-10 10:30:00-05:00,99.22000122070312,99.59320068359375,99.04000091552734,99.48999786376953,189531
2025-01-10 11:30:00-05:00,99.44000244140625,99.44999694824219,99.05999755859375,99.19999694824219,372739
2025-01-10 12:30:00-05:00,99.41000366210938,99.48999786376953,99.33417510986328,99.43000030517578,91753
2025-01-10 13:30:00-05:00,99.33999633789062,99.5,99.2699966430664,99.4000015258789,83559
2025-01-10 14:30:00-05:00,99.2300033569336,99.3499984741211,99.16999816894531,99.33380126953125,150468
2025-01-10 15:30:00-05:00,99.08999633789062,99.30999755859375,99.02999877929688,99.23159790039062,188617
2025-01-13 09:30:00-05:00,98.76000213623047,98.81999969482422,98.45999908447266,98.55999755859375,303823
2025-01-13 10:30:00-05:00,98.80500030517578,98.98999786376953,98.74700164794922,98.74700164794922,360413
2025-01-13 11:30:00-05:00,98.68569946289062,98.87000274658203,98.58000183105469,98.79000091552734,121164
2025-01-13 12:30:00-05:00,98.9800033569336,99.02999877929688,98.65080261230469,98.66000366210938,97481
2025-01-13 13:30:00-05:00,99.06500244140625,99.19989776611328,98.94000244140625,98.94999694824219,79011
2025-01-13 14:30:00-05:00,99.04000091552734,99.05999755859375,98.81999969482422,99.05999755859375,156569
2025-01-13 15:30:00-05:00,99.2699966430664,99.2699966430664,99.01789855957031,99.01789855957031,261497
2025-01-14 09:30:00-05:00,98.70999908447266,99.0,98.19999694824219,98.75,301640
2025-01-14 10:30:00-05:00,98.57060241699219,98.87999725341797,98.5199966430664,98.7300033569336,330848
2025-01-14 11:30:00-05:00,98.45999908447266,98.58999633789062,98.22000122070312,98.54000091552734,200252
2025-01-14 12:30:00-05:00,98.79000091552734,98.79000091552734,98.37000274658203,98.43000030517578,119611
2025-01-14 13:30:00-05:00,99.01000213623047,99.08000183105469,98.77649688720703,98.79000091552734,118777
2025-01-14 14:30:00-05:00,99.01000213623047,99.1500015258789,98.75,99.01809692382812,161643
2025-01-14 15:30:00-05:00,99.3949966430664,99.44000244140625,98.94000244140625,99.01000213623047,450952
2025-01-15 09:30:00-05:00,99.2750015258789,99.7300033569336,99.19000244140625,99.4800033569336,167331
2025-01-15 10:30:00-05:00,99.16500091552734,99.4800033569336,99.06999969482422,99.27999877929688,183405
2025-01-15 11:30:00-05:00,99.13999938964844,99.16960144042969,98.90799713134766,99.16000366210938,180725
2025-01-15 12:30:00-05:00,99.08000183105469,99.23999786376953,99.05000305175781,99.13999938964844,206129
2025-01-15 13:30:00-05:00,99.16000366210938,99.1709976196289,99.01000213623047,99.08999633789062,108910
2025-01-15 14:30:00-05:00,99.16999816894531,99.2699966430664,99.0999984741211,99.16999816894531,137599
2025-01-15 15:30:00-05:00,99.06999969482422,99.19999694824219,98.95999908447266,99.1500015258789,240527
2025-01-16 09:30:00-05:00,98.81999969482422,99.31999969482422,98.7699966430664,99.20999908447266,140462
2025-01-16 10:30:00-05:00,99.37000274658203,99.58000183105469,98.80999755859375,98.80999755859375,213290
2025-01-16 11:30:00-05:00,99.58999633789062,99.61000061035156,99.36000061035156,99.37999725341797,89250
2025-01-16 12:30:00-05:00,99.44999694824219,99.5999984741211,99.37000274658203,99.5999984741211,53873
2025-01-16 13:30:00-05:00,99.66000366210938,99.7300033569336,99.41999816894531,99.44999694824219,157036
2025-01-16 14:30:00-05:00,98.89409637451172,99.7782974243164,97.55999755859375,99.66000366210938,622857
2025-01-16 15:30:00-05:00,97.83999633789062,99.22000122070312,97.38999938964844,98.98999786376953,1563543
2025-01-17 09:30:00-05:00,98.44499969482422,98.50499725341797,97.87999725341797,98.37000274658203,433312
2025-01-17 10:30:00-05:00,97.79000091552734,98.45999908447266,97.75,98.44999694824219,170228
2025-01-17 11:30:00-05:00,97.98999786376953,98.0,97.73500061035156,97.73500061035156,83662
2025-01-17 12:30:00-05:00,97.82990264892578,98.0,97.80999755859375,97.95999908447266,78429
2025-01-17 13:30:00-05:00,97.73500061035156,97.86000061035156,97.69000244140625,97.77999877929688,93496
2025-01-17 14:30:00-05:00,97.70999908447266,97.81900024414062,97.66999816894531,97.73999786376953,137207
2025-01-17 15:30:00-05:00,97.5199966430664,97.76000213623047,97.44999694824219,97.69999694824219,349495
2025-01-21 09:30:00-05:00,98.54000091552734,98.79989624023438,98.30000305175781,98.30000305175781,172947
2025-01-21 10:30:00-05:00,98.4800033569336,98.76000213623047,98.30000305175781,98.55000305175781,246903
2025-01-21 11:30:00-05:00,98.5999984741211,98.70999908447266,98.5250015258789,98.54000091552734,183801
2025-01-21 12:30:00-05:00,98.43000030517578,98.62000274658203,98.41010284423828,98.5999984741211,114114
2025-01-21 13:30:00-05:00,98.43000030517578,98.52400207519531,98.37999725341797,98.4656982421875,94149
2025-01-21 14:30:00-05:00,98.7750015258789,98.77999877929688,98.36000061035156,98.4000015258789,159671
2025-01-21 15:30:00-05:00,99.77999877929688,100.09500122070312,98.70999908447266,98.7750015258789,773572
2025-01-22 09:30:00-05:00,99.0,99.23999786376953,98.625,99.23999786376953,256802
2025-01-22 10:30:00-05:00,98.76000213623047,99.08499908447266,98.68000030517578,99.01000213623047,219466
2025-01-22 11:30:00-05:00,98.9800033569336,99.11000061035156,98.80999755859375,98.80999755859375,100776
2025-01-22 12:30:00-05:00,98.87999725341797,99.01000213623047,98.80999755859375,98.99500274658203,65406
2025-01-22 13:30:00-05:00,98.77999877929688,98.88999938964844,98.55999755859375,98.88500213623047,183390
2025-01-22 14:30:00-05:00,98.55000305175781,98.77999877929688,98.48999786376953,98.76000213623047,240839
2025-01-22 15:30:00-05:00,98.16999816894531,98.58000183105469,98.12000274658203,98.56999969482422,403913
2025-01-23 09:30:00-05:00,99.05999755859375,99.5199966430664,99.05999755859375,99.44999694824219,537865
2025-01-23 10:30:00-05:00,99.36499786376953,99.37000274658203,98.87999725341797,99.05999755859375,302694
2025-01-23 11:30:00-05:00,99.4749984741211,99.4749984741211,99.19000244140625,99.3499984741211,74733
2025-01-23 12:30:00-05:00,99.69499969482422,99.7300033569336,99.48999786376953,99.48999786376953,72152
2025-01-23 13:30:00-05:00,99.76000213623047,99.79000091552734,99.66999816894531,99.70999908447266,93586
2025-01-23 14:30:00-05:00,99.94000244140625,99.9800033569336,99.72000122070312,99.75499725341797,150170
2025-01-23 15:30:00-05:00,100.05000305175781,100.18000030517578,99.87999725341797,99.94999694824219,342662
2025-01-24 09:30:00-05:00,99.36799621582031,99.66999816894531,99.12000274658203,99.43000030517578,644982
2025-01-24 10:30:00-05:00,99.80999755859375,99.80999755859375,99.33000183105469,99.3499984741211,468362
2025-01-24 11:30:00-05:00,99.88500213623047,99.97000122070312,99.75,99.79000091552734,109788
2025-01-24 12:30:00-05:00,99.91999816894531,99.99500274658203,99.87000274658203,99.88500213623047,85255
2025-01-24 13:30:00-05:00,99.88999938964844,99.98999786376953,99.81999969482422,99.93000030517578,95854
2025-01-24 14:30:00-05:00,99.87999725341797,99.97000122070312,99.86499786376953,99.9000015258789,124344
2025-01-24 15:30:00-05:00,99.95999908447266,99.98999786376953,99.80999755859375,99.87999725341797,187809
2025-01-27 09:30:00-05:00,102.40260314941406,102.7300033569336,102.0199966430664,102.08000183105469,662607
2025-01-27 10:30:00-05:00,102.5,102.54000091552734,102.16999816894531,102.4000015258789,403612
2025-01-27 11:30:00-05:00,102.71099853515625,102.7699966430664,102.43000030517578,102.5,176833
2025-01-27 12:30:00-05:00,102.7948989868164,102.87999725341797,102.62000274658203,102.70999908447266,139501
2025-01-27 13:30:00-05:00,103.25,103.2699966430664,102.7699966430664,102.80999755859375,186748
2025-01-27 14:30:00-05:00,103.33999633789062,103.47000122070312,103.1500015258789,103.23999786376953,263131
2025-01-27 15:30:00-05:00,103.41999816894531,103.48999786376953,103.22100067138672,103.31999969482422,361667
2025-01-28 09:30:00-05:00,102.01010131835938,102.91000366210938,101.98999786376953,102.66000366210938,630148
2025-01-28 10:30:00-05:00,102.0999984741211,102.46499633789062,101.98090362548828,102.01000213623047,563193
2025-01-28 11:30:00-05:00,101.8499984741211,102.0999984741211,101.75499725341797,102.0999984741211,128292
2025-01-28 12:30:00-05:00,102.01000213623047,102.11000061035156,101.83999633789062,101.83999633789062,99285
2025-01-28 13:30:00-05:00,101.83000183105469,102.09500122070312,101.7699966430664,102.02999877929688,119755
2025-01-28 14:30:00-05:00,101.87999725341797,102.0199966430664,101.83000183105469,101.84500122070312,138996
2025-01-28 15:30:00-05:00,101.86000061035156,102.05999755859375,101.81999969482422,101.875,238623
2025-01-29 09:30:00-05:00,103.26000213623047,103.2699966430664,102.82029724121094,102.95999908447266,650128
2025-01-29 10:30:00-05:00,102.94000244140625,103.2699966430664,102.7300033569336,103.2699966430664,665419
2025-01-29 11:30:00-05:00,102.94000244140625,103.19000244140625,102.91999816894531,102.91999816894531,157422
2025-01-29 12:30:00-05:00,102.87000274658203,102.94999694824219,102.67500305175781,102.94000244140625,124491
2025-01-29 13:30:00-05:00,102.70999908447266,102.94999694824219,102.68000030517578,102.87000274658203,147037
2025-01-29 14:30:00-05:00,103.08000183105469,103.19000244140625,102.69999694824219,102.70999908447266,234491
2025-01-29 15:30:00-05:00,102.95999908447266,103.1365966796875,102.93000030517578,103.08000183105469,287463
2025-01-30 09:30:00-05:00,103.41999816894531,103.5,103.18000030517578,103.41000366210938,332707
2025-01-30 10:30:00-05:00,103.22000122070312,103.48999786376953,103.19000244140625,103.41500091552734,378943
2025-01-30 11:30:00-05:00,103.80000305175781,103.80000305175781,103.1500015258789,103.19999694824219,283681
2025-01-30 12:30:00-05:00,104.16000366210938,104.22000122070312,103.63999938964844,103.83000183105469,245129
2025-01-30 13:30:00-05:00,104.30000305175781,104.30999755859375,104.03500366210938,104.16999816894531,221456
2025-01-30 14:30:00-05:00,104.51000213623047,104.52999877929688,104.19999694824219,104.29499816894531,372654
2025-01-30 15:30:00-05:00,104.7699966430664,105.04000091552734,104.2699966430664,104.51000213623047,727042
2025-01-31 09:30:00-05:00,105.55000305175781,106.7750015258789,105.54000091552734,106.18000030517578,1083613
2025-01-31 10:30:00-05:00,104.95500183105469,105.67500305175781,104.77999877929688,105.54499816894531,1272075
2025-01-31 11:30:00-05:00,105.18000030517578,105.2699966430664,104.7114028930664,104.97000122070312,197476
2025-01-31 12:30:00-05:00,104.8499984741211,105.2249984741211,104.80010223388672,105.19999694824219,161061
2025-01-31 13:30:00-05:00,104.77999877929688,104.91649627685547,104.47000122070312,104.81999969482422,169599
2025-01-31 14:30:00-05:00,104.65499877929688,104.87000274658203,104.52999877929688,104.80000305175781,245510
2025-01-31 15:30:00-05:00,104.70999908447266,104.7750015258789,104.58999633789062,104.65499877929688,432001
2025-02-03 09:30:00-05:00,105.30000305175781,105.44000244140625,104.06999969482422,104.47000122070312,747230
2025-02-03 10:30:00-05:00,105.2699966430664,105.3499984741211,104.80999755859375,105.27999877929688,550082
2025-02-03 11:30:00-05:00,105.08000183105469,105.43000030517578,104.74349975585938,105.25,516015
2025-02-03 12:30:00-05:00,105.2699966430664,105.30999755859375,104.81500244140625,105.06500244140625,154916
2025-02-03 13:30:00-05:00,105.69000244140625,105.73999786376953,105.23999786376953,105.29000091552734,296643
2025-02-03 14:30:00-05:00,105.52999877929688,105.97599792480469,105.36000061035156,105.69000244140625,440859
2025-02-03 15:30:00-05:00,105.4800033569336,105.68000030517578,105.45999908447266,105.5199966430664,338544
2025-02-04 09:30:00-05:00,105.06999969482422,105.71499633789062,105.02269744873047,105.55999755859375,378556
2025-02-04 10:30:00-05:00,105.44499969482422,105.52980041503906,104.91000366210938,105.05000305175781,355986
2025-02-04 11:30:00-05:00,105.69999694824219,105.70999908447266,105.37000274658203,105.44999694824219,381373
2025-02-04 12:30:00-05:00,105.58999633789062,105.76000213623047,105.56500244140625,105.70500183105469,132719
2025-02-04 13:30:00-05:00,105.51000213623047,105.66999816894531,105.4000015258789,105.58999633789062,205380
2025-02-04 14:30:00-05:00,105.37999725341797,105.55000305175781,105.36000061035156,105.5,211550
2025-02-04 15:30:00-05:00,105.47000122070312,105.55999755859375,105.29000091552734,105.37000274658203,261299
2025-02-05 09:30:00-05:00,108.87000274658203,108.93499755859375,108.03500366210938,108.03500366210938,412325
2025-02-05 10:30:00-05:00,109.4000015258789,109.48999786376953,108.83000183105469,108.8499984741211,355272
2025-02-05 11:30:00-05:00,109.36000061035156,109.47000122070312,109.23999786376953,109.3949966430664,321827
2025-02-05 12:30:00-05:00,109.66999816894531,109.73999786376953,109.30039978027344,109.37999725341797,108745
2025-02-05 13:30:00-05:00,110.04000091552734,110.06999969482422,109.66999816894531,109.66999816894531,265396
2025-02-05 14:30:00-05:00,109.88919830322266,110.07499694824219,109.69000244140625,110.04000091552734,737905
2025-02-05 15:30:00-05:00,109.83000183105469,109.93000030517578,109.7699966430664,109.8855972290039,442604
2025-02-06 09:30:00-05:00,108.12000274658203,108.7300033569336,107.9000015258789,108.43000030517578,487657
2025-02-06 10:30:00-05:00,107.88999938964844,108.12000274658203,107.73999786376953,108.12000274658203,295335
2025-02-06 11:30:00-05:00,107.47000122070312,107.9000015258789,107.43000030517578,107.9000015258789,198017
2025-02-06 12:30:00-05:00,107.33999633789062,107.55000305175781,107.30999755859375,107.45999908447266,106289
2025-02-06 13:30:00-05:00,107.13999938964844,107.4000015258789,107.11000061035156,107.30999755859375,104562
2025-02-06 14:30:00-05:00,106.76000213623047,107.0999984741211,106.76000213623047,107.06999969482422,171783
2025-02-06 15:30:00-05:00,106.98500061035156,107.04000091552734,106.70999908447266,106.7699966430664,901409
2025-02-07 09:30:00-05:00,106.83000183105469,107.37049865722656,106.81999969482422,107.3499984741211,222259
2025-02-07 10:30:00-05:00,106.4354019165039,106.9749984741211,106.4000015258789,106.81999969482422,280026
2025-02-07 11:30:00-05:00,106.42500305175781,106.56999969482422,106.34010314941406,106.45999908447266,146978
2025-02-07 12:30:00-05:00,106.5696029663086,106.63259887695312,106.4000015258789,106.44999694824219,91050
2025-02-07 13:30:00-05:00,106.37999725341797,106.66999816894531,106.36499786376953,106.56999969482422,91987
2025-02-07 14:30:00-05:00,106.12000274658203,106.50499725341797,106.0999984741211,106.37000274658203,134431
2025-02-07 15:30:00-05:00,106.19999694824219,106.2699966430664,106.0,106.11499786376953,954800
2025-02-10 09:30:00-05:00,106.62000274658203,107.04000091552734,106.49500274658203,106.5199966430664,249733
2025-02-10 10:30:00-05:00,106.5199966430664,106.87000274658203,106.44999694824219,106.58499908447266,238975
2025-02-10 11:30:00-05:00,106.12999725341797,106.5999984741211,106.08999633789062,106.51000213623047,123879
2025-02-10 12:30:00-05:00,106.19999694824219,106.31099700927734,106.11000061035156,106.12999725341797,96375
2025-02-10 13:30:00-05:00,106.4104995727539,106.44000244140625,106.16000366210938,106.19999694824219,138463
2025-02-10 14:30:00-05:00,106.4800033569336,106.58999633789062,106.4000015258789,106.43000030517578,152579
2025-02-10 15:30:00-05:00,106.83000183105469,106.86000061035156,106.44999694824219,106.48999786376953,484847
2025-02-11 09:30:00-05:00,106.98999786376953,107.11000061035156,106.43000030517578,106.61000061035156,497281
2025-02-11 10:30:00-05:00,107.47000122070312,107.47000122070312,106.94999694824219,106.9800033569336,135668
2025-02-11 11:30:00-05:00,107.61499786376953,107.69999694824219,107.45999908447266,107.47000122070312,173866
2025-02-11 12:30:00-05:00,107.61000061035156,107.69000244140625,107.55000305175781,107.61499786376953,88263
2025-02-11 13:30:00-05:00,107.80999755859375,107.80999755859375,107.57450103759766,107.58999633789062,125328
2025-02-11 14:30:00-05:00,107.80999755859375,107.9885025024414,107.7699966430664,107.80999755859375,173928
2025-02-11 15:30:00-05:00,107.73999786376953,107.88500213623047,107.66999816894531,107.80500030517578,256055
2025-02-12 09:30:00-05:00,106.8949966430664,106.91000366210938,106.36000061035156,106.55999755859375,527885
2025-02-12 10:30:00-05:00,106.9800033569336,107.02999877929688,106.66000366210938,106.87999725341797,186033
2025-02-12 11:30:00-05:00,107.25,107.5,106.87010192871094,106.97000122070312,898010
2025-02-12 12:30:00-05:00,107.0999984741211,107.33999633789062,107.0999984741211,107.24500274658203,78414
2025-02-12 13:30:00-05:00,106.8499984741211,107.22000122070312,106.83999633789062,107.125,100743
2025-02-12 14:30:00-05:00,107.0199966430664,107.0999984741211,106.8550033569336,106.86000061035156,184627
2025-02-12 15:30:00-05:00,106.98999786376953,107.13999938964844,106.91999816894531,107.01499938964844,410213
2025-02-13 09:30:00-05:00,107.53340148925781,107.54499816894531,106.48629760742188,106.95999908447266,784445
2025-02-13 10:30:00-05:00,108.04000091552734,108.08999633789062,107.43000030517578,107.51000213623047,897335
2025-02-13 11:30:00-05:00,107.81999969482422,108.04000091552734,107.73999786376953,108.02899932861328,512561
2025-02-13 12:30:00-05:00,107.83999633789062,108.08499908447266,107.73999786376953,107.8499984741211,89758
2025-02-13 13:30:00-05:00,107.80000305175781,107.8499984741211,107.50530242919922,107.84500122070312,111084
2025-02-13 14:30:00-05:00,107.62999725341797,107.94999694824219,107.56999969482422,107.80000305175781,204548
2025-02-13 15:30:00-05:00,107.68000030517578,107.69999694824219,107.45999908447266,107.5999984741211,172999
2025-02-14 09:30:00-05:00,105.98999786376953,106.9800033569336,105.9749984741211,106.94000244140625,216763
2025-02-14 10:30:00-05:00,106.08499908447266,106.41999816894531,105.88999938964844,105.9800033569336,173939
2025-02-14 11:30:00-05:00,105.79000091552734,106.22000122070312,105.79000091552734,106.08999633789062,122601
2025-02-14 12:30:00-05:00,105.8499984741211,105.92050170898438,105.7699966430664,105.79969787597656,66669
2025-02-14 13:30:00-05:00,105.77999877929688,105.94999694824219,105.76000213623047,105.87000274658203,66811
2025-02-14 14:30:00-05:00,105.5250015258789,105.7699966430664,105.51000213623047,105.76000213623047,122906
2025-02-14 15:30:00-05:00,105.44000244140625,105.58999633789062,105.37999725341797,105.5250015258789,333456
2025-02-18 09:30:00-05:00,106.5,106.62000274658203,106.12999725341797,106.27999877929688,258078
2025-02-18 10:30:00-05:00,106.52999877929688,106.62999725341797,106.37999725341797,106.5199966430664,177250
2025-02-18 11:30:00-05:00,106.6500015258789,106.6500015258789,106.43000030517578,106.54000091552734,127166
2025-02-18 12:30:00-05:00,106.58999633789062,106.66999816894531,106.41000366210938,106.66000366210938,108250
2025-02-18 13:30:00-05:00,106.63500213623047,106.69000244140625,106.5,106.58000183105469,125337
2025-02-18 14:30:00-05:00,106.58499908447266,106.69869995117188,106.45999908447266,106.62999725341797,159721
2025-02-18 15:30:00-05:00,106.62000274658203,106.69000244140625,106.55500030517578,106.58999633789062,226751
2025-02-19 09:30:00-05:00,106.91000366210938,106.91999816894531,106.31999969482422,106.45999908447266,145944
2025-02-19 10:30:00-05:00,106.68000030517578,107.08000183105469,106.55000305175781,106.93000030517578,182816
2025-02-19 11:30:00-05:00,106.8219985961914,106.91000366210938,106.63500213623047,106.70999908447266,109475
2025-02-19 12:30:00-05:00,106.83499908447266,106.88999938964844,106.69999694824219,106.83000183105469,88022
2025-02-19 13:30:00-05:00,107.0999984741211,107.125,106.80000305175781,106.83999633789062,91319
2025-02-19 14:30:00-05:00,107.05000305175781,107.13999938964844,106.9801025390625,107.0999984741211,105797
2025-02-19 15:30:00-05:00,106.91000366210938,107.11000061035156,106.9000015258789,107.02999877929688,381036
2025-02-20 09:30:00-05:00,107.12000274658203,107.12200164794922,106.0999984741211,106.11000061035156,238207
2025-02-20 10:30:00-05:00,107.41000366210938,107.5,107.11000061035156,107.12999725341797,150184
2025-02-20 11:30:00-05:00,107.25,107.4000015258789,107.12999725341797,107.4000015258789,101017
2025-02-20 12:30:00-05:00,107.21499633789062,107.3499984741211,107.16000366210938,107.2300033569336,78807
2025-02-20 13:30:00-05:00,107.19000244140625,107.33000183105469,107.18000030517578,107.21499633789062,144138
2025-02-20 14:30:00-05:00,107.29000091552734,107.29000091552734,107.12999725341797,107.19999694824219,119256
2025-02-20 15:30:00-05:00,107.25499725341797,107.36000061035156,107.21499633789062,107.28900146484375,395640
2025-02-21 09:30:00-05:00,108.43000030517578,108.63999938964844,108.08000183105469,108.62000274658203,441180
2025-02-21 10:30:00-05:00,109.22000122070312,109.33000183105469,108.40499877929688,108.43000030517578,442087
2025-02-21 11:30:00-05:00,109.5470962524414,109.75,109.16000366210938,109.22000122070312,218520
2025-02-21 12:30:00-05:00,109.52999877929688,109.68000030517578,109.44000244140625,109.51010131835938,137329
2025-02-21 13:30:00-05:00,109.62000274658203,109.7300033569336,109.3499984741211,109.5250015258789,216558
2025-02-21 14:30:00-05:00,109.58000183105469,109.77999877929688,109.43000030517578,109.61000061035156,350650
2025-02-21 15:30:00-05:00,109.36000061035156,109.69000244140625,109.36000061035156,109.58000183105469,353209
2025-02-24 09:30:00-05:00,109.41999816894531,109.62999725341797,109.20500183105469,109.41000366210938,268159
2025-02-24 10:30:00-05:00,109.61000061035156,109.61000061035156,109.3499984741211,109.44000244140625,206735
2025-02-24 11:30:00-05:00,109.80000305175781,109.875,108.83499908447266,109.62000274658203,335883
2025-02-24 12:30:00-05:00,109.62000274658203,109.81999969482422,109.55000305175781,109.80000305175781,105666
2025-02-24 13:30:00-05:00,109.41999816894531,109.66000366210938,109.37999725341797,109.58999633789062,153222
2025-02-24 14:30:00-05:00,109.17569732666016,109.52999877929688,108.91999816894531,109.43000030517578,280265
2025-02-24 15:30:00-05:00,109.22000122070312,109.24500274658203,109.08000183105469,109.18000030517578,340470
2025-02-25 09:30:00-05:00,112.30000305175781,112.30000305175781,111.48999786376953,111.73999786376953,404581
2025-02-25 10:30:00-05:00,112.80000305175781,112.83000183105469,112.36000061035156,112.37999725341797,493101
2025-02-25 11:30:00-05:00,109.98999786376953,112.9800033569336,109.70500183105469,112.80999755859375,1569833
2025-02-25 12:30:00-05:00,109.75,110.05000305175781,109.55999755859375,110.0,363940
2025-02-25 13:30:00-05:00,109.63999938964844,110.0999984741211,109.5999984741211,109.75,356372
2025-02-25 14:30:00-05:00,109.70999908447266,109.87999725341797,109.08999633789062,109.66000366210938,1227546
2025-02-25 15:30:00-05:00,109.55999755859375,109.87000274658203,109.36000061035156,109.71499633789062,825019
2025-02-26 09:30:00-05:00,108.62999725341797,109.0999984741211,108.55500030517578,108.76000213623047,626003
2025-02-26 10:30:00-05:00,108.48500061035156,109.01000213623047,108.25,108.625,396442
2025-02-26 11:30:00-05:00,108.19000244140625,108.56999969482422,108.16000366210938,108.48999786376953,264692
2025-02-26 12:30:00-05:00,107.86000061035156,108.23999786376953,107.6050033569336,108.19999694824219,289183
2025-02-26 13:30:00-05:00,107.80000305175781,107.86720275878906,107.5999984741211,107.83999633789062,167187
2025-02-26 14:30:00-05:00,107.76000213623047,107.94999694824219,107.69000244140625,107.80000305175781,276680
2025-02-26 15:30:00-05:00,108.0199966430664,108.04000091552734,107.70999908447266,107.76000213623047,475334
2025-02-27 09:30:00-05:00,108.42500305175781,108.5199966430664,107.51000213623047,107.66999816894531,401087
2025-02-27 10:30:00-05:00,108.55999755859375,108.7300033569336,108.3499984741211,108.41500091552734,280586
2025-02-27 11:30:00-05:00,108.83999633789062,108.9000015258789,108.53500366210938,108.58000183105469,136811
2025-02-27 12:30:00-05:00,108.9000015258789,108.97000122070312,108.73999786376953,108.8499984741211,132631
2025-02-27 13:30:00-05:00,108.94999694824219,109.04000091552734,108.81999969482422,108.9000015258789,132204
2025-02-27 14:30:00-05:00,108.72000122070312,108.95999908447266,108.6500015258789,108.94999694824219,259448
2025-02-27 15:30:00-05:00,108.91999816894531,108.98999786376953,108.68000030517578,108.72000122070312,402915
2025-02-28 09:30:00-05:00,108.58999633789062,108.75,108.2300033569336,108.41000366210938,364358
2025-02-28 10:30:00-05:00,108.4000015258789,108.8499984741211,108.33000183105469,108.56999969482422,327912
2025-02-28 11:30:00-05:00,108.48500061035156,108.62999725341797,108.26000213623047,108.37999725341797,140573
2025-02-28 12:30:00-05:00,108.22000122070312,108.52999877929688,108.11000061035156,108.51950073242188,673594
2025-02-28 13:30:00-05:00,108.25,108.31999969482422,108.0199966430664,108.22000122070312,133953
2025-02-28 14:30:00-05:00,108.5,108.51000213623047,108.20500183105469,108.2750015258789,182021
2025-02-28 15:30:00-05:00,109.05000305175781,109.06999969482422,108.44000244140625,108.48999786376953,386685
2025-03-03 09:30:00-05:00,110.22000122070312,110.27999877929688,109.69999694824219,109.69999694824219,337139
2025-03-03 10:30:00-05:00,110.19000244140625,110.44999694824219,110.13999938964844,110.22000122070312,215202
2025-03-03 11:30:00-05:00,110.75499725341797,110.7699966430664,110.19000244140625,110.19000244140625,163997
2025-03-03 12:30:00-05:00,110.83000183105469,110.94000244140625,110.66999816894531,110.75,176573
2025-03-03 13:30:00-05:00,110.66000366210938,110.87000274658203,110.61000061035156,110.83000183105469,204585
2025-03-03 14:30:00-05:00,110.4800033569336,110.87000274658203,110.38999938964844,110.66500091552734,304988
2025-03-03 15:30:00-05:00,110.63500213623047,110.83000183105469,110.36000061035156,110.5,493773
2025-03-04 09:30:00-05:00,112.12999725341797,112.45999908447266,111.47000122070312,111.47000122070312,559076
2025-03-04 10:30:00-05:00,111.80000305175781,112.16999816894531,111.7300033569336,112.12000274658203,770947
2025-03-04 11:30:00-05:00,112.0199966430664,112.54000091552734,111.69830322265625,111.8499984741211,488264
2025-03-04 12:30:00-05:00,111.56999969482422,112.01000213623047,111.52999877929688,112.01000213623047,157859
2025-03-04 13:30:00-05:00,111.65499877929688,111.84500122070312,111.54000091552734,111.58999633789062,138947
2025-03-04 14:30:00-05:00,111.72000122070312,111.76499938964844,111.38999938964844,111.68000030517578,190357
2025-03-04 15:30:00-05:00,111.45999908447266,111.87999725341797,111.44999694824219,111.7249984741211,374865
2025-03-05 09:30:00-05:00,112.55999755859375,112.81999969482422,111.86000061035156,112.0199966430664,307208
2025-03-05 10:30:00-05:00,112.69999694824219,112.69999694824219,112.37999725341797,112.5,177742
2025-03-05 11:30:00-05:00,112.56999969482422,112.70999908447266,112.37300109863281,112.70999908447266,204690
2025-03-05 12:30:00-05:00,112.45999908447266,112.75309753417969,112.3499984741211,112.55580139160156,151458
2025-03-05 13:30:00-05:00,112.41000366210938,112.62000274658203,112.30999755859375,112.43000030517578,181016
2025-03-05 14:30:00-05:00,112.01100158691406,112.5,112.01000213623047,112.41000366210938,191595
2025-03-05 15:30:00-05:00,111.86000061035156,112.0385971069336,111.79100036621094,112.01499938964844,352882
2025-03-06 09:30:00-05:00,112.04000091552734,112.41999816894531,111.88999938964844,111.9800033569336,448636
2025-03-06 10:30:00-05:00,112.54000091552734,112.7300033569336,112.0199966430664,112.05000305175781,139527
2025-03-06 11:30:00-05:00,112.40499877929688,112.55000305175781,112.2699966430664,112.5,162391
2025-03-06 12:30:00-05:00,112.61000061035156,112.80999755859375,112.26000213623047,112.43000030517578,130868
2025-03-06 13:30:00-05:00,112.75,112.78160095214844,112.5,112.5999984741211,156918
2025-03-06 14:30:00-05:00,113.0199966430664,113.0250015258789,112.75,112.75,132211
2025-03-06 15:30:00-05:00,112.88099670410156,113.13999938964844,112.84030151367188,113.05000305175781,318387
2025-03-07 09:30:00-05:00,114.66999816894531,114.9000015258789,114.43000030517578,114.7699966430664,340907
2025-03-07 10:30:00-05:00,115.2699966430664,115.63999938964844,114.44999694824219,114.66999816894531,433668
2025-03-07 11:30:00-05:00,115.48999786376953,115.97000122070312,115.21499633789062,115.2699966430664,333546
2025-03-07 12:30:00-05:00,115.41000366210938,115.6500015258789,115.31999969482422,115.45500183105469,204179
2025-03-07 13:30:00-05:00,115.44400024414062,115.55000305175781,115.25,115.4000015258789,227499
2025-03-07 14:30:00-05:00,115.4800033569336,115.56999969482422,115.2699966430664,115.43000030517578,266786
2025-03-07 15:30:00-05:00,115.55000305175781,115.62000274658203,115.36000061035156,115.47000122070312,384218
2025-03-10 09:30:00-04:00,116.80999755859375,116.91000366210938,115.41999816894531,115.5,233075
2025-03-10 10:30:00-04:00,116.63500213623047,116.87000274658203,116.12999725341797,116.83000183105469,265261
2025-03-10 11:30:00-04:00,116.38500213623047,116.66999816894531,115.56500244140625,116.6500015258789,194307
2025-03-10 12:30:00-04:00,116.3583984375,116.62000274658203,116.27999877929688,116.4000015258789,131137
2025-03-10 13:30:00-04:00,115.75,116.36000061035156,115.7300033569336,116.36000061035156,146387
2025-03-10 14:30:00-04:00,115.33000183105469,115.7699966430664,114.9800033569336,115.75,219154
2025-03-10 15:30:00-04:00,115.51000213623047,115.70999908447266,115.19499969482422,115.32499694824219,349289
2025-03-11 09:30:00-04:00,113.0,113.75,112.51000213623047,113.75,263673
2025-03-11 10:30:00-04:00,112.27999877929688,113.08999633789062,112.26000213623047,113.01000213623047,345126
2025-03-11 11:30:00-04:00,112.125,112.6500015258789,112.06999969482422,112.2699966430664,250453
2025-03-11 12:30:00-04:00,112.06500244140625,112.19000244140625,111.87999725341797,112.0999984741211,151920
2025-03-11 13:30:00-04:00,112.11000061035156,112.16000366210938,111.91500091552734,112.08000183105469,137785
2025-03-11 14:30:00-04:00,111.97000122070312,112.31999969482422,111.85009765625,112.0999984741211,193279
2025-03-11 15:30:00-04:00,111.37000274658203,111.9800033569336,111.16999816894531,111.9800033569336,487002
2025-03-12 09:30:00-04:00,108.94499969482422,109.25,108.68000030517578,109.23999786376953,731610
2025-03-12 10:30:00-04:00,108.75,109.0,108.44000244140625,108.95999908447266,451336
2025-03-12 11:30:00-04:00,109.08499908447266,109.08999633789062,108.66000366210938,108.75499725341797,298425
2025-03-12 12:30:00-04:00,109.0199966430664,109.08000183105469,108.74500274658203,109.05000305175781,88108
2025-03-12 13:30:00-04:00,108.7750015258789,109.12000274658203,108.66999816894531,109.0199966430664,164420
2025-03-12 14:30:00-04:00,108.45999908447266,108.80000305175781,108.4000015258789,108.77999877929688,237234
2025-03-12 15:30:00-04:00,108.69999694824219,108.80500030517578,108.41999816894531,108.47000122070312,308815
2025-03-13 09:30:00-04:00,109.73999786376953,110.11000061035156,109.61000061035156,109.80999755859375,436434
2025-03-13 10:30:00-04:00,109.30000305175781,110.0250015258789,109.22000122070312,109.7300033569336,156923
2025-03-13 11:30:00-04:00,109.43000030517578,109.58999633789062,109.12999725341797,109.27999877929688,171893
2025-03-13 12:30:00-04:00,109.12000274658203,109.5250015258789,109.04000091552734,109.43000030517578,84624
2025-03-13 13:30:00-04:00,109.08499908447266,109.1500015258789,108.87000274658203,109.11000061035156,151255
2025-03-13 14:30:00-04:00,109.04000091552734,109.29000091552734,109.01000213623047,109.08999633789062,159948
2025-03-13 15:30:00-04:00,109.0999984741211,109.22000122070312,108.93000030517578,109.0199966430664,332193
2025-03-14 09:30:00-04:00,108.55999755859375,108.55999755859375,107.63500213623047,107.93000030517578,243226
2025-03-14 10:30:00-04:00,108.86000061035156,108.88990020751953,108.44999694824219,108.54000091552734,220527
2025-03-14 11:30:00-04:00,108.84500122070312,109.2300033569336,108.80999755859375,108.87999725341797,163448
2025-03-14 12:30:00-04:00,109.0999984741211,109.23500061035156,108.75,108.80000305175781,99908
2025-03-14 13:30:00-04:00,108.88999938964844,109.12000274658203,108.8499984741211,109.1050033569336,76682
2025-03-14 14:30:00-04:00,109.14949798583984,109.16999816894531,108.875,108.93000030517578,108930
2025-03-14 15:30:00-04:00,109.05999755859375,109.30000305175781,109.05000305175781,109.125,257376
2025-03-17 09:30:00-04:00,111.4000015258789,111.4000015258789,110.61000061035156,110.62000274658203,361900
2025-03-17 10:30:00-04:00,111.5999984741211,111.62999725341797,111.16000366210938,111.4000015258789,225397
2025-03-17 11:30:00-04:00,111.9000015258789,111.9000015258789,111.36000061035156,111.57499694824219,193998
2025-03-17 12:30:00-04:00,111.95999908447266,112.05999755859375,111.76000213623047,111.88999938964844,3372379
2025-03-17 13:30:00-04:00,112.13999938964844,112.41999816894531,111.97000122070312,111.97000122070312,164375
2025-03-17 14:30:00-04:00,112.23100280761719,112.26000213623047,112.12999725341797,112.12999725341797,182324
2025-03-17 15:30:00-04:00,112.23999786376953,112.30999755859375,112.13999938964844,112.23999786376953,333028
2025-03-18 09:30:00-04:00,111.55500030517578,112.0999984741211,111.52999877929688,112.0199966430664,200275
2025-03-18 10:30:00-04:00,111.69999694824219,111.7699966430664,111.41500091552734,111.52999877929688,208575
2025-03-18 11:30:00-04:00,112.1500015258789,112.22000122070312,111.66000366210938,111.68000030517578,182222
2025-03-18 12:30:00-04:00,112.06999969482422,112.18000030517578,111.8499984741211,112.16000366210938,2677061
2025-03-18 13:30:00-04:00,112.2750015258789,112.36000061035156,112.06500244140625,112.06500244140625,86509
2025-03-18 14:30:00-04:00,112.31999969482422,112.5,112.20500183105469,112.29000091552734,198847
2025-03-18 15:30:00-04:00,112.2300033569336,112.4000015258789,112.18000030517578,112.33000183105469,293877
2025-03-19 09:30:00-04:00,111.5,111.81999969482422,111.4800033569336,111.7699966430664,125086
2025-03-19 10:30:00-04:00,111.99500274658203,111.99500274658203,111.5199966430664,111.52999877929688,130313
2025-03-19 11:30:00-04:00,111.69000244140625,112.05999755859375,111.69000244140625,111.99500274658203,372877
2025-03-19 12:30:00-04:00,111.31500244140625,111.68990325927734,111.2699966430664,111.6500015258789,849274
2025-03-19 13:30:00-04:00,111.19999694824219,111.41000366210938,111.1500015258789,111.30000305175781,155108
2025-03-19 14:30:00-04:00,111.54499816894531,111.62000274658203,111.16999816894531,111.19000244140625,212473
2025-03-19 15:30:00-04:00,111.56999969482422,111.68499755859375,111.47000122070312,111.55000305175781,274751
2025-03-20 09:30:00-04:00,112.94999694824219,112.98999786376953,112.61000061035156,112.8499984741211,326215
2025-03-20 10:30:00-04:00,112.26000213623047,113.0,112.2249984741211,112.94999694824219,264234
2025-03-20 11:30:00-04:00,113.11000061035156,113.19999694824219,112.08999633789062,112.2750015258789,288144
2025-03-20 12:30:00-04:00,112.98999786376953,113.19999694824219,112.95999908447266,113.0999984741211,4054235
2025-03-20 13:30:00-04:00,113.05000305175781,113.13999938964844,112.87000274658203,112.98999786376953,221745
2025-03-20 14:30:00-04:00,113.22000122070312,113.30999755859375,113.0199966430664,113.04000091552734,232894
2025-03-20 15:30:00-04:00,113.22000122070312,113.37999725341797,113.0999984741211,113.20999908447266,413555
2025-03-21 09:30:00-04:00,112.8949966430664,113.27999877929688,112.73999786376953,113.02999877929688,230103
2025-03-21 10:30:00-04:00,112.87999725341797,113.1500015258789,112.82929992675781,112.9000015258789,124162
2025-03-21 11:30:00-04:00,112.26000213623047,112.875,112.1500015258789,112.875,296852
2025-03-21 12:30:00-04:00,112.06999969482422,112.44000244140625,112.06999969482422,112.26499938964844,769969
2025-03-21 13:30:00-04:00,111.9800033569336,112.18000030517578,111.94039916992188,112.05999755859375,1464872
2025-03-21 14:30:00-04:00,112.13500213623047,112.26000213623047,111.96499633789062,111.98999786376953,207151
2025-03-21 15:30:00-04:00,112.0999984741211,112.26000213623047,112.04499816894531,112.1449966430664,307579
2025-03-24 09:30:00-04:00,111.82499694824219,112.19999694824219,111.45999908447266,111.94000244140625,192869
2025-03-24 10:30:00-04:00,111.51000213623047,111.9749984741211,111.46499633789062,111.82499694824219,107914
2025-03-24 11:30:00-04:00,110.98500061035156,111.56500244140625,110.87000274658203,111.52999877929688,393283
2025-03-24 12:30:00-04:00,111.13999938964844,111.13999938964844,110.72000122070312,111.01000213623047,132687
2025-03-24 13:30:00-04:00,110.9000015258789,111.15499877929688,110.84500122070312,111.13999938964844,113128
2025-03-24 14:30:00-04:00,110.98500061035156,111.02999877929688,110.83000183105469,110.88999938964844,173947
2025-03-24 15:30:00-04:00,111.12000274658203,111.19000244140625,110.91000366210938,110.98999786376953,286266
2025-03-25 09:30:00-04:00,111.68000030517578,112.23500061035156,111.66999816894531,112.0,148161
2025-03-25 10:30:00-04:00,111.41999816894531,111.78500366210938,111.37999725341797,111.66999816894531,117791
2025-03-25 11:30:00-04:00,110.94499969482422,111.45999908447266,110.87000274658203,111.43499755859375,605306
2025-03-25 12:30:00-04:00,110.76719665527344,111.05999755859375,110.66999816894531,111.0,656617
2025-03-25 13:30:00-04:00,110.48999786376953,110.83499908447266,110.42842102050781,110.77999877929688,267663
2025-03-25 14:30:00-04:00,110.052001953125,110.62000274658203,109.97000122070312,110.5,257119
2025-03-25 15:30:00-04:00,110.41000366210938,110.41999816894531,109.98500061035156,110.06999969482422,366922
2025-03-26 09:30:00-04:00,109.73999786376953,109.80000305175781,108.64630126953125,109.08000183105469,397063
2025-03-26 10:30:00-04:00,109.70999908447266,110.19000244140625,109.6500015258789,109.73999786376953,155678
2025-03-26 11:30:00-04:00,110.13999938964844,110.1500015258789,109.62999725341797,109.70999908447266,165410
2025-03-26 12:30:00-04:00,109.9800033569336,110.19999694824219,109.66999816894531,110.11000061035156,390831
2025-03-26 13:30:00-04:00,109.93000030517578,110.0199966430664,109.77999877929688,109.9800033569336,90139
2025-03-26 14:30:00-04:00,110.0250015258789,110.02999877929688,109.82939910888672,109.95999908447266,131559
2025-03-26 15:30:00-04:00,110.12000274658203,110.13999938964844,109.9749984741211,110.02999877929688,496230
2025-03-27 09:30:00-04:00,111.55999755859375,111.63999938964844,111.16000366210938,111.16999816894531,334002
2025-03-27 10:30:00-04:00,111.4800033569336,111.61000061035156,111.34500122070312,111.56999969482422,302930
2025-03-27 11:30:00-04:00,111.38999938964844,111.60459899902344,111.23999786376953,111.4800033569336,203889
2025-03-27 12:30:00-04:00,111.19999694824219,111.45999908447266,111.19999694824219,111.37999725341797,109666
2025-03-27 13:30:00-04:00,111.25,111.33999633789062,111.11000061035156,111.19999694824219,118725
2025-03-27 14:30:00-04:00,111.34500122070312,111.34500122070312,111.11000061035156,111.25,108485
2025-03-27 15:30:00-04:00,111.41000366210938,111.58000183105469,111.33149719238281,111.33999633789062,202466
2025-03-28 09:30:00-04:00,111.8499984741211,111.87480163574219,111.375,111.63999938964844,172706
2025-03-28 10:30:00-04:00,111.91000366210938,111.94999694824219,111.26429748535156,111.86000061035156,457310
2025-03-28 11:30:00-04:00,111.91999816894531,112.19000244140625,111.84500122070312,111.91999816894531,298893
2025-03-28 12:30:00-04:00,112.27999877929688,112.40499877929688,111.8949966430664,111.95999908447266,484572
2025-03-28 13:30:00-04:00,112.31999969482422,112.8499984741211,112.2699966430664,112.2750015258789,288117
2025-03-28 14:30:00-04:00,112.56999969482422,112.65499877929688,112.30000305175781,112.30000305175781,352734
2025-03-28 15:30:00-04:00,112.55999755859375,112.70999908447266,112.44499969482422,112.56500244140625,398111
2025-03-31 09:30:00-04:00,110.83999633789062,111.25,110.6500015258789,110.88999938964844,460279
2025-03-31 10:30:00-04:00,110.73500061035156,111.0199966430664,110.58000183105469,110.81999969482422,586076
2025-03-31 11:30:00-04:00,110.56999969482422,110.86499786376953,110.54499816894531,110.7300033569336,277151
2025-03-31 12:30:00-04:00,110.56999969482422,110.72000122070312,110.48999786376953,110.56999969482422,221010
2025-03-31 13:30:00-04:00,110.66500091552734,110.75,110.31500244140625,110.56999969482422,255384
2025-03-31 14:30:00-04:00,111.27999877929688,111.33999633789062,110.61000061035156,110.66500091552734,334952
2025-03-31 15:30:00-04:00,111.4800033569336,111.66999816894531,111.2509994506836,111.2750015258789,620060
2025-04-01 09:30:00-04:00,111.17500305175781,112.5,111.17500305175781,112.4800033569336,292323
2025-04-01 10:30:00-04:00,111.54000091552734,111.7300033569336,111.09500122070312,111.16000366210938,138360
2025-04-01 11:30:00-04:00,111.0,111.58000183105469,111.0,111.55000305175781,246768
2025-04-01 12:30:00-04:00,110.41000366210938,111.03959655761719,110.31999969482422,111.02999877929688,118729
2025-04-01 13:30:00-04:00,109.99500274658203,110.41000366210938,109.83000183105469,110.41000366210938,204907
2025-04-01 14:30:00-04:00,109.43000030517578,110.01000213623047,109.42500305175781,109.9800033569336,308403
2025-04-01 15:30:00-04:00,109.61499786376953,109.74500274658203,109.38999938964844,109.41999816894531,551048
2025-04-02 09:30:00-04:00,109.66500091552734,110.19000244140625,109.48999786376953,110.01000213623047,558624
2025-04-02 10:30:00-04:00,109.5999984741211,109.82499694824219,109.58999633789062,109.68000030517578,188059
2025-04-02 11:30:00-04:00,109.58999633789062,109.86000061035156,109.3499984741211,109.61000061035156,377177
2025-04-02 12:30:00-04:00,110.0999984741211,110.12144470214844,109.51399993896484,109.58499908447266,179772
2025-04-02 13:30:00-04:00,110.18009948730469,110.26499938964844,110.00299835205078,110.09760284423828,309194
2025-04-02 14:30:00-04:00,110.56999969482422,110.58499908447266,110.18000030517578,110.18499755859375,296633
2025-04-02 15:30:00-04:00,110.7699966430664,110.83000183105469,110.5199966430664,110.56999969482422,411683
2025-04-03 09:30:00-04:00,113.63999938964844,114.44000244140625,113.25499725341797,114.3499984741211,788363
2025-04-03 10:30:00-04:00,113.33999633789062,114.03500366210938,113.125,113.69000244140625,583662
2025-04-03 11:30:00-04:00,113.06500244140625,113.44000244140625,113.0250015258789,113.30999755859375,163510
2025-04-03 12:30:00-04:00,112.67500305175781,113.18000030517578,112.63249969482422,113.04010009765625,149059
2025-04-03 13:30:00-04:00,112.83499908447266,112.93000030517578,112.6520004272461,112.6520004272461,165989
2025-04-03 14:30:00-04:00,112.71499633789062,112.95500183105469,112.56999969482422,112.83000183105469,489201
2025-04-03 15:30:00-04:00,112.26000213623047,112.77999877929688,112.26000213623047,112.71499633789062,419616
2025-04-04 09:30:00-04:00,107.83999633789062,109.91000366210938,107.66999816894531,109.5,1365652
2025-04-04 10:30:00-04:00,107.51000213623047,108.01000213623047,106.87999725341797,107.83999633789062,651458
2025-04-04 11:30:00-04:00,107.0999984741211,107.87000274658203,106.98999786376953,107.43000030517578,282694
2025-04-04 12:30:00-04:00,106.69999694824219,107.33000183105469,106.44999694824219,107.0999984741211,178658
2025-04-04 13:30:00-04:00,106.29000091552734,107.1500015258789,106.22000122070312,106.69999694824219,253916
2025-04-04 14:30:00-04:00,106.41000366210938,106.71299743652344,106.05999755859375,106.25,267148
2025-04-04 15:30:00-04:00,105.93000030517578,106.55000305175781,105.61499786376953,106.41000366210938,422762
2025-04-07 09:30:00-04:00,102.58000183105469,104.12999725341797,100.76000213623047,101.58999633789062,851996
2025-04-07 10:30:00-04:00,101.41000366210938,103.1050033569336,100.77999877929688,102.62000274658203,779412
2025-04-07 11:30:00-04:00,102.16000366210938,102.3499984741211,101.19000244140625,101.31999969482422,363266
2025-04-07 12:30:00-04:00,102.9000015258789,102.9000015258789,101.4000015258789,102.15290069580078,282033
2025-04-07 13:30:00-04:00,103.61290740966797,104.0,102.58000183105469,102.875,221026
2025-04-07 14:30:00-04:00,102.78679656982422,103.66999816894531,102.5999984741211,103.5999984741211,345104
2025-04-07 15:30:00-04:00,102.8499984741211,103.33000183105469,102.76000213623047,102.76000213623047,400604
2025-04-08 09:30:00-04:00,104.51000213623047,105.5,104.29000091552734,105.38999938964844,537214
2025-04-08 10:30:00-04:00,103.44999694824219,104.55999755859375,103.22000122070312,104.45500183105469,330093
2025-04-08 11:30:00-04:00,103.29000091552734,103.91999816894531,103.13999938964844,103.36000061035156,155915
2025-04-08 12:30:00-04:00,102.30999755859375,103.44000244140625,102.30999755859375,103.37999725341797,196044
2025-04-08 13:30:00-04:00,102.71499633789062,103.08000183105469,102.33000183105469,102.38500213623047,269109
2025-04-08 14:30:00-04:00,102.62000274658203,103.23999786376953,102.37999725341797,102.77999877929688,256431
2025-04-08 15:30:00-04:00,101.95999908447266,102.61000061035156,100.91000366210938,102.61000061035156,524427
2025-04-09 09:30:00-04:00,98.63999938964844,99.26000213623047,97.71499633789062,98.20999908447266,833734
2025-04-09 10:30:00-04:00,98.5,98.77999877929688,97.80000305175781,98.70999908447266,432257
2025-04-09 11:30:00-04:00,98.19999694824219,98.69999694824219,98.06999969482422,98.5199966430664,294262
2025-04-09 12:30:00-04:00,101.49500274658203,102.05999755859375,98.15499877929688,98.19000244140625,325523
2025-04-09 13:30:00-04:00,102.625,102.73999786376953,101.16000366210938,101.45999908447266,358175
2025-04-09 14:30:00-04:00,103.29000091552734,103.29000091552734,101.70999908447266,102.625,442054
2025-04-09 15:30:00-04:00,103.88999938964844,104.1500015258789,103.18000030517578,103.30000305175781,749724
2025-04-10 09:30:00-04:00,101.87999725341797,102.58999633789062,101.58000183105469,102.33000183105469,475210
2025-04-10 10:30:00-04:00,102.29000091552734,102.33000183105469,101.33999633789062,101.88500213623047,728322
2025-04-10 11:30:00-04:00,100.66000366210938,102.3499984741211,100.48999786376953,102.27999877929688,346971
2025-04-10 12:30:00-04:00,101.44999694824219,102.19000244140625,100.6500015258789,100.66000366210938,238990
2025-04-10 13:30:00-04:00,104.19000244140625,104.33999633789062,101.38999938964844,101.5,595362
2025-04-10 14:30:00-04:00,103.27999877929688,104.30000305175781,103.0,104.20999908447266,689784
2025-04-10 15:30:00-04:00,103.43000030517578,103.95999908447266,102.80000305175781,103.26499938964844,1003563
2025-04-11 09:30:00-04:00,105.81999969482422,106.41000366210938,104.69000244140625,105.66999816894531,1251388
2025-04-11 10:30:00-04:00,105.48500061035156,106.47000122070312,105.27469635009766,105.80999755859375,1265826
2025-04-11 11:30:00-04:00,106.37000274658203,106.75,105.41999816894531,105.47000122070312,524278
2025-04-11 12:30:00-04:00,107.05000305175781,107.4800033569336,106.33999633789062,106.36000061035156,269219
2025-04-11 13:30:00-04:00,107.4000015258789,107.93000030517578,106.97000122070312,107.06999969482422,295744
2025-04-11 14:30:00-04:00,108.04000091552734,108.12999725341797,107.37000274658203,107.3949966430664,273887
2025-04-11 15:30:00-04:00,107.5199966430664,108.03500366210938,107.33000183105469,108.0199966430664,653973
2025-04-14 09:30:00-04:00,108.12000274658203,108.16000366210938,107.08000183105469,107.1500015258789,470119
2025-04-14 10:30:00-04:00,108.94999694824219,109.22000122070312,108.1500015258789,108.16999816894531,366001
2025-04-14 11:30:00-04:00,108.79000091552734,109.30999755859375,108.37000274658203,108.94000244140625,242835
2025-04-14 12:30:00-04:00,109.01000213623047,109.11000061035156,108.66000366210938,108.76000213623047,172423
2025-04-14 13:30:00-04:00,109.47000122070312,109.47000122070312,108.94000244140625,109.0199966430664,167388
2025-04-14 14:30:00-04:00,109.55999755859375,109.61840057373047,109.25499725341797,109.4800033569336,346774
2025-04-14 15:30:00-04:00,109.4749984741211,109.66999816894531,109.37000274658203,109.54000091552734,531952
2025-04-15 09:30:00-04:00,110.30500030517578,110.43000030517578,109.29000091552734,109.69000244140625,391280
2025-04-15 10:30:00-04:00,110.16999816894531,110.52999877929688,109.98999786376953,110.31500244140625,316006
2025-04-15 11:30:00-04:00,109.80999755859375,110.12999725341797,109.73999786376953,110.08999633789062,138436
2025-04-15 12:30:00-04:00,109.59500122070312,109.88500213623047,109.5728988647461,109.83000183105469,147794
2025-04-15 13:30:00-04:00,109.7300033569336,109.81880187988281,109.54000091552734,109.62000274658203,158467
2025-04-15 14:30:00-04:00,109.80500030517578,109.96499633789062,109.69999694824219,109.70999908447266,155545
2025-04-15 15:30:00-04:00,109.93000030517578,109.94000244140625,109.72000122070312,109.79000091552734,214564
2025-04-16 09:30:00-04:00,110.16000366210938,110.62999725341797,109.69000244140625,110.52999877929688,398998
2025-04-16 10:30:00-04:00,110.70500183105469,110.73999786376953,109.98280334472656,110.1050033569336,290186
2025-04-16 11:30:00-04:00,110.2300033569336,110.76000213623047,110.19999694824219,110.70999908447266,167378
2025-04-16 12:30:00-04:00,110.52999877929688,110.52999877929688,110.16000366210938,110.2499008178711,213464
2025-04-16 13:30:00-04:00,109.77999877929688,110.56999969482422,109.76000213623047,110.51000213623047,276071
2025-04-16 14:30:00-04:00,109.30999755859375,109.80999755859375,109.30000305175781,109.7750015258789,225232
2025-04-16 15:30:00-04:00,109.58999633789062,109.7300033569336,109.22000122070312,109.31999969482422,374029
2025-04-17 09:30:00-04:00,110.3499984741211,110.5199966430664,109.5,109.66999816894531,223039
2025-04-17 10:30:00-04:00,110.56999969482422,110.58000183105469,109.87999725341797,110.37999725341797,385088
2025-04-17 11:30:00-04:00,110.94000244140625,110.98999786376953,110.27999877929688,110.5999984741211,148830
2025-04-17 12:30:00-04:00,110.77999877929688,111.10990142822266,110.66999816894531,110.89849853515625,119229
2025-04-17 13:30:00-04:00,111.05010223388672,111.23500061035156,110.76010131835938,110.80000305175781,88712
2025-04-17 14:30:00-04:00,110.83000183105469,111.2699966430664,110.83000183105469,111.0999984741211,133548
2025-04-17 15:30:00-04:00,110.83999633789062,111.0250015258789,110.66000366210938,110.87999725341797,334065
2025-04-21 09:30:00-04:00,111.29000091552734,111.5698013305664,110.45999908447266,110.87000274658203,178134
2025-04-21 10:30:00-04:00,110.80500030517578,111.63999938964844,110.70999908447266,111.26000213623047,151306
2025-04-21 11:30:00-04:00,110.69999694824219,110.83999633789062,110.5999984741211,110.79000091552734,71583
2025-04-21 12:30:00-04:00,110.5,110.83999633789062,110.3499984741211,110.7300033569336,114396
2025-04-21 13:30:00-04:00,110.30000305175781,110.55000305175781,110.0199966430664,110.48999786376953,212141
2025-04-21 14:30:00-04:00,110.30000305175781,110.41000366210938,110.16000366210938,110.31999969482422,103856
2025-04-21 15:30:00-04:00,110.52999877929688,110.5999984741211,110.30000305175781,110.31999969482422,205821
2025-04-22 09:30:00-04:00,111.43000030517578,111.51000213623047,110.94999694824219,111.0199966430664,375918
2025-04-22 10:30:00-04:00,111.48500061035156,111.6095962524414,111.19999694824219,111.41999816894531,242877
2025-04-22 11:30:00-04:00,111.48999786376953,111.94999694824219,111.45999908447266,111.5,133352
2025-04-22 12:30:00-04:00,111.12999725341797,111.61000061035156,111.05999755859375,111.4800033569336,126517
2025-04-22 13:30:00-04:00,111.22000122070312,111.23999786376953,110.83000183105469,111.10199737548828,130102
2025-04-22 14:30:00-04:00,110.98999786376953,111.44999694824219,110.95999908447266,111.22000122070312,170953
2025-04-22 15:30:00-04:00,111.4000015258789,111.45999908447266,110.94000244140625,110.97000122070312,333208
2025-04-23 09:30:00-04:00,110.44000244140625,110.7300033569336,109.94000244140625,110.52999877929688,1010941
2025-04-23 10:30:00-04:00,110.16999816894531,110.62999725341797,109.70500183105469,110.47000122070312,395224
2025-04-23 11:30:00-04:00,110.30999755859375,110.33999633789062,109.98999786376953,110.16999816894531,258965
2025-04-23 12:30:00-04:00,110.22000122070312,110.375,109.95999908447266,110.30999755859375,114788
2025-04-23 13:30:00-04:00,109.9800033569336,110.37000274658203,109.95999908447266,110.19039916992188,148243
2025-04-23 14:30:00-04:00,109.910400390625,110.11000061035156,109.8499984741211,110.0,227841
2025-04-23 15:30:00-04:00,110.0999984741211,110.0999984741211,109.51000213623047,109.91000366210938,485708
2025-04-24 09:30:00-04:00,111.66999816894531,111.8499984741211,110.9000015258789,111.8499984741211,413659
2025-04-24 10:30:00-04:00,111.16000366210938,111.93499755859375,111.12000274658203,111.6500015258789,286916
2025-04-24 11:30:00-04:00,111.0999984741211,111.2300033569336,110.83000183105469,111.18000030517578,215638
2025-04-24 12:30:00-04:00,110.93000030517578,111.20999908447266,110.91999816894531,111.07029724121094,70459
2025-04-24 13:30:00-04:00,110.94999694824219,111.16000366210938,110.88999938964844,110.95999908447266,99031
2025-04-24 14:30:00-04:00,111.02999877929688,111.15499877929688,110.88999938964844,110.95999908447266,131616
2025-04-24 15:30:00-04:00,111.16999816894531,111.33000183105469,110.94000244140625,111.01000213623047,246018
2025-04-25 09:30:00-04:00,111.41999816894531,111.88999938964844,110.9800033569336,111.88999938964844,595210
2025-04-25 10:30:00-04:00,111.45999908447266,111.68000030517578,111.22000122070312,111.41999816894531,417249
2025-04-25 11:30:00-04:00,111.69499969482422,111.9000015258789,111.43710327148438,111.45999908447266,232676
2025-04-25 12:30:00-04:00,111.83999633789062,111.83999633789062,111.55000305175781,111.70999908447266,118265
2025-04-25 13:30:00-04:00,112.16000366210938,112.26499938964844,111.62000274658203,111.83499908447266,165913
2025-04-25 14:30:00-04:00,111.93000030517578,112.18000030517578,111.80000305175781,112.13999938964844,248563
2025-04-25 15:30:00-04:00,112.16999816894531,112.26000213623047,111.87000274658203,111.91000366210938,347923
2025-04-28 09:30:00-04:00,112.63999938964844,112.80999755859375,112.16999816894531,112.33000183105469,462116
2025-04-28 10:30:00-04:00,113.25,113.44000244140625,112.4800033569336,112.62999725341797,616805
2025-04-28 11:30:00-04:00,112.66000366210938,113.11000061035156,112.61000061035156,113.0999984741211,132733
2025-04-28 12:30:00-04:00,112.5,112.72000122070312,112.41500091552734,112.66000366210938,189514
2025-04-28 13:30:00-04:00,112.8550033569336,112.88500213623047,112.30500030517578,112.47000122070312,238852
2025-04-28 14:30:00-04:00,112.8550033569336,112.88999938964844,112.50499725341797,112.8550033569336,311350
2025-04-28 15:30:00-04:00,112.5999984741211,112.88999938964844,112.5999984741211,112.8550033569336,441283
2025-04-29 09:30:00-04:00,113.83999633789062,113.83999633789062,113.0,113.38500213623047,722097
2025-04-29 10:30:00-04:00,114.33000183105469,114.46929931640625,113.77999877929688,113.8499984741211,417069
2025-04-29 11:30:00-04:00,114.70500183105469,114.70500183105469,114.26000213623047,114.33999633789062,323159
2025-04-29 12:30:00-04:00,114.4749984741211,114.68000030517578,114.27999877929688,114.68000030517578,84105
2025-04-29 13:30:00-04:00,114.08999633789062,114.5,113.98999786376953,114.4800033569336,179112
2025-04-29 14:30:00-04:00,113.86000061035156,114.20999908447266,113.77999877929688,114.11000061035156,207684
2025-04-29 15:30:00-04:00,113.41000366210938,113.88999938964844,113.33999633789062,113.87999725341797,493766
2025-04-30 09:30:00-04:00,113.56999969482422,114.51000213623047,113.37000274658203,114.2699966430664,485296
2025-04-30 10:30:00-04:00,113.68000030517578,113.81999969482422,113.19499969482422,113.56999969482422,455047
2025-04-30 11:30:00-04:00,113.47000122070312,113.77999877929688,113.31999969482422,113.66000366210938,237759
2025-04-30 12:30:00-04:00,113.44000244140625,113.62999725341797,113.00499725341797,113.46499633789062,205855
2025-04-30 13:30:00-04:00,113.1449966430664,113.5999984741211,113.1449966430664,113.41999816894531,219974
2025-04-30 14:30:00-04:00,112.98999786376953,113.29000091552734,112.9000015258789,113.13999938964844,278998
2025-04-30 15:30:00-04:00,113.44999694824219,113.52999877929688,112.81500244140625,112.9800033569336,460578
2025-05-01 09:30:00-04:00,111.37999725341797,112.6500015258789,110.43000030517578,112.5999984741211,293677
2025-05-01 10:30:00-04:00,111.27999877929688,111.83999633789062,111.12999725341797,111.30000305175781,271800
2025-05-01 11:30:00-04:00,110.80500030517578,111.30999755859375,110.56999969482422,111.28500366210938,190682
2025-05-01 12:30:00-04:00,111.36000061035156,111.54499816894531,110.79000091552734,110.81999969482422,176115
2025-05-01 13:30:00-04:00,111.68499755859375,111.71499633789062,111.27999877929688,111.37000274658203,176685
2025-05-01 14:30:00-04:00,111.44999694824219,111.73999786376953,111.33999633789062,111.69000244140625,253514
2025-05-01 15:30:00-04:00,111.33000183105469,111.6500015258789,111.16999816894531,111.45999908447266,500585
2025-05-02 09:30:00-04:00,114.25,114.87999725341797,113.95500183105469,114.81999969482422,849958
2025-05-02 10:30:00-04:00,113.94999694824219,114.69000244140625,113.75,114.23999786376953,291795
2025-05-02 11:30:00-04:00,114.04000091552734,114.13999938964844,113.77999877929688,113.9800033569336,189210
2025-05-02 12:30:00-04:00,114.04000091552734,114.08000183105469,113.7699966430664,114.03500366210938,150075
2025-05-02 13:30:00-04:00,114.21499633789062,114.2300033569336,113.94999694824219,114.05999755859375,117216
2025-05-02 14:30:00-04:00,114.48999786376953,114.62999725341797,114.13999938964844,114.2300033569336,156919
2025-05-02 15:30:00-04:00,114.27999877929688,114.61000061035156,114.27999877929688,114.4800033569336,266711
2025-05-05 09:30:00-04:00,113.24500274658203,114.16000366210938,113.24500274658203,114.0999984741211,280579
2025-05-05 10:30:00-04:00,112.84500122070312,113.47000122070312,112.6969985961914,113.2699966430664,304662
2025-05-05 11:30:00-04:00,113.1500015258789,113.18000030517578,112.7699966430664,112.86000061035156,104869
2025-05-05 12:30:00-04:00,112.88999938964844,113.20800018310547,112.8499984741211,113.1449966430664,109172
2025-05-05 13:30:00-04:00,113.2699966430664,113.32939910888672,112.9000015258789,112.91000366210938,57935
2025-05-05 14:30:00-04:00,113.25,113.38999938964844,113.19000244140625,113.27749633789062,95158
2025-05-05 15:30:00-04:00,113.08999633789062,113.35900115966797,113.05999755859375,113.26000213623047,164660
2025-05-06 09:30:00-04:00,112.41999816894531,113.4000015258789,112.33000183105469,113.31999969482422,337256
2025-05-06 10:30:00-04:00,112.72000122070312,112.81999969482422,112.20999908447266,112.43000030517578,347738
2025-05-06 11:30:00-04:00,112.44000244140625,112.70999908447266,112.26000213623047,112.70999908447266,159590
2025-05-06 12:30:00-04:00,111.77999877929688,112.51000213623047,111.75050354003906,112.43000030517578,118936
2025-05-06 13:30:00-04:00,111.0,111.81500244140625,110.7300033569336,111.79499816894531,320329
2025-05-06 14:30:00-04:00,110.83999633789062,111.2300033569336,110.66999816894531,111.01000213623047,226216
2025-05-06 15:30:00-04:00,110.55999755859375,110.94499969482422,110.55000305175781,110.8499984741211,546928
2025-05-07 09:30:00-04:00,111.80999755859375,112.23999786376953,111.41999816894531,112.02999877929688,469942
2025-05-07 10:30:00-04:00,111.7300033569336,112.25,111.4800033569336,111.80000305175781,223044
2025-05-07 11:30:00-04:00,112.029296875,112.03260040283203,111.58000183105469,111.66999816894531,145747
2025-05-07 12:30:00-04:00,112.16999816894531,112.37999725341797,112.0,112.0,90383
2025-05-07 13:30:00-04:00,111.76000213623047,112.2300033569336,111.58000183105469,112.16000366210938,86944
2025-05-07 14:30:00-04:00,111.6500015258789,112.03500366210938,111.51000213623047,111.7699966430664,119327
2025-05-07 15:30:00-04:00,111.69999694824219,112.04000091552734,111.5999984741211,111.61000061035156,256777
2025-05-08 09:30:00-04:00,110.5999984741211,111.44000244140625,109.76499938964844,111.44000244140625,548583
2025-05-08 10:30:00-04:00,110.20500183105469,110.6500015258789,110.19000244140625,110.5999984741211,275847
2025-05-08 11:30:00-04:00,110.18499755859375,110.5199966430664,110.02999877929688,110.16999816894531,146155
2025-05-08 12:30:00-04:00,110.45999908447266,110.65499877929688,110.08000183105469,110.22000122070312,143071
2025-05-08 13:30:00-04:00,110.26000213623047,110.46499633789062,110.1050033569336,110.46499633789062,116854
2025-05-08 14:30:00-04:00,110.45999908447266,110.45999908447266,110.23999786376953,110.2699966430664,142596
2025-05-08 15:30:00-04:00,110.18000030517578,110.5,110.0999984741211,110.4800033569336,204997
2025-05-09 09:30:00-04:00,109.81999969482422,109.86499786376953,109.2300033569336,109.45999908447266,315449
2025-05-09 10:30:00-04:00,109.51000213623047,109.86000061035156,109.19999694824219,109.83999633789062,348121
2025-05-09 11:30:00-04:00,109.5999984741211,109.81999969482422,109.5,109.5199966430664,110902
2025-05-09 12:30:00-04:00,109.28500366210938,109.62999725341797,109.22000122070312,109.58000183105469,81721
2025-05-09 13:30:00-04:00,109.2699966430664,109.47000122070312,109.25,109.30000305175781,70127
2025-05-09 14:30:00-04:00,109.0,109.3499984741211,108.94999694824219,109.26000213623047,208811
2025-05-09 15:30:00-04:00,108.68000030517578,109.02999877929688,108.52999877929688,109.01000213623047,372935
2025-05-12 09:30:00-04:00,108.3550033569336,108.51000213623047,106.70999908447266,106.81999969482422,1089165
2025-05-12 10:30:00-04:00,108.83999633789062,109.02999877929688,107.80999755859375,108.33000183105469,554621
2025-05-12 11:30:00-04:00,108.80500030517578,108.94000244140625,108.58000183105469,108.83499908447266,322075
2025-05-12 12:30:00-04:00,109.16999816894531,109.24639892578125,108.73999786376953,108.81919860839844,352377
2025-05-12 13:30:00-04:00,108.92500305175781,109.25650024414062,108.91500091552734,109.18000030517578,220455
2025-05-12 14:30:00-04:00,108.94999694824219,109.05999755859375,108.62999725341797,108.92500305175781,344884
2025-05-12 15:30:00-04:00,108.9800033569336,109.08000183105469,108.74500274658203,108.93000030517578,415868
2025-05-13 09:30:00-04:00,107.2699966430664,108.44000244140625,107.19499969482422,108.44000244140625,387884
2025-05-13 10:30:00-04:00,106.98999786376953,107.43000030517578,106.87999725341797,107.28919982910156,181869
2025-05-13 11:30:00-04:00,106.91000366210938,107.16000366210938,106.6500015258789,107.06999969482422,148674
2025-05-13 12:30:00-04:00,107.0199966430664,107.12000274658203,106.75,106.91500091552734,141160
2025-05-13 13:30:00-04:00,107.0145034790039,107.16000366210938,106.91000366210938,107.0,147382
2025-05-13 14:30:00-04:00,107.0199966430664,107.07959747314453,106.88999938964844,107.0,248348
2025-05-13 15:30:00-04:00,106.83999633789062,107.05000305175781,106.7699966430664,107.0199966430664,393327
2025-05-14 09:30:00-04:00,107.08000183105469,108.19499969482422,107.0199966430664,108.08999633789062,431781
2025-05-14 10:30:00-04:00,106.31999969482422,107.12000274658203,105.98999786376953,107.06999969482422,300608
2025-05-14 11:30:00-04:00,105.96499633789062,106.41000366210938,105.94499969482422,106.33999633789062,109893
2025-05-14 12:30:00-04:00,105.76000213623047,106.01000213623047,105.62000274658203,105.96499633789062,120591
2025-05-14 13:30:00-04:00,105.44000244140625,105.77999877929688,105.44000244140625,105.7300033569336,160446
2025-05-14 14:30:00-04:00,105.38999938964844,105.66410064697266,105.37000274658203,105.45999908447266,184704
2025-05-14 15:30:00-04:00,104.96499633789062,105.41999816894531,104.93000030517578,105.37999725341797,536063
2025-05-15 09:30:00-04:00,107.29000091552734,107.44000244140625,106.70999908447266,107.16000366210938,462126
2025-05-15 10:30:00-04:00,107.83999633789062,107.86000061035156,107.08000183105469,107.27999877929688,191107
2025-05-15 11:30:00-04:00,107.87999725341797,108.03500366210938,107.61499786376953,107.80999755859375,157489
2025-05-15 12:30:00-04:00,108.04000091552734,108.12999725341797,107.69999694824219,107.87999725341797,104167
2025-05-15 13:30:00-04:00,107.97000122070312,108.08999633789062,107.77999877929688,108.04000091552734,109515
2025-05-15 14:30:00-04:00,108.33999633789062,108.37000274658203,107.9800033569336,107.9800033569336,200852
2025-05-15 15:30:00-04:00,108.48999786376953,108.51000213623047,108.23999786376953,108.37000274658203,253539
2025-05-16 09:30:00-04:00,108.83000183105469,109.0,107.96499633789062,108.18000030517578,185221
2025-05-16 10:30:00-04:00,108.91999816894531,108.97000122070312,108.60459899902344,108.86000061035156,196958
2025-05-16 11:30:00-04:00,108.94000244140625,109.00499725341797,108.72000122070312,108.88999938964844,92758
2025-05-16 12:30:00-04:00,109.26000213623047,109.26000213623047,108.88500213623047,108.95999908447266,69614
2025-05-16 13:30:00-04:00,109.31999969482422,109.3550033569336,109.16999816894531,109.25499725341797,87424
2025-05-16 14:30:00-04:00,109.44999694824219,109.51000213623047,109.26000213623047,109.3499984741211,126557
2025-05-16 15:30:00-04:00,109.62000274658203,109.62999725341797,109.33000183105469,109.43000030517578,196241
2025-05-19 09:30:00-04:00,109.7300033569336,109.91000366210938,109.29000091552734,109.30999755859375,235351
2025-05-19 10:30:00-04:00,109.94999694824219,110.27999877929688,109.55000305175781,109.77999877929688,226244
2025-05-19 11:30:00-04:00,110.09500122070312,110.16999816894531,109.9000015258789,109.97000122070312,118808
2025-05-19 12:30:00-04:00,110.1500015258789,110.23500061035156,110.06500244140625,110.08999633789062,59532
2025-05-19 13:30:00-04:00,110.19830322265625,110.23999786376953,110.08000183105469,110.16999816894531,87446
2025-05-19 14:30:00-04:00,110.26000213623047,110.36000061035156,110.19000244140625,110.19000244140625,86094
2025-05-19 15:30:00-04:00,110.70999908447266,110.7300033569336,110.26000213623047,110.27999877929688,260136
2025-05-20 09:30:00-04:00,112.1050033569336,112.51000213623047,112.01000213623047,112.33999633789062,390096
2025-05-20 10:30:00-04:00,112.23999786376953,112.28500366210938,111.7699966430664,112.08000183105469,181533
2025-05-20 11:30:00-04:00,112.13999938964844,112.31230163574219,111.98999786376953,112.22000122070312,97493
2025-05-20 12:30:00-04:00,112.19999694824219,112.25,112.01000213623047,112.125,94846
2025-05-20 13:30:00-04:00,112.25,112.41999816894531,112.20500183105469,112.20500183105469,101572
2025-05-20 14:30:00-04:00,112.27999877929688,112.33000183105469,111.93499755859375,112.2300033569336,126849
2025-05-20 15:30:00-04:00,112.33000183105469,112.44499969482422,112.2300033569336,112.29000091552734,163921
2025-05-21 09:30:00-04:00,113.49500274658203,113.55999755859375,112.81999969482422,113.36000061035156,393083
2025-05-21 10:30:00-04:00,113.58999633789062,113.66999816894531,113.17500305175781,113.50499725341797,202807
2025-05-21 11:30:00-04:00,113.36000061035156,113.6500015258789,113.30000305175781,113.58999633789062,210920
2025-05-21 12:30:00-04:00,113.05000305175781,113.44999694824219,113.01000213623047,113.37000274658203,112972
2025-05-21 13:30:00-04:00,112.94999694824219,113.19999694824219,112.84500122070312,113.04000091552734,100782
2025-05-21 14:30:00-04:00,112.73999786376953,113.06999969482422,112.70500183105469,112.94499969482422,156701
2025-05-21 15:30:00-04:00,112.77999877929688,112.97000122070312,112.73500061035156,112.75,230322
2025-05-22 09:30:00-04:00,112.0199966430664,112.11000061035156,111.5,111.91999816894531,287684
2025-05-22 10:30:00-04:00,112.11000061035156,112.19999694824219,111.73999786376953,112.01000213623047,235533
2025-05-22 11:30:00-04:00,112.58999633789062,112.61000061035156,112.08999633789062,112.11000061035156,196834
2025-05-22 12:30:00-04:00,112.48999786376953,112.62999725341797,112.06999969482422,112.62000274658203,161369
2025-05-22 13:30:00-04:00,112.62999725341797,112.75,112.4800033569336,112.5,203222
2025-05-22 14:30:00-04:00,112.69000244140625,112.7300033569336,112.4800033569336,112.625,175863
2025-05-22 15:30:00-04:00,112.4800033569336,112.75,112.4000015258789,112.69999694824219,264584
2025-05-23 09:30:00-04:00,112.47000122070312,112.55000305175781,111.95999908447266,112.02999877929688,169167
2025-05-23 10:30:00-04:00,112.69999694824219,112.80500030517578,112.44999694824219,112.45999908447266,168892
2025-05-23 11:30:00-04:00,112.72810363769531,112.88999938964844,112.48999786376953,112.72000122070312,62898
2025-05-23 12:30:00-04:00,112.83999633789062,112.94999694824219,112.63379669189453,112.7249984741211,66051
2025-05-23 13:30:00-04:00,112.72000122070312,112.88500213623047,112.69000244140625,112.81999969482422,161367
2025-05-23 14:30:00-04:00,112.70500183105469,112.79000091552734,112.62000274658203,112.7300033569336,97351
2025-05-23 15:30:00-04:00,112.75,112.9000015258789,112.58000183105469,112.70999908447266,133773
2025-05-27 09:30:00-04:00,113.66999816894531,113.91000366210938,113.47000122070312,113.70999908447266,260738
2025-05-27 10:30:00-04:00,113.30000305175781,113.69000244140625,113.21009826660156,113.63999938964844,350184
2025-05-27 11:30:00-04:00,113.0999984741211,113.31999969482422,112.86000061035156,113.31999969482422,101382
2025-05-27 12:30:00-04:00,113.01000213623047,113.2311019897461,112.94999694824219,113.1050033569336,69901
2025-05-27 13:30:00-04:00,113.01000213623047,113.29000091552734,112.9800033569336,113.01000213623047,78830
2025-05-27 14:30:00-04:00,113.08000183105469,113.20999908447266,113.01899719238281,113.01899719238281,112113
2025-05-27 15:30:00-04:00,113.16999816894531,113.21900177001953,113.0199966430664,113.09500122070312,223907
2025-05-28 09:30:00-04:00,112.69999694824219,112.76000213623047,111.91000366210938,112.0199966430664,234363
2025-05-28 10:30:00-04:00,111.98999786376953,112.70999908447266,111.91999816894531,112.69999694824219,167695
2025-05-28 11:30:00-04:00,111.69000244140625,112.05000305175781,111.625,111.98999786376953,217147
2025-05-28 12:30:00-04:00,112.1500015258789,112.2300033569336,111.69499969482422,111.69499969482422,181856
2025-05-28 13:30:00-04:00,111.91000366210938,112.13999938964844,111.70999908447266,112.13999938964844,113713
2025-05-28 14:30:00-04:00,112.06999969482422,112.1500015258789,111.76000213623047,111.94000244140625,217194
2025-05-28 15:30:00-04:00,111.8550033569336,112.08000183105469,111.69999694824219,112.06999969482422,338311
2025-05-29 09:30:00-04:00,112.05000305175781,112.16000366210938,111.24500274658203,111.5,145099
2025-05-29 10:30:00-04:00,112.05500030517578,112.125,111.875,112.05000305175781,116389
2025-05-29 11:30:00-04:00,112.04000091552734,112.12000274658203,111.7040023803711,112.06500244140625,108065
2025-05-29 12:30:00-04:00,112.19499969482422,112.20999908447266,112.0199966430664,112.0199966430664,93895
2025-05-29 13:30:00-04:00,112.31999969482422,112.31999969482422,112.1050033569336,112.18000030517578,125847
2025-05-29 14:30:00-04:00,112.37999725341797,112.45999908447266,112.29000091552734,112.29000091552734,108962
2025-05-29 15:30:00-04:00,112.58000183105469,112.58000183105469,112.27999877929688,112.38500213623047,314669
2025-05-30 09:30:00-04:00,115.33000183105469,115.44249725341797,114.44770050048828,115.08000183105469,476576
2025-05-30 10:30:00-04:00,114.125,115.30999755859375,114.03500366210938,115.30999755859375,641632
2025-05-30 11:30:00-04:00,114.30999755859375,114.69000244140625,114.16000366210938,114.2300033569336,231584
2025-05-30 12:30:00-04:00,114.95999908447266,114.9800033569336,114.11000061035156,114.30000305175781,149875
2025-05-30 13:30:00-04:00,115.61000061035156,115.68000030517578,114.93000030517578,114.94000244140625,166939
2025-05-30 14:30:00-04:00,115.69000244140625,115.78500366210938,115.57499694824219,115.61000061035156,253308
2025-05-30 15:30:00-04:00,115.76000213623047,115.86000061035156,115.5,115.68000030517578,394733
2025-06-02 09:30:00-04:00,116.5199966430664,116.7300033569336,115.80999755859375,116.08999633789062,364308
2025-06-02 10:30:00-04:00,116.41000366210938,116.75,116.2699966430664,116.5,194370
2025-06-02 11:30:00-04:00,116.31500244140625,116.62000274658203,116.25,116.37999725341797,102607
2025-06-02 12:30:00-04:00,116.0696029663086,116.4800033569336,116.04499816894531,116.3499984741211,69767
2025-06-02 13:30:00-04:00,116.41000366210938,116.41000366210938,116.06999969482422,116.06999969482422,141784
2025-06-02 14:30:00-04:00,116.58000183105469,116.66999816894531,116.37999725341797,116.38999938964844,192026
2025-06-02 15:30:00-04:00,116.69999694824219,116.73999786376953,116.48500061035156,116.58499908447266,233410
2025-06-03 09:30:00-04:00,115.66999816894531,116.30000305175781,115.31999969482422,115.875,304055
2025-06-03 10:30:00-04:00,115.80000305175781,116.0,115.45999908447266,115.67379760742188,179412
2025-06-03 11:30:00-04:00,115.38999938964844,115.89469909667969,115.36820220947266,115.7699966430664,116356
2025-06-03 12:30:00-04:00,115.62999725341797,115.66999816894531,115.27999877929688,115.40499877929688,94939
2025-06-03 13:30:00-04:00,116.0,116.06999969482422,115.62999725341797,115.63999938964844,243231
2025-06-03 14:30:00-04:00,116.02999877929688,116.16000366210938,115.98999786376953,115.98999786376953,216670
2025-06-03 15:30:00-04:00,115.95999908447266,116.08999633789062,115.86000061035156,116.04000091552734,427217
2025-06-04 09:30:00-04:00,117.51000213623047,117.55999755859375,116.4000015258789,116.44000244140625,205343
2025-06-04 10:30:00-04:00,117.44000244140625,117.70999908447266,117.29000091552734,117.5,111549
2025-06-04 11:30:00-04:00,117.5999984741211,117.5999984741211,117.30999755859375,117.41999816894531,72594
2025-06-04 12:30:00-04:00,117.56999969482422,117.69000244140625,117.50499725341797,117.62000274658203,59909
2025-06-04 13:30:00-04:00,117.55999755859375,117.76119995117188,117.48079681396484,117.56919860839844,74738
2025-06-04 14:30:00-04:00,117.2300033569336,117.59310150146484,117.1500015258789,117.59310150146484,111304
2025-06-04 15:30:00-04:00,116.94999694824219,117.27999877929688,116.94000244140625,117.24600219726562,215836
2025-06-05 09:30:00-04:00,117.9000015258789,117.90499877929688,117.0999984741211,117.48999786376953,212567
2025-06-05 10:30:00-04:00,117.7699966430664,118.25,117.69999694824219,117.91079711914062,198582
2025-06-05 11:30:00-04:00,117.79000091552734,117.8499984741211,117.55999755859375,117.7750015258789,65593
2025-06-05 12:30:00-04:00,117.66999816894531,117.87000274658203,117.55999755859375,117.80999755859375,78878
2025-06-05 13:30:00-04:00,117.69999694824219,117.7300033569336,117.41000366210938,117.68000030517578,70399
2025-06-05 14:30:00-04:00,117.69999694824219,117.91999816894531,117.58999633789062,117.69499969482422,160615
2025-06-05 15:30:00-04:00,117.80000305175781,117.83000183105469,117.56999969482422,117.72000122070312,228208
2025-06-06 09:30:00-04:00,118.41000366210938,118.45999908447266,117.33000183105469,117.33000183105469,182542
2025-06-06 10:30:00-04:00,117.97000122070312,118.37999725341797,117.63999938964844,118.37999725341797,115118
2025-06-06 11:30:00-04:00,118.1500015258789,118.1500015258789,117.94000244140625,117.9530029296875,69515
2025-06-06 12:30:00-04:00,117.94999694824219,118.16000366210938,117.7699966430664,118.12000274658203,51539
2025-06-06 13:30:00-04:00,118.05999755859375,118.17500305175781,117.91000366210938,117.94000244140625,75222
2025-06-06 14:30:00-04:00,118.05000305175781,118.19000244140625,117.94560241699219,118.08000183105469,123960
2025-06-06 15:30:00-04:00,118.01000213623047,118.1449966430664,117.95999908447266,118.04000091552734,157524
2025-06-09 09:30:00-04:00,117.93990325927734,118.17500305175781,117.52999877929688,117.70999908447266,88439
2025-06-09 10:30:00-04:00,118.11499786376953,118.11499786376953,117.625,117.93049621582031,68188
2025-06-09 11:30:00-04:00,118.1500015258789,118.19000244140625,117.98999786376953,118.11000061035156,56493
2025-06-09 12:30:00-04:00,118.28050231933594,118.4000015258789,118.08000183105469,118.1500015258789,58130
2025-06-09 13:30:00-04:00,118.33999633789062,118.33999633789062,118.06999969482422,118.27999877929688,63746
2025-06-09 14:30:00-04:00,118.1050033569336,118.3499984741211,118.08999633789062,118.34500122070312,90393
2025-06-09 15:30:00-04:00,118.04000091552734,118.19000244140625,117.95500183105469,118.08000183105469,152928
2025-06-10 09:30:00-04:00,118.43000030517578,118.76000213623047,118.29000091552734,118.33999633789062,195428
2025-06-10 10:30:00-04:00,118.55999755859375,118.61000061035156,118.23500061035156,118.43000030517578,160013
2025-06-10 11:30:00-04:00,118.80000305175781,118.83000183105469,118.47000122070312,118.55000305175781,93997
2025-06-10 12:30:00-04:00,118.86000061035156,118.91999816894531,118.73999786376953,118.83999633789062,76989
2025-06-10 13:30:00-04:00,118.72440338134766,118.9800033569336,118.66999816894531,118.83000183105469,81435
2025-06-10 14:30:00-04:00,118.63500213623047,118.80500030517578,118.61000061035156,118.72000122070312,114827
2025-06-10 15:30:00-04:00,118.61000061035156,118.72000122070312,118.41999816894531,118.62000274658203,236172
2025-06-11 09:30:00-04:00,118.47000122070312,118.76000213623047,118.26000213623047,118.51000213623047,166652
2025-06-11 10:30:00-04:00,118.29000091552734,118.72000122070312,118.25,118.5,190017
2025-06-11 11:30:00-04:00,118.38999938964844,118.43000030517578,118.16000366210938,118.33000183105469,50250
2025-06-11 12:30:00-04:00,118.47899627685547,118.5,118.33999633789062,118.4000015258789,41734
2025-06-11 13:30:00-04:00,118.13999938964844,118.5199966430664,118.11376190185547,118.45999908447266,89832
2025-06-11 14:30:00-04:00,118.12999725341797,118.36000061035156,118.01000213623047,118.12000274658203,118211
2025-06-11 15:30:00-04:00,118.0199966430664,118.15899658203125,117.70999908447266,118.08499908447266,270412
2025-06-12 09:30:00-04:00,120.5199966430664,120.52999877929688,119.75,119.9749984741211,299205
2025-06-12 10:30:00-04:00,120.51000213623047,120.91999816894531,120.33000183105469,120.5199966430664,191250
2025-06-12 11:30:00-04:00,120.33000183105469,120.51499938964844,120.2699966430664,120.51000213623047,105342
2025-06-12 12:30:00-04:00,120.43000030517578,120.63500213623047,120.25,120.36499786376953,78419
2025-06-12 13:30:00-04:00,120.68000030517578,120.68000030517578,120.46389770507812,120.4749984741211,86845
2025-06-12 14:30:00-04:00,120.87000274658203,120.87999725341797,120.62999725341797,120.69000244140625,106012
2025-06-12 15:30:00-04:00,120.75,120.87000274658203,120.5999984741211,120.87000274658203,244223
2025-06-13 09:30:00-04:00,119.97000122070312,120.06999969482422,119.1449966430664,119.25,221684
2025-06-13 10:30:00-04:00,119.62999725341797,120.01959991455078,119.36000061035156,119.98999786376953,319355
2025-06-13 11:30:00-04:00,119.62000274658203,119.81999969482422,119.5999984741211,119.62999725341797,70398
2025-06-13 12:30:00-04:00,119.43000030517578,119.7300033569336,119.41000366210938,119.62999725341797,78895
2025-06-13 13:30:00-04:00,119.21499633789062,119.75,119.21499633789062,119.43000030517578,93815
2025-06-13 14:30:00-04:00,119.08000183105469,119.38999938964844,119.07499694824219,119.20999908447266,143197
2025-06-13 15:30:00-04:00,119.48999786376953,119.48999786376953,119.08000183105469,119.11000061035156,279267
2025-06-16 09:30:00-04:00,119.16000366210938,119.52999877929688,118.5999984741211,119.0,272902
2025-06-16 10:30:00-04:00,118.86499786376953,119.33000183105469,118.70999908447266,119.19000244140625,205641
2025-06-16 11:30:00-04:00,118.70999908447266,118.94499969482422,118.66999816894531,118.81999969482422,128893
2025-06-16 12:30:00-04:00,118.66999816894531,118.7750015258789,118.36000061035156,118.70999908447266,87704
2025-06-16 13:30:00-04:00,118.54000091552734,118.69999694824219,118.43000030517578,118.69999694824219,112121
2025-06-16 14:30:00-04:00,118.23999786376953,118.52999877929688,118.18000030517578,118.52999877929688,132117
2025-06-16 15:30:00-04:00,118.0999984741211,118.37999725341797,118.05000305175781,118.22000122070312,272699
2025-06-17 09:30:00-04:00,117.55000305175781,117.83000183105469,116.9000015258789,117.6760025024414,365600
2025-06-17 10:30:00-04:00,117.31999969482422,117.55999755859375,117.1498031616211,117.52999877929688,244719
2025-06-17 11:30:00-04:00,117.4977035522461,117.63999938964844,117.29000091552734,117.30000305175781,68369
2025-06-17 12:30:00-04:00,117.13999938964844,117.54000091552734,117.08999633789062,117.5,72057
2025-06-17 13:30:00-04:00,116.66500091552734,117.26000213623047,116.61000061035156,117.12999725341797,63841
2025-06-17 14:30:00-04:00,116.5,116.7699966430664,116.44999694824219,116.69000244140625,134784
2025-06-17 15:30:00-04:00,116.44000244140625,116.58000183105469,116.26000213623047,116.5199966430664,291074
2025-06-18 09:30:00-04:00,116.1050033569336,116.26000213623047,115.55000305175781,116.23999786376953,210795
2025-06-18 10:30:00-04:00,116.16000366210938,116.21499633789062,115.86000061035156,116.12999725341797,187372
2025-06-18 11:30:00-04:00,115.9752426147461,116.24500274658203,115.90499877929688,116.22000122070312,70967
2025-06-18 12:30:00-04:00,116.0199966430664,116.11000061035156,115.94999694824219,115.9749984741211,39086
2025-06-18 13:30:00-04:00,116.19999694824219,116.30000305175781,115.87000274658203,116.04000091552734,71650
2025-06-18 14:30:00-04:00,115.83000183105469,116.23999786376953,115.73999786376953,116.19999694824219,107058
2025-06-18 15:30:00-04:00,115.9800033569336,116.19000244140625,115.80000305175781,115.80999755859375,245812
2025-06-20 09:30:00-04:00,116.2750015258789,116.73999786376953,115.73999786376953,116.73999786376953,354819
2025-06-20 10:30:00-04:00,116.04000091552734,116.37999725341797,115.94999694824219,116.2300033569336,259771
2025-06-20 11:30:00-04:00,115.87999725341797,116.2699966430664,115.7699966430664,116.0999984741211,210442
2025-06-20 12:30:00-04:00,115.76000213623047,116.06999969482422,115.74500274658203,115.87999725341797,110798
2025-06-20 13:30:00-04:00,115.9749984741211,116.06999969482422,115.68499755859375,115.70999908447266,87630
2025-06-20 14:30:00-04:00,115.83000183105469,116.05999755859375,115.79000091552734,115.9749984741211,123231
2025-06-20 15:30:00-04:00,115.77999877929688,115.98999786376953,115.43000030517578,115.81999969482422,455134
2025-06-23 09:30:00-04:00,116.45999908447266,116.66000366210938,115.88999938964844,115.95999908447266,193660
2025-06-23 10:30:00-04:00,116.9800033569336,117.04000091552734,116.44000244140625,116.48999786376953,178664
2025-06-23 11:30:00-04:00,116.79000091552734,117.04000091552734,116.66000366210938,116.94999694824219,113058
2025-06-23 12:30:00-04:00,117.1050033569336,117.13999938964844,116.63240051269531,116.7699966430664,98878
2025-06-23 13:30:00-04:00,117.33999633789062,117.37999725341797,117.08999633789062,117.08999633789062,94581
2025-06-23 14:30:00-04:00,117.41999816894531,117.4260025024414,116.73750305175781,117.3499984741211,177243
2025-06-23 15:30:00-04:00,117.58000183105469,117.69000244140625,117.37999725341797,117.41999816894531,210644
2025-06-24 09:30:00-04:00,118.4000015258789,118.4000015258789,117.5,117.87999725341797,213997
2025-06-24 10:30:00-04:00,118.55999755859375,118.73999786376953,118.4000015258789,118.43000030517578,281899
2025-06-24 11:30:00-04:00,118.76570129394531,118.80000305175781,118.36299896240234,118.54000091552734,70668
2025-06-24 12:30:00-04:00,118.86499786376953,118.9000015258789,118.63999938964844,118.80999755859375,61939
2025-06-24 13:30:00-04:00,119.01000213623047,119.08499908447266,118.83000183105469,118.84500122070312,59343
2025-06-24 14:30:00-04:00,119.1500015258789,119.1500015258789,118.97989654541016,119.01499938964844,117277
2025-06-24 15:30:00-04:00,118.8499984741211,119.29000091552734,118.83999633789062,119.12999725341797,174636
2025-06-25 09:30:00-04:00,117.91999816894531,118.0999984741211,117.62999725341797,118.09500122070312,190148
2025-06-25 10:30:00-04:00,117.91999816894531,118.0999984741211,117.72000122070312,117.9000015258789,87027
2025-06-25 11:30:00-04:00,117.9749984741211,117.98500061035156,117.73999786376953,117.87000274658203,60275
2025-06-25 12:30:00-04:00,118.04000091552734,118.18000030517578,117.9000015258789,117.9677963256836,92737
2025-06-25 13:30:00-04:00,117.88999938964844,118.12999725341797,117.83000183105469,118.04000091552734,125469
2025-06-25 14:30:00-04:00,118.2699966430664,118.30000305175781,117.8949966430664,117.8949966430664,116197
2025-06-25 15:30:00-04:00,118.0,118.27999877929688,117.79000091552734,118.27999877929688,176068
2025-06-26 09:30:00-04:00,119.93000030517578,120.21499633789062,119.58999633789062,119.80999755859375,379232
2025-06-26 10:30:00-04:00,119.86000061035156,120.2791976928711,119.83000183105469,119.94000244140625,368432
2025-06-26 11:30:00-04:00,120.08999633789062,120.11499786376953,119.80000305175781,119.8499984741211,193829
2025-06-26 12:30:00-04:00,119.8949966430664,120.2249984741211,119.87999725341797,120.11000061035156,125965
2025-06-26 13:30:00-04:00,119.81999969482422,119.98999786376953,119.77999877929688,119.9000015258789,111336
2025-06-26 14:30:00-04:00,119.9800033569336,120.05000305175781,119.69999694824219,119.83000183105469,155282
2025-06-26 15:30:00-04:00,120.33000183105469,120.43499755859375,119.88999938964844,119.99500274658203,214529
2025-06-27 09:30:00-04:00,120.20500183105469,120.6500015258789,120.04499816894531,120.47000122070312,191647
2025-06-27 10:30:00-04:00,120.26000213623047,120.5999984741211,120.17559814453125,120.20999908447266,138718
2025-06-27 11:30:00-04:00,120.55000305175781,120.56999969482422,120.22000122070312,120.26000213623047,103803
2025-06-27 12:30:00-04:00,120.18000030517578,120.55999755859375,120.0999984741211,120.53500366210938,118275
2025-06-27 13:30:00-04:00,119.73999786376953,120.23999786376953,119.69999694824219,120.19999694824219,273694
2025-06-27 14:30:00-04:00,119.94000244140625,119.94999694824219,119.58499908447266,119.70999908447266,160681
2025-06-27 15:30:00-04:00,120.04000091552734,120.4000015258789,119.87000274658203,119.94999694824219,436155
2025-06-30 09:30:00-04:00,120.87999725341797,120.88999938964844,120.0,120.26000213623047,215218
2025-06-30 10:30:00-04:00,120.80000305175781,121.19000244140625,120.52999877929688,120.9000015258789,220825
2025-06-30 11:30:00-04:00,120.7699966430664,120.91000366210938,120.73500061035156,120.79000091552734,114855
2025-06-30 12:30:00-04:00,121.02989959716797,121.02989959716797,120.77999877929688,120.80000305175781,69488
2025-06-30 13:30:00-04:00,121.0250015258789,121.08999633789062,120.69000244140625,121.0199966430664,102835
2025-06-30 14:30:00-04:00,121.04000091552734,121.16000366210938,120.97000122070312,121.0250015258789,133968
2025-06-30 15:30:00-04:00,120.98999786376953,121.23999786376953,120.98999786376953,121.05000305175781,300579
2025-07-01 09:30:00-04:00,122.9800033569336,122.9800033569336,121.8499984741211,122.0999984741211,288792
2025-07-01 10:30:00-04:00,123.4000015258789,123.55999755859375,122.80000305175781,122.9800033569336,328187
2025-07-01 11:30:00-04:00,122.94000244140625,123.81999969482422,122.93000030517578,123.37999725341797,147345
2025-07-01 12:30:00-04:00,122.79000091552734,123.0199966430664,122.36000061035156,122.93000030517578,178215
2025-07-01 13:30:00-04:00,122.96389770507812,123.05000305175781,122.7699966430664,122.81999969482422,88687
2025-07-01 14:30:00-04:00,123.05000305175781,123.1050033569336,122.87000274658203,122.96499633789062,110696
2025-07-01 15:30:00-04:00,123.11000061035156,123.1500015258789,122.92500305175781,123.05000305175781,173273
2025-07-02 09:30:00-04:00,124.18000030517578,124.34989929199219,123.22000122070312,123.54000091552734,333986
2025-07-02 10:30:00-04:00,124.05000305175781,124.44999694824219,123.93000030517578,124.19999694824219,288802
2025-07-02 11:30:00-04:00,123.875,124.20500183105469,123.80999755859375,124.06500244140625,191378
2025-07-02 12:30:00-04:00,123.98999786376953,124.02999877929688,123.86000061035156,123.87999725341797,113500
2025-07-02 13:30:00-04:00,123.87999725341797,124.05000305175781,123.87000274658203,123.9979019165039,108480
2025-07-02 14:30:00-04:00,123.63999938964844,123.93000030517578,123.58999633789062,123.87999725341797,181712
2025-07-02 15:30:00-04:00,123.81999969482422,123.93499755859375,123.62000274658203,123.62000274658203,303113
2025-07-03 09:30:00-04:00,121.23999786376953,122.52999877929688,121.12000274658203,122.36000061035156,367665
2025-07-03 10:30:00-04:00,121.75,122.11499786376953,121.25,121.25,244218
2025-07-03 11:30:00-04:00,121.8949966430664,122.16000366210938,121.7699966430664,121.80000305175781,132676
2025-07-07 09:30:00-04:00,122.38999938964844,122.58999633789062,121.7699966430664,122.2300033569336,195573
2025-07-07 10:30:00-04:00,122.48999786376953,122.66000366210938,122.2750015258789,122.4135971069336,135674
2025-07-07 11:30:00-04:00,122.04000091552734,122.61000061035156,121.94999694824219,122.50250244140625,118765
2025-07-07 12:30:00-04:00,122.22000122070312,122.44000244140625,122.05000305175781,122.05500030517578,82415
2025-07-07 13:30:00-04:00,121.72000122070312,122.3499984741211,121.70999908447266,122.22000122070312,114487
2025-07-07 14:30:00-04:00,122.06999969482422,122.16999816894531,121.63999938964844,121.7300033569336,121066
2025-07-07 15:30:00-04:00,122.0999984741211,122.16999816894531,122.01499938964844,122.0999984741211,150761
2025-07-08 09:30:00-04:00,122.16000366210938,122.25,121.20999908447266,121.3499984741211,213894
2025-07-08 10:30:00-04:00,122.41999816894531,122.51950073242188,122.18000030517578,122.2300033569336,245999
2025-07-08 11:30:00-04:00,122.58999633789062,122.7699966430664,122.4000015258789,122.42500305175781,111303
2025-07-08 12:30:00-04:00,121.93000030517578,122.61000061035156,120.91999816894531,122.59500122070312,357365
2025-07-08 13:30:00-04:00,122.08000183105469,122.1449966430664,121.6449966430664,121.97000122070312,85941
2025-07-08 14:30:00-04:00,122.0,122.20999908447266,121.80000305175781,122.0999984741211,120241
2025-07-08 15:30:00-04:00,121.72000122070312,122.08999633789062,121.66000366210938,121.98400115966797,312291
2025-07-09 09:30:00-04:00,122.63999938964844,123.12999725341797,122.22000122070312,122.3499984741211,263452
2025-07-09 10:30:00-04:00,122.54000091552734,122.8499984741211,122.5199966430664,122.58499908447266,181009
2025-07-09 11:30:00-04:00,122.70999908447266,122.76000213623047,122.44999694824219,122.58000183105469,91499
2025-07-09 12:30:00-04:00,122.70999908447266,122.87999725341797,122.58679962158203,122.72699737548828,64500
2025-07-09 13:30:00-04:00,122.86000061035156,122.91999816894531,122.51000213623047,122.69999694824219,79988
2025-07-09 14:30:00-04:00,122.97000122070312,123.0,122.73999786376953,122.86000061035156,123660
2025-07-09 15:30:00-04:00,122.94000244140625,123.01499938964844,122.86499786376953,122.97000122070312,250772
2025-07-10 09:30:00-04:00,124.12999725341797,124.33999633789062,123.4800033569336,123.7699966430664,239408
2025-07-10 10:30:00-04:00,124.30999755859375,124.82990264892578,124.06999969482422,124.0999984741211,401630
2025-07-10 11:30:00-04:00,124.0999984741211,124.43000030517578,124.08999633789062,124.36000061035156,125801
2025-07-10 12:30:00-04:00,124.15190124511719,124.18000030517578,123.88999938964844,124.08000183105469,76695
2025-07-10 13:30:00-04:00,123.95999908447266,124.19000244140625,123.94999694824219,124.19000244140625,150382
2025-07-10 14:30:00-04:00,124.0,124.1240005493164,123.7699966430664,123.94999694824219,174428
2025-07-10 15:30:00-04:00,123.72000122070312,124.01000213623047,123.63999938964844,124.00749969482422,384028
2025-07-11 09:30:00-04:00,121.33999633789062,122.86000061035156,121.33999633789062,122.8499984741211,338206
2025-07-11 10:30:00-04:00,120.6500015258789,121.31999969482422,119.9800033569336,121.31999969482422,528826
2025-07-11 11:30:00-04:00,120.86499786376953,121.58000183105469,120.03060150146484,120.58000183105469,816395
2025-07-11 12:30:00-04:00,120.95999908447266,121.06999969482422,120.70999908447266,120.83000183105469,161313
2025-07-11 13:30:00-04:00,121.23999786376953,121.30999755859375,120.91000366210938,120.95999908447266,164405
2025-07-11 14:30:00-04:00,121.30999755859375,121.33999633789062,121.12999725341797,121.22000122070312,137344
2025-07-11 15:30:00-04:00,120.92500305175781,121.30999755859375,120.7300033569336,121.30500030517578,454492
2025-07-14 09:30:00-04:00,120.81500244140625,121.16999816894531,120.41000366210938,120.51000213623047,389772
2025-07-14 10:30:00-04:00,120.8499984741211,121.0,120.55000305175781,120.80999755859375,256445
2025-07-14 11:30:00-04:00,120.69000244140625,121.01909637451172,120.54000091552734,120.87999725341797,124573
2025-07-14 12:30:00-04:00,121.0199966430664,121.05500030517578,120.6500015258789,120.66999816894531,155255
2025-07-14 13:30:00-04:00,121.16999816894531,121.16999816894531,120.90499877929688,121.05500030517578,133723
2025-07-14 14:30:00-04:00,120.91999816894531,121.27999877929688,120.86000061035156,121.16000366210938,154615
2025-07-14 15:30:00-04:00,121.02999877929688,121.13999938964844,120.9000015258789,120.94000244140625,265750
2025-07-15 09:30:00-04:00,119.95999908447266,121.5,119.95999908447266,121.44000244140625,254762
2025-07-15 10:30:00-04:00,119.80999755859375,120.06999969482422,119.4800033569336,120.05000305175781,274881
2025-07-15 11:30:00-04:00,119.93000030517578,120.13999938964844,119.44000244140625,119.7699966430664,105421
2025-07-15 12:30:00-04:00,120.11609649658203,120.13999938964844,119.80999755859375,119.93000030517578,179370
2025-07-15 13:30:00-04:00,119.7300033569336,120.20999908447266,119.72000122070312,120.12000274658203,99241
2025-07-15 14:30:00-04:00,119.77999877929688,119.9800033569336,119.69000244140625,119.75,122328
2025-07-15 15:30:00-04:00,119.6500015258789,120.08000183105469,119.58999633789062,119.80000305175781,327081
2025-07-16 09:30:00-04:00,118.26000213623047,118.69999694824219,117.80000305175781,118.18000030517578,655440
2025-07-16 10:30:00-04:00,119.20999908447266,119.20999908447266,118.26000213623047,118.29989624023438,324476
2025-07-16 11:30:00-04:00,118.83999633789062,119.55000305175781,118.6500015258789,119.23750305175781,280817
2025-07-16 12:30:00-04:00,118.9800033569336,119.13999938964844,118.67500305175781,118.83999633789062,159858
2025-07-16 13:30:00-04:00,118.79499816894531,119.16000366210938,118.7874984741211,118.9800033569336,125297
2025-07-16 14:30:00-04:00,119.04000091552734,119.25499725341797,118.80000305175781,118.80000305175781,179628
2025-07-16 15:30:00-04:00,118.43000030517578,119.05000305175781,118.29000091552734,119.03500366210938,587240
2025-07-17 09:30:00-04:00,115.69000244140625,116.32499694824219,115.26000213623047,115.68000030517578,1399141
2025-07-17 10:30:00-04:00,115.9000015258789,116.01000213623047,114.91069793701172,115.68499755859375,757155
2025-07-17 11:30:00-04:00,115.06999969482422,116.0,115.0199966430664,115.90499877929688,419556
2025-07-17 12:30:00-04:00,114.4800033569336,115.08000183105469,114.24009704589844,115.05000305175781,440313
2025-07-17 13:30:00-04:00,114.1500015258789,114.5199966430664,113.76000213623047,114.47000122070312,494294
2025-07-17 14:30:00-04:00,114.23999786376953,114.4000015258789,113.83999633789062,114.1500015258789,505192
2025-07-17 15:30:00-04:00,114.4000015258789,114.7300033569336,114.05000305175781,114.24500274658203,720324
2025-07-18 09:30:00-04:00,115.08000183105469,115.76499938964844,114.80000305175781,115.51000213623047,485375
2025-07-18 10:30:00-04:00,115.27999877929688,115.48999786376953,115.0,115.08499908447266,331806
2025-07-18 11:30:00-04:00,114.69000244140625,115.38999938964844,114.63999938964844,115.29000091552734,226635
2025-07-18 12:30:00-04:00,114.69000244140625,115.0,114.66999816894531,114.72000122070312,216147
2025-07-18 13:30:00-04:00,114.44000244140625,114.87999725341797,114.20999908447266,114.69999694824219,230402
2025-07-18 14:30:00-04:00,114.30000305175781,114.5999984741211,114.19000244140625,114.44999694824219,327880
2025-07-18 15:30:00-04:00,114.22000122070312,114.33000183105469,114.08000183105469,114.27999877929688,561048
2025-07-21 09:30:00-04:00,114.91999816894531,115.23500061035156,114.79499816894531,115.04000091552734,309589
2025-07-21 10:30:00-04:00,114.93000030517578,115.30999755859375,114.68000030517578,114.93000030517578,240130
2025-07-21 11:30:00-04:00,114.56999969482422,114.94000244140625,114.51000213623047,114.94000244140625,142255
2025-07-21 12:30:00-04:00,114.71990203857422,114.79000091552734,114.48999786376953,114.56999969482422,96618
2025-07-21 13:30:00-04:00,114.5199966430664,114.70500183105469,114.45500183105469,114.70500183105469,145944
2025-07-21 14:30:00-04:00,114.31999969482422,114.69000244140625,114.23500061035156,114.5199966430664,224692
2025-07-21 15:30:00-04:00,114.19000244140625,114.38999938964844,114.12999725341797,114.33000183105469,297232
2025-07-22 09:30:00-04:00,115.58000183105469,116.00499725341797,114.83999633789062,114.88999938964844,300384
2025-07-22 10:30:00-04:00,116.04000091552734,116.16000366210938,115.12999725341797,115.58000183105469,537280
2025-07-22 11:30:00-04:00,116.30000305175781,116.33499908447266,115.87000274658203,116.0199966430664,193562
2025-07-22 12:30:00-04:00,116.36000061035156,116.38999938964844,116.19000244140625,116.30000305175781,162236
2025-07-22 13:30:00-04:00,116.47000122070312,116.53500366210938,116.2699966430664,116.36000061035156,148512
2025-07-22 14:30:00-04:00,116.62999725341797,116.6500015258789,116.33000183105469,116.47000122070312,316668
2025-07-22 15:30:00-04:00,116.83999633789062,117.06999969482422,116.6500015258789,116.6500015258789,782262
2025-07-23 09:30:00-04:00,116.69999694824219,117.19000244140625,116.52999877929688,116.73999786376953,312794
2025-07-23 10:30:00-04:00,117.26000213623047,117.3499984741211,116.65499877929688,116.69999694824219,257794
2025-07-23 11:30:00-04:00,117.83000183105469,118.16999816894531,116.91999816894531,117.2699966430664,513880
2025-07-23 12:30:00-04:00,117.9800033569336,118.02999877929688,117.62999725341797,117.83499908447266,109839
2025-07-23 13:30:00-04:00,118.16500091552734,118.19000244140625,117.86000061035156,117.95999908447266,145360
2025-07-23 14:30:00-04:00,118.11499786376953,118.31990051269531,117.80999755859375,118.16500091552734,585521
2025-07-23 15:30:00-04:00,117.9800033569336,118.20999908447266,117.93000030517578,118.11499786376953,543534
2025-07-24 09:30:00-04:00,117.68000030517578,118.1050033569336,117.33999633789062,117.5,381919
2025-07-24 10:30:00-04:00,117.56999969482422,117.83999633789062,117.20999908447266,117.66999816894531,425060
2025-07-24 11:30:00-04:00,117.5250015258789,117.76000213623047,117.44000244140625,117.58999633789062,505180
2025-07-24 12:30:00-04:00,117.57150268554688,117.70999908447266,117.43000030517578,117.52999877929688,118085
2025-07-24 13:30:00-04:00,117.47000122070312,117.63999938964844,117.4000015258789,117.56999969482422,103574
2025-07-24 14:30:00-04:00,117.51000213623047,117.56999969482422,117.33000183105469,117.4800033569336,182624
2025-07-24 15:30:00-04:00,117.41999816894531,117.55000305175781,117.37000274658203,117.51000213623047,506717
2025-07-25 09:30:00-04:00,116.44000244140625,116.80999755859375,116.25,116.7699966430664,443149
2025-07-25 10:30:00-04:00,116.66999816894531,116.93000030517578,116.3499984741211,116.41000366210938,225050
2025-07-25 11:30:00-04:00,116.74500274658203,116.8499984741211,116.3550033569336,116.69999694824219,243312
2025-07-25 12:30:00-04:00,117.0199966430664,117.125,116.67500305175781,116.74500274658203,248109
2025-07-25 13:30:00-04:00,117.3499984741211,117.5999984741211,117.04000091552734,117.04000091552734,304963
2025-07-25 14:30:00-04:00,117.5999984741211,117.61499786376953,117.36000061035156,117.36000061035156,309050
2025-07-25 15:30:00-04:00,117.69000244140625,117.70999908447266,117.49019622802734,117.5999984741211,443463
2025-07-28 09:30:00-04:00,116.56739807128906,117.25,116.17500305175781,117.25,271115
2025-07-28 10:30:00-04:00,116.44000244140625,116.62999725341797,116.37000274658203,116.55500030517578,347262
2025-07-28 11:30:00-04:00,116.61499786376953,116.69000244140625,116.43000030517578,116.44999694824219,152489
2025-07-28 12:30:00-04:00,116.5250015258789,116.62999725341797,116.43949890136719,116.62000274658203,122124
2025-07-28 13:30:00-04:00,116.08999633789062,116.5199966430664,116.0250015258789,116.51139831542969,172751
2025-07-28 14:30:00-04:00,116.18000030517578,116.2300033569336,115.98999786376953,116.11000061035156,230671
2025-07-28 15:30:00-04:00,116.18000030517578,116.30000305175781,115.7699966430664,116.19000244140625,368084
2025-07-29 09:30:00-04:00,117.61499786376953,117.71540069580078,116.47000122070312,116.69000244140625,240706
2025-07-29 10:30:00-04:00,117.4800033569336,117.77999877929688,117.11499786376953,117.58999633789062,235567
2025-07-29 11:30:00-04:00,117.17500305175781,117.4800033569336,116.94000244140625,117.4800033569336,122059
2025-07-29 12:30:00-04:00,117.17500305175781,117.18000030517578,116.94999694824219,117.16000366210938,166296
2025-07-29 13:30:00-04:00,117.12000274658203,117.25,116.94249725341797,117.19999694824219,188449
2025-07-29 14:30:00-04:00,117.29000091552734,117.33999633789062,117.08999633789062,117.12000274658203,196173
2025-07-29 15:30:00-04:00,117.19499969482422,117.33499908447266,117.0999984741211,117.30999755859375,213432
2025-07-30 09:30:00-04:00,117.19999694824219,117.61000061035156,116.94000244140625,117.18000030517578,509598
2025-07-30 10:30:00-04:00,117.18000030517578,117.37999725341797,116.97000122070312,117.23999786376953,120732
2025-07-30 11:30:00-04:00,117.32499694824219,117.33000183105469,116.94999694824219,117.18000030517578,95833
2025-07-30 12:30:00-04:00,116.9800033569336,117.32499694824219,116.94999694824219,117.32499694824219,83355
2025-07-30 13:30:00-04:00,117.19499969482422,117.2300033569336,116.9800033569336,116.98500061035156,78346
2025-07-30 14:30:00-04:00,116.4800033569336,117.44499969482422,116.44000244140625,117.19999694824219,163033
2025-07-30 15:30:00-04:00,116.65499877929688,116.73999786376953,116.30000305175781,116.4749984741211,275419
2025-07-31 09:30:00-04:00,115.87999725341797,116.12000274658203,115.30000305175781,115.3499984741211,291806
2025-07-31 10:30:00-04:00,115.80000305175781,116.08499908447266,115.58000183105469,115.92500305175781,280569
2025-07-31 11:30:00-04:00,115.8593978881836,115.91000366210938,115.66000366210938,115.81999969482422,114862
2025-07-31 12:30:00-04:00,115.48999786376953,116.0,115.44999694824219,115.80000305175781,90985
2025-07-31 13:30:00-04:00,114.5199966430664,115.48999786376953,114.18000030517578,115.45999908447266,366936
2025-07-31 14:30:00-04:00,113.95999908447266,114.5199966430664,113.87999725341797,114.5199966430664,226571
2025-07-31 15:30:00-04:00,113.69999694824219,114.00499725341797,113.44999694824219,113.94000244140625,330549
2025-08-01 09:30:00-04:00,114.08499908447266,114.51000213623047,112.33999633789062,112.4000015258789,307930
2025-08-01 10:30:00-04:00,114.38999938964844,114.43499755859375,113.7699966430664,114.08999633789062,268663
2025-08-01 11:30:00-04:00,114.62000274658203,114.80000305175781,113.94000244140625,114.36499786376953,201415
2025-08-01 12:30:00-04:00,114.87989807128906,114.91500091552734,114.45999908447266,114.62999725341797,159347
2025-08-01 13:30:00-04:00,115.02999877929688,115.08000183105469,114.79499816894531,114.87000274658203,249538
2025-08-01 14:30:00-04:00,114.9749984741211,115.21499633789062,114.91999816894531,115.04000091552734,154597
2025-08-01 15:30:00-04:00,115.29000091552734,115.53990173339844,114.91000366210938,114.96600341796875,445968
2025-08-04 09:30:00-04:00,116.48500061035156,116.66000366210938,115.91999816894531,116.19000244140625,318635
2025-08-04 10:30:00-04:00,117.05500030517578,117.20999908447266,116.27999877929688,116.49500274658203,718393
2025-08-04 11:30:00-04:00,117.13999938964844,117.26000213623047,116.91999816894531,117.05000305175781,260327
2025-08-04 12:30:00-04:00,117.36000061035156,117.44999694824219,117.05999755859375,117.1500015258789,151329
2025-08-04 13:30:00-04:00,117.50499725341797,117.54499816894531,117.23500061035156,117.37999725341797,146743
2025-08-04 14:30:00-04:00,117.63500213623047,117.69499969482422,117.4800033569336,117.51499938964844,194466
2025-08-04 15:30:00-04:00,117.81999969482422,117.87000274658203,117.61000061035156,117.63999938964844,405763
2025-08-05 09:30:00-04:00,117.87000274658203,118.3499984741211,117.62000274658203,118.05000305175781,256458
2025-08-05 10:30:00-04:00,118.18000030517578,118.33999633789062,117.75,117.88999938964844,279044
2025-08-05 11:30:00-04:00,118.18000030517578,118.33000183105469,118.04000091552734,118.19000244140625,97714
2025-08-05 12:30:00-04:00,118.20500183105469,118.37999725341797,118.16000366210938,118.2063980102539,59478
2025-08-05 13:30:00-04:00,117.8499984741211,118.2300033569336,117.81999969482422,118.22000122070312,173696
2025-08-05 14:30:00-04:00,117.6449966430664,117.93499755859375,117.6449966430664,117.87000274658203,204921
2025-08-05 15:30:00-04:00,117.69999694824219,117.80999755859375,117.54000091552734,117.62999725341797,245887
2025-08-06 09:30:00-04:00,114.61499786376953,115.44000244140625,114.4800033569336,115.0,398882
2025-08-06 10:30:00-04:00,114.58000183105469,114.7699966430664,114.1050033569336,114.58000183105469,390083
2025-08-06 11:30:00-04:00,114.22000122070312,114.5999984741211,113.97000122070312,114.55999755859375,167599
2025-08-06 12:30:00-04:00,113.875,114.31999969482422,113.73999786376953,114.25,237069
2025-08-06 13:30:00-04:00,113.7699966430664,113.9000015258789,113.58999633789062,113.87000274658203,142976
2025-08-06 14:30:00-04:00,113.6500015258789,113.7699966430664,113.4800033569336,113.76000213623047,173841
2025-08-06 15:30:00-04:00,113.56500244140625,113.77999877929688,113.5199966430664,113.6500015258789,389469
2025-08-07 09:30:00-04:00,114.5250015258789,115.05000305175781,114.37999725341797,114.5199966430664,326470
2025-08-07 10:30:00-04:00,115.05000305175781,115.1500015258789,114.54000091552734,114.55000305175781,178865
2025-08-07 11:30:00-04:00,115.75499725341797,115.80500030517578,114.96499633789062,115.05000305175781,118351
2025-08-07 12:30:00-04:00,115.61000061035156,115.9000015258789,115.37000274658203,115.7699966430664,89399
2025-08-07 13:30:00-04:00,115.4800033569336,115.65499877929688,115.4000015258789,115.62000274658203,82078
2025-08-07 14:30:00-04:00,115.55000305175781,115.79000091552734,115.44000244140625,115.48500061035156,150651
2025-08-07 15:30:00-04:00,115.91999816894531,116.0,115.58000183105469,115.58000183105469,211587
2025-08-08 09:30:00-04:00,116.2300033569336,116.61499786376953,115.75,116.0199966430664,524556
2025-08-08 10:30:00-04:00,116.54000091552734,116.68000030517578,116.07499694824219,116.2300033569336,229868
2025-08-08 11:30:00-04:00,116.79499816894531,116.86000061035156,116.41000366210938,116.56999969482422,84326
2025-08-08 12:30:00-04:00,116.86499786376953,116.94989776611328,116.73999786376953,116.80000305175781,91464
2025-08-08 13:30:00-04:00,116.86000061035156,116.97000122070312,116.7750015258789,116.83999633789062,94077
2025-08-08 14:30:00-04:00,116.76000213623047,116.93000030517578,116.70999908447266,116.8499984741211,169144
2025-08-08 15:30:00-04:00,116.83999633789062,116.9000015258789,116.6708984375,116.76000213623047,273111
2025-08-11 09:30:00-04:00,118.37999725341797,118.86000061035156,117.88999938964844,118.06999969482422,1163164
2025-08-11 10:30:00-04:00,118.12000274658203,118.44999694824219,117.70500183105469,118.38500213623047,302066
2025-08-11 11:30:00-04:00,117.93000030517578,118.26000213623047,117.93000030517578,118.16999816894531,146155
2025-08-11 12:30:00-04:00,117.65499877929688,117.95999908447266,117.58000183105469,117.91000366210938,107578
2025-08-11 13:30:00-04:00,117.80999755859375,117.86000061035156,117.54000091552734,117.65499877929688,135960
2025-08-11 14:30:00-04:00,117.86000061035156,117.95880126953125,117.7300033569336,117.82499694824219,165425
2025-08-11 15:30:00-04:00,118.52999877929688,118.58000183105469,117.91999816894531,117.91999816894531,470181
2025-08-12 09:30:00-04:00,118.66999816894531,119.4000015258789,118.33999633789062,118.41999816894531,279486
2025-08-12 10:30:00-04:00,119.06999969482422,119.15989685058594,118.52999877929688,118.68000030517578,127213
2025-08-12 11:30:00-04:00,118.99490356445312,119.24500274658203,118.9000015258789,119.06999969482422,132100
2025-08-12 12:30:00-04:00,119.02999877929688,119.19999694824219,119.0,119.02999877929688,73826
2025-08-12 13:30:00-04:00,118.95999908447266,119.03299713134766,118.7300033569336,119.02999877929688,100616
2025-08-12 14:30:00-04:00,119.11000061035156,119.15499877929688,118.83999633789062,118.9800033569336,126393
2025-08-12 15:30:00-04:00,119.37999725341797,119.43000030517578,119.08000183105469,119.16999816894531,251707
2025-08-13 09:30:00-04:00,121.22000122070312,121.30999755859375,119.97000122070312,119.97000122070312,282870
2025-08-13 10:30:00-04:00,121.26000213623047,121.33000183105469,120.94000244140625,121.2300033569336,120734
2025-08-13 11:30:00-04:00,121.24500274658203,121.37999725341797,121.02999877929688,121.2699966430664,93244
2025-08-13 12:30:00-04:00,121.26000213623047,121.45999908447266,121.19000244140625,121.23999786376953,66457
2025-08-13 13:30:00-04:00,121.05000305175781,121.25,120.81999969482422,121.25,59204
2025-08-13 14:30:00-04:00,121.26000213623047,121.33999633789062,121.02469635009766,121.05999755859375,101770
2025-08-13 15:30:00-04:00,121.2300033569336,121.55000305175781,121.2300033569336,121.29000091552734,273485
2025-08-14 09:30:00-04:00,121.48999786376953,121.58000183105469,120.77999877929688,120.87999725341797,117083
2025-08-14 10:30:00-04:00,121.87999725341797,121.93000030517578,121.55999755859375,121.5613021850586,102809
2025-08-14 11:30:00-04:00,121.77999877929688,122.33499908447266,121.73999786376953,121.87000274658203,265689
2025-08-14 12:30:00-04:00,121.76499938964844,121.88999938964844,121.68000030517578,121.79499816894531,49176
2025-08-14 13:30:00-04:00,121.9000015258789,121.95999908447266,121.71499633789062,121.76499938964844,43579
2025-08-14 14:30:00-04:00,122.33000183105469,122.5,121.88999938964844,121.8949966430664,133645
2025-08-14 15:30:00-04:00,122.12999725341797,122.44999694824219,122.12999725341797,122.30999755859375,281847
2025-08-15 09:30:00-04:00,123.28500366210938,123.47000122070312,122.56999969482422,122.65499877929688,171363
2025-08-15 10:30:00-04:00,123.47000122070312,123.55000305175781,123.16999816894531,123.27999877929688,175520
2025-08-15 11:30:00-04:00,123.56999969482422,123.69000244140625,123.40499877929688,123.44999694824219,72452
2025-08-15 12:30:00-04:00,124.07499694824219,124.08000183105469,123.55000305175781,123.55999755859375,96581
2025-08-15 13:30:00-04:00,124.12999725341797,124.12999725341797,123.91380310058594,124.06500244140625,123841
2025-08-15 14:30:00-04:00,123.97000122070312,124.30999755859375,123.9000015258789,124.11499786376953,184597
2025-08-15 15:30:00-04:00,124.19999694824219,124.2300033569336,123.9000015258789,123.95999908447266,252828
2025-08-18 09:30:00-04:00,124.27999877929688,124.43000030517578,123.79000091552734,123.79000091552734,424989
2025-08-18 10:30:00-04:00,124.20999908447266,124.3949966430664,123.94000244140625,124.25,162450
2025-08-18 11:30:00-04:00,124.25499725341797,124.37999725341797,124.19000244140625,124.20999908447266,74603
2025-08-18 12:30:00-04:00,124.4000015258789,124.41999816894531,124.16000366210938,124.25,66812
2025-08-18 13:30:00-04:00,123.97000122070312,124.4800033569336,123.94999694824219,124.41000366210938,77755
2025-08-18 14:30:00-04:00,123.94000244140625,124.04000091552734,123.88999938964844,123.99500274658203,81451
2025-08-18 15:30:00-04:00,124.0,124.06999969482422,123.83999633789062,123.95159912109375,179887
2025-08-19 09:30:00-04:00,125.08000183105469,125.62000274658203,124.68009948730469,124.7699966430664,221682
2025-08-19 10:30:00-04:00,125.11000061035156,125.37999725341797,124.9800033569336,125.08000183105469,138659
2025-08-19 11:30:00-04:00,125.10099792480469,125.16000366210938,124.81999969482422,125.06999969482422,81795
2025-08-19 12:30:00-04:00,125.43920135498047,125.46499633789062,125.05049896240234,125.11000061035156,90119
2025-08-19 13:30:00-04:00,125.02999877929688,125.43499755859375,124.94000244140625,125.43499755859375,89651
2025-08-19 14:30:00-04:00,125.02999877929688,125.16999816894531,124.95999908447266,125.01529693603516,97240
2025-08-19 15:30:00-04:00,125.0,125.11000061035156,124.94999694824219,125.03500366210938,233041
2025-08-20 09:30:00-04:00,127.08999633789062,127.68000030517578,126.45999908447266,126.69000244140625,490677
2025-08-20 10:30:00-04:00,127.26499938964844,127.33000183105469,127.0,127.06999969482422,155809
2025-08-20 11:30:00-04:00,127.18000030517578,127.30999755859375,126.98999786376953,127.2699966430664,87971
2025-08-20 12:30:00-04:00,127.20999908447266,127.31999969482422,127.125,127.16000366210938,73394
2025-08-20 13:30:00-04:00,127.19499969482422,127.30950164794922,127.06999969482422,127.1957015991211,56152
2025-08-20 14:30:00-04:00,127.29560089111328,127.44999694824219,127.16000366210938,127.18419647216797,86310
2025-08-20 15:30:00-04:00,127.2300033569336,127.41999816894531,127.13999938964844,127.30000305175781,212051
2025-08-21 09:30:00-04:00,127.29499816894531,127.38999938964844,126.58000183105469,126.69999694824219,151391
2025-08-21 10:30:00-04:00,127.36000061035156,127.41000366210938,127.11000061035156,127.30999755859375,171644
2025-08-21 11:30:00-04:00,127.20500183105469,127.47000122070312,127.05999755859375,127.36000061035156,74214
2025-08-21 12:30:00-04:00,127.22000122070312,127.31500244140625,127.0999984741211,127.19999694824219,70787
2025-08-21 13:30:00-04:00,127.22000122070312,127.43000030517578,127.19499969482422,127.19499969482422,62086
2025-08-21 14:30:00-04:00,126.9800033569336,127.2699966430664,126.9000015258789,127.22000122070312,89393
2025-08-21 15:30:00-04:00,126.83000183105469,127.08000183105469,126.80999755859375,127.0,120175
2025-08-22 09:30:00-04:00,127.6500015258789,128.02999877929688,127.29000091552734,127.45999908447266,316087
2025-08-22 10:30:00-04:00,127.31999969482422,127.69499969482422,126.94000244140625,127.69499969482422,242279
2025-08-22 11:30:00-04:00,127.1500015258789,127.46499633789062,127.12000274658203,127.33000183105469,63285
2025-08-22 12:30:00-04:00,127.18000030517578,127.3499984741211,127.0999984741211,127.15499877929688,64054
2025-08-22 13:30:00-04:00,127.2699966430664,127.29000091552734,127.05000305175781,127.21499633789062,95444
2025-08-22 14:30:00-04:00,127.05000305175781,127.37999725341797,127.01499938964844,127.2699966430664,195151
2025-08-22 15:30:00-04:00,126.94999694824219,127.15470123291016,126.86000061035156,127.04499816894531,242807
2025-08-25 09:30:00-04:00,126.10810089111328,126.94499969482422,126.10810089111328,126.86000061035156,130855
2025-08-25 10:30:00-04:00,126.06999969482422,126.16000366210938,125.66999816894531,126.13990020751953,117370
2025-08-25 11:30:00-04:00,125.57499694824219,126.04000091552734,125.52999877929688,126.0199966430664,47968
2025-08-25 12:30:00-04:00,125.66000366210938,125.75,125.47000122070312,125.58999633789062,44731
2025-08-25 13:30:00-04:00,125.33000183105469,125.7699966430664,125.30500030517578,125.68000030517578,49471
2025-08-25 14:30:00-04:00,125.20999908447266,125.55999755859375,125.125,125.4209976196289,120319
2025-08-25 15:30:00-04:00,125.04000091552734,125.2699966430664,124.98999786376953,125.20999908447266,138351
2025-08-26 09:30:00-04:00,126.02220153808594,126.4000015258789,125.75,126.30999755859375,315792
2025-08-26 10:30:00-04:00,125.94000244140625,126.13999938964844,125.83999633789062,126.04000091552734,179837
2025-08-26 11:30:00-04:00,126.2699966430664,126.4000015258789,125.94000244140625,125.9800033569336,66532
2025-08-26 12:30:00-04:00,126.41000366210938,126.43000030517578,126.13040161132812,126.29000091552734,63843
2025-08-26 13:30:00-04:00,126.45500183105469,126.4800033569336,126.27999877929688,126.4000015258789,80935
2025-08-26 14:30:00-04:00,126.6500015258789,126.69000244140625,126.41000366210938,126.47000122070312,107056
2025-08-26 15:30:00-04:00,126.68000030517578,126.83999633789062,126.5199966430664,126.63999938964844,262101
2025-08-27 09:30:00-04:00,126.44999694824219,126.90779876708984,126.33999633789062,126.52999877929688,129653
2025-08-27 10:30:00-04:00,126.8499984741211,127.0199966430664,126.26000213623047,126.43000030517578,104129
2025-08-27 11:30:00-04:00,126.95999908447266,126.9800033569336,126.70999908447266,126.81999969482422,53251
2025-08-27 12:30:00-04:00,126.96499633789062,127.05000305175781,126.81999969482422,126.9800033569336,52926
2025-08-27 13:30:00-04:00,126.97000122070312,127.06999969482422,126.77999877929688,127.0199966430664,53363
2025-08-27 14:30:00-04:00,126.93499755859375,126.9749984741211,126.78679656982422,126.95500183105469,91185
2025-08-27 15:30:00-04:00,126.87999725341797,127.05999755859375,126.86000061035156,126.94999694824219,122618
2025-08-28 09:30:00-04:00,126.6050033569336,126.6050033569336,125.81999969482422,126.01000213623047,97073
2025-08-28 10:30:00-04:00,126.47000122070312,126.62999725341797,126.30000305175781,126.58999633789062,101059
2025-08-28 11:30:00-04:00,126.42900085449219,126.56999969482422,126.41000366210938,126.45130157470703,31793
2025-08-28 12:30:00-04:00,126.62999725341797,126.66999816894531,126.43070220947266,126.47160339355469,44448
2025-08-28 13:30:00-04:00,126.52999877929688,126.6500015258789,126.47000122070312,126.62999725341797,38576
2025-08-28 14:30:00-04:00,126.84010314941406,126.87999725341797,126.43000030517578,126.51499938964844,67484
2025-08-28 15:30:00-04:00,126.51000213623047,126.86000061035156,126.47000122070312,126.86000061035156,189476
2025-08-29 09:30:00-04:00,126.46029663085938,126.68000030517578,126.04499816894531,126.19000244140625,107435
2025-08-29 10:30:00-04:00,126.44499969482422,126.94000244140625,126.44499969482422,126.55999755859375,86070
2025-08-29 11:30:00-04:00,126.5250015258789,126.68000030517578,126.39309692382812,126.41000366210938,60335
2025-08-29 12:30:00-04:00,126.41500091552734,126.5999984741211,126.3499984741211,126.5250015258789,47271
2025-08-29 13:30:00-04:00,126.33000183105469,126.53309631347656,126.30999755859375,126.41000366210938,53838
2025-08-29 14:30:00-04:00,126.41500091552734,126.44999694824219,126.2699966430664,126.33999633789062,70959
2025-08-29 15:30:00-04:00,126.4800033569336,126.51000213623047,126.29000091552734,126.43000030517578,222262
2025-09-02 09:30:00-04:00,126.41940307617188,126.79000091552734,125.87000274658203,126.06999969482422,151574
2025-09-02 10:30:00-04:00,126.0,126.6500015258789,125.9800033569336,126.37999725341797,91911
2025-09-02 11:30:00-04:00,125.81999969482422,126.12000274658203,125.80000305175781,126.0999984741211,72434
2025-09-02 12:30:00-04:00,125.80870056152344,126.01000213623047,125.77999877929688,125.81500244140625,50546
2025-09-02 13:30:00-04:00,125.84970092773438,125.95999908447266,125.79000091552734,125.83999633789062,49585
2025-09-02 14:30:00-04:00,125.96499633789062,126.0250015258789,125.65499877929688,125.86000061035156,66079
2025-09-02 15:30:00-04:00,126.62999725341797,126.62999725341797,125.91000366210938,125.9800033569336,263940
2025-09-03 09:30:00-04:00,127.83000183105469,127.91999816894531,126.95999908447266,126.95999908447266,152451
2025-09-03 10:30:00-04:00,128.3800048828125,128.3800048828125,127.8499984741211,127.87000274658203,202397
2025-09-03 11:30:00-04:00,127.98909759521484,128.43850708007812,127.97000122070312,128.38999938964844,77453
2025-09-03 12:30:00-04:00,127.9749984741211,128.0399932861328,127.87999725341797,127.97000122070312,51277
2025-09-03 13:30:00-04:00,128.0500030517578,128.05499267578125,127.62000274658203,127.9740982055664,112758
2025-09-03 14:30:00-04:00,128.1649932861328,128.21499633789062,127.77999877929688,128.03500366210938,143318
2025-09-03 15:30:00-04:00,128.24000549316406,128.35499572753906,128.11000061035156,128.13999938964844,419462
2025-09-04 09:30:00-04:00,128.74000549316406,129.2100067138672,128.5449981689453,129.07000732421875,302090
2025-09-04 10:30:00-04:00,128.75999450683594,128.86300659179688,128.47999572753906,128.72000122070312,249718
2025-09-04 11:30:00-04:00,128.63999938964844,128.8000030517578,128.5697021484375,128.75999450683594,168778
2025-09-04 12:30:00-04:00,128.7899932861328,128.8800048828125,128.5399932861328,128.63999938964844,66873
2025-09-04 13:30:00-04:00,128.67750549316406,128.80999755859375,128.63999938964844,128.8000030517578,111847
2025-09-04 14:30:00-04:00,128.6699981689453,128.77139282226562,128.5,128.66000366210938,152568
2025-09-04 15:30:00-04:00,128.44000244140625,128.6999969482422,128.41000366210938,128.6699981689453,330577
2025-09-05 09:30:00-04:00,129.8800048828125,130.4199981689453,129.63999938964844,129.82000732421875,392479
2025-09-05 10:30:00-04:00,130.36000061035156,130.4499969482422,129.6750030517578,129.91000366210938,225489
2025-09-05 11:30:00-04:00,130.36000061035156,130.4600067138672,130.24000549316406,130.36000061035156,81541
2025-09-05 12:30:00-04:00,129.9149932861328,130.32000732421875,129.88499450683594,130.32000732421875,90355
2025-09-05 13:30:00-04:00,129.25,129.9600067138672,129.14999389648438,129.92999267578125,142380
2025-09-05 14:30:00-04:00,129.52999877929688,129.56500244140625,129.2550048828125,129.2550048828125,101026
2025-09-05 15:30:00-04:00,129.72999572753906,129.84100341796875,129.44500732421875,129.52999877929688,227186
2025-09-08 09:30:00-04:00,128.375,128.5500030517578,127.86000061035156,128.3350067138672,234639
2025-09-08 10:30:00-04:00,128.8800048828125,129.07000732421875,128.02999877929688,128.42999267578125,201078
2025-09-08 11:30:00-04:00,128.72999572753906,128.92999267578125,128.6199951171875,128.92999267578125,70915
2025-09-08 12:30:00-04:00,128.625,128.74000549316406,128.35000610351562,128.72500610351562,75993
2025-09-08 13:30:00-04:00,128.66000366210938,128.67999267578125,128.36000061035156,128.66000366210938,79063
2025-09-08 14:30:00-04:00,128.82000732421875,128.9199981689453,128.61500549316406,128.6699981689453,90954
2025-09-08 15:30:00-04:00,128.72999572753906,128.88999938964844,128.63999938964844,128.8300018310547,205216
2025-09-09 09:30:00-04:00,128.57000732421875,128.5800018310547,128.06500244140625,128.23500061035156,150796
2025-09-09 10:30:00-04:00,128.125,128.55020141601562,128.00999450683594,128.5500030517578,228549
2025-09-09 11:30:00-04:00,128.06500244140625,128.22500610351562,127.9000015258789,128.14500427246094,126844
2025-09-09 12:30:00-04:00,128.05999755859375,128.1750030517578,128.02999877929688,128.0800018310547,66769
2025-09-09 13:30:00-04:00,128.19500732421875,128.33999633789062,128.0500030517578,128.10000610351562,108315
2025-09-09 14:30:00-04:00,128.19000244140625,128.3000030517578,128.08999633789062,128.2100067138672,66972
2025-09-09 15:30:00-04:00,128.05999755859375,128.3300018310547,128.05999755859375,128.2100067138672,148093
2025-09-10 09:30:00-04:00,126.36000061035156,127.29000091552734,126.33000183105469,127.29000091552734,243306
2025-09-10 10:30:00-04:00,126.3499984741211,126.66000366210938,126.08999633789062,126.33999633789062,190472
2025-09-10 11:30:00-04:00,126.36000061035156,126.58999633789062,126.23999786376953,126.34500122070312,93654
2025-09-10 12:30:00-04:00,126.33000183105469,126.48999786376953,126.18499755859375,126.36000061035156,63001
2025-09-10 13:30:00-04:00,126.5,126.55999755859375,126.27999877929688,126.33000183105469,88245
2025-09-10 14:30:00-04:00,126.4000015258789,126.70999908447266,126.4000015258789,126.51000213623047,64504
2025-09-10 15:30:00-04:00,126.56999969482422,126.66000366210938,126.33000183105469,126.41000366210938,164853
2025-09-11 09:30:00-04:00,127.80000305175781,128.0500030517578,127.34500122070312,127.5199966430664,152987
2025-09-11 10:30:00-04:00,127.74500274658203,127.8499984741211,127.62999725341797,127.81999969482422,125874
2025-09-11 11:30:00-04:00,127.58000183105469,127.79000091552734,127.56999969482422,127.76000213623047,73973
2025-09-11 12:30:00-04:00,127.55500030517578,127.62000274658203,127.41000366210938,127.56999969482422,73078
2025-09-11 13:30:00-04:00,127.54000091552734,127.62000274658203,127.44000244140625,127.55500030517578,88517
2025-09-11 14:30:00-04:00,127.58499908447266,127.68000030517578,127.5,127.55999755859375,113414
2025-09-11 15:30:00-04:00,127.68000030517578,127.80999755859375,127.55000305175781,127.58499908447266,218572
2025-09-12 09:30:00-04:00,124.94999694824219,125.13999938964844,123.47000122070312,123.86000061035156,564724
2025-09-12 10:30:00-04:00,124.0999984741211,124.97270202636719,124.05500030517578,124.94999694824219,243507
2025-09-12 11:30:00-04:00,123.81500244140625,124.11000061035156,123.5,124.08999633789062,211041
2025-09-12 12:30:00-04:00,123.66500091552734,123.8499984741211,123.5199966430664,123.8499984741211,150726
2025-09-12 13:30:00-04:00,123.81500244140625,123.8499984741211,123.62000274658203,123.66999816894531,110487
2025-09-12 14:30:00-04:00,123.88999938964844,124.05000305175781,123.79000091552734,123.79000091552734,156676
2025-09-12 15:30:00-04:00,124.125,124.29000091552734,123.81999969482422,123.93000030517578,308964
2025-09-15 09:30:00-04:00,122.76000213623047,123.52999877929688,122.56999969482422,123.20999908447266,243432
2025-09-15 10:30:00-04:00,122.91999816894531,122.93000030517578,122.31999969482422,122.76000213623047,196488
2025-09-15 11:30:00-04:00,122.79000091552734,122.95079803466797,122.62999725341797,122.9000015258789,86255
2025-09-15 12:30:00-04:00,123.08999633789062,123.08999633789062,122.79000091552734,122.80999755859375,75044
2025-09-15 13:30:00-04:00,123.20999908447266,123.2699966430664,123.05999755859375,123.0999984741211,72149
2025-09-15 14:30:00-04:00,123.375,123.43000030517578,123.1500015258789,123.19999694824219,123448
2025-09-15 15:30:00-04:00,123.31999969482422,123.41500091552734,123.19999694824219,123.36000061035156,256103
2025-09-16 09:30:00-04:00,123.16000366210938,123.36000061035156,122.93000030517578,122.97000122070312,285836
2025-09-16 10:30:00-04:00,122.81999969482422,123.2300033569336,122.69999694824219,123.13999938964844,77321
2025-09-16 11:30:00-04:00,123.08999633789062,123.26499938964844,122.68000030517578,122.86499786376953,78806
2025-09-16 12:30:00-04:00,123.1500015258789,123.2750015258789,123.0103988647461,123.1050033569336,65485
2025-09-16 13:30:00-04:00,123.00990295410156,123.20500183105469,122.95999908447266,123.15499877929688,81966
2025-09-16 14:30:00-04:00,122.94999694824219,123.08999633789062,122.90899658203125,123.01499938964844,120269
2025-09-16 15:30:00-04:00,122.86000061035156,123.01000213623047,122.83999633789062,122.94000244140625,174561
2025-09-17 09:30:00-04:00,122.62000274658203,122.80999755859375,122.26000213623047,122.29000091552734,226266
2025-09-17 10:30:00-04:00,122.77999877929688,122.8499984741211,122.27999877929688,122.61000061035156,346148
2025-09-17 11:30:00-04:00,122.73999786376953,122.83999633789062,122.62999725341797,122.80000305175781,76348
2025-09-17 12:30:00-04:00,122.55000305175781,122.79000091552734,122.36000061035156,122.75,80271
2025-09-17 13:30:00-04:00,122.97000122070312,122.98999786376953,122.5000991821289,122.54499816894531,127246
2025-09-17 14:30:00-04:00,122.54000091552734,122.94999694824219,122.33000183105469,122.94999694824219,133337
2025-09-17 15:30:00-04:00,122.47000122070312,122.61000061035156,122.31500244140625,122.45899963378906,214995
2025-09-18 09:30:00-04:00,122.12999725341797,122.30000305175781,121.80000305175781,122.0,275220
2025-09-18 10:30:00-04:00,122.0999984741211,122.25749969482422,121.92500305175781,122.16000366210938,238790
2025-09-18 11:30:00-04:00,122.21499633789062,122.2300033569336,121.67500305175781,122.12000274658203,114500
2025-09-18 12:30:00-04:00,122.52999877929688,122.57499694824219,122.21499633789062,122.21499633789062,107994
2025-09-18 13:30:00-04:00,122.51000213623047,122.62000274658203,122.4749984741211,122.5250015258789,114126
2025-09-18 14:30:00-04:00,122.55000305175781,122.76000213623047,122.50499725341797,122.5199966430664,136382
2025-09-18 15:30:00-04:00,122.30999755859375,122.56999969482422,122.23999786376953,122.55000305175781,312315
2025-09-19 09:30:00-04:00,123.20999908447266,123.51000213623047,123.01000213623047,123.33999633789062,233190
2025-09-19 10:30:00-04:00,123.0,123.33999633789062,122.83999633789062,123.18000030517578,230714
2025-09-19 11:30:00-04:00,122.95999908447266,123.0250015258789,122.79499816894531,122.98999786376953,85931
2025-09-19 12:30:00-04:00,123.05000305175781,123.1050033569336,122.91999816894531,122.9583969116211,56982
2025-09-19 13:30:00-04:00,123.0,123.23999786376953,122.94999694824219,123.05999755859375,89802
2025-09-19 14:30:00-04:00,123.01000213623047,123.06999969482422,122.91000366210938,123.01000213623047,81756
2025-09-19 15:30:00-04:00,122.87999725341797,123.12000274658203,122.54000091552734,123.01000213623047,233631
2025-09-22 09:30:00-04:00,123.51499938964844,123.60890197753906,123.19000244140625,123.5,164234
2025-09-22 10:30:00-04:00,123.87999725341797,124.01000213623047,123.47000122070312,123.5,169620
2025-09-22 11:30:00-04:00,123.67500305175781,123.88999938964844,123.57499694824219,123.87999725341797,73072
2025-09-22 12:30:00-04:00,123.68000030517578,123.80000305175781,123.51000213623047,123.67500305175781,73795
2025-09-22 13:30:00-04:00,123.75,123.87000274658203,123.67500305175781,123.68000030517578,84700
2025-09-22 14:30:00-04:00,123.6449966430664,123.76000213623047,123.5250015258789,123.76000213623047,105170
2025-09-22 15:30:00-04:00,123.36000061035156,123.69000244140625,123.33999633789062,123.66000366210938,236013
2025-09-23 09:30:00-04:00,122.97000122070312,123.4000015258789,122.84120178222656,122.98999786376953,128563
2025-09-23 10:30:00-04:00,122.9749984741211,123.30000305175781,122.9000015258789,122.95500183105469,94339
2025-09-23 11:30:00-04:00,122.83609771728516,122.98999786376953,122.74214935302734,122.94499969482422,82955
2025-09-23 12:30:00-04:00,122.7300033569336,122.87999725341797,122.66999816894531,122.8499984741211,80254
2025-09-23 13:30:00-04:00,122.88999938964844,123.0199966430664,122.66999816894531,122.69999694824219,88714
2025-09-23 14:30:00-04:00,122.62000274658203,123.05999755859375,122.5999984741211,122.88999938964844,108677
2025-09-23 15:30:00-04:00,122.86000061035156,122.9000015258789,122.53500366210938,122.5999984741211,116708
2025-09-24 09:30:00-04:00,123.11000061035156,123.11000061035156,122.37000274658203,122.52999877929688,140219
2025-09-24 10:30:00-04:00,123.0199966430664,123.30999755859375,122.9800033569336,123.08999633789062,81641
2025-09-24 11:30:00-04:00,123.02999877929688,123.18499755859375,122.91999816894531,123.01499938964844,78440
2025-09-24 12:30:00-04:00,123.0,123.05989837646484,122.91000366210938,123.04000091552734,41913
2025-09-24 13:30:00-04:00,122.69059753417969,122.98590087890625,122.62999725341797,122.98500061035156,72702
2025-09-24 14:30:00-04:00,122.76499938964844,122.87999725341797,122.69000244140625,122.70050048828125,84001
2025-09-24 15:30:00-04:00,123.0,123.04280090332031,122.78500366210938,122.78500366210938,140627
2025-09-25 09:30:00-04:00,123.38999938964844,124.13999938964844,123.38999938964844,123.97000122070312,317976
2025-09-25 10:30:00-04:00,122.37999725341797,123.3499984741211,122.37000274658203,123.3499984741211,277490
2025-09-25 11:30:00-04:00,122.45999908447266,122.4800033569336,122.20999908447266,122.30000305175781,122588
2025-09-25 12:30:00-04:00,122.58999633789062,122.72000122070312,122.44999694824219,122.4800033569336,65407
2025-09-25 13:30:00-04:00,122.36499786376953,122.69000244140625,122.29000091552734,122.62000274658203,92944
2025-09-25 14:30:00-04:00,122.54499816894531,122.59500122070312,122.29000091552734,122.33000183105469,119802
2025-09-25 15:30:00-04:00,122.26000213623047,122.61499786376953,122.2300033569336,122.54499816894531,307385
2025-09-26 09:30:00-04:00,123.16999816894531,123.43000030517578,122.77999877929688,123.0,175389
2025-09-26 10:30:00-04:00,123.19499969482422,123.30000305175781,122.99500274658203,123.18000030517578,103897
2025-09-26 11:30:00-04:00,123.37999725341797,123.37999725341797,123.0,123.17500305175781,76723
2025-09-26 12:30:00-04:00,123.56999969482422,123.56999969482422,123.27999877929688,123.38500213623047,88803
2025-09-26 13:30:00-04:00,123.55500030517578,123.65750122070312,123.33999633789062,123.58000183105469,123847
2025-09-26 14:30:00-04:00,123.75,123.86000061035156,123.55999755859375,123.56500244140625,123901
2025-09-26 15:30:00-04:00,123.66999816894531,123.83000183105469,123.62999725341797,123.75,184400
2025-09-29 09:30:00-04:00,123.8499984741211,123.94000244140625,123.19999694824219,123.3499984741211,348950
2025-09-29 10:30:00-04:00,124.27999877929688,124.5999984741211,123.86000061035156,123.87999725341797,295998
2025-09-29 11:30:00-04:00,124.12000274658203,124.31999969482422,123.97000122070312,124.29000091552734,119071
2025-09-29 12:30:00-04:00,123.80500030517578,124.16000366210938,123.80000305175781,124.12000274658203,61762
2025-09-29 13:30:00-04:00,124.01000213623047,124.07499694824219,123.79000091552734,123.83999633789062,68220
2025-09-29 14:30:00-04:00,123.87000274658203,124.06999969482422,123.83999633789062,124.02999877929688,91970
2025-09-29 15:30:00-04:00,124.1050033569336,124.11000061035156,123.87000274658203,123.87999725341797,175868
2025-09-30 09:30:00-04:00,126.12999725341797,126.33999633789062,123.83000183105469,123.88999938964844,442000
2025-09-30 10:30:00-04:00,125.54000091552734,126.29000091552734,125.060302734375,126.1500015258789,198643
2025-09-30 11:30:00-04:00,126.2300033569336,126.27999877929688,125.3499984741211,125.58000183105469,148549
2025-09-30 12:30:00-04:00,127.23999786376953,127.58000183105469,126.19000244140625,126.25,363629
2025-09-30 13:30:00-04:00,127.94000244140625,128.0,127.2300033569336,127.24500274658203,182755
2025-09-30 14:30:00-04:00,128.38999938964844,128.4499969482422,127.80999755859375,127.94000244140625,275805
2025-09-30 15:30:00-04:00,128.24000549316406,128.50999450683594,127.91999816894531,128.41000366210938,466434
2025-10-01 09:30:00-04:00,129.97000122070312,130.11000061035156,128.94000244140625,129.0,517216
2025-10-01 10:30:00-04:00,130.36000061035156,130.5,129.77999877929688,130.0,701293
2025-10-01 11:30:00-04:00,131.31100463867188,131.50999450683594,130.1999969482422,130.3699951171875,294500
2025-10-01 12:30:00-04:00,131.2550048828125,131.38999938964844,131.02999877929688,131.3249969482422,179989
2025-10-01 13:30:00-04:00,131.86500549316406,131.95989990234375,131.2449951171875,131.2550048828125,262008
2025-10-01 14:30:00-04:00,131.6199951171875,131.88949584960938,131.5,131.86500549316406,483437
2025-10-01 15:30:00-04:00,131.67999267578125,131.7899932861328,131.36500549316406,131.61000061035156,772644
2025-10-02 09:30:00-04:00,130.50999450683594,131.52000427246094,130.4600067138672,131.02000427246094,257031
2025-10-02 10:30:00-04:00,130.3000030517578,130.64990234375,130.0399932861328,130.52999877929688,191207
2025-10-02 11:30:00-04:00,130.375,130.5229949951172,130.19500732421875,130.30999755859375,176729
2025-10-02 12:30:00-04:00,130.13999938964844,130.4199981689453,129.96499633789062,130.40499877929688,109809
2025-10-02 13:30:00-04:00,130.49000549316406,130.55499267578125,130.17999267578125,130.19000244140625,134882
2025-10-02 14:30:00-04:00,130.60000610351562,130.86000061035156,130.39999389648438,130.47500610351562,371277
2025-10-02 15:30:00-04:00,130.97999572753906,131.0,130.52000427246094,130.60000610351562,397465
2025-10-03 09:30:00-04:00,133.0500030517578,133.05999755859375,131.9499969482422,132.24000549316406,252023
2025-10-03 10:30:00-04:00,132.2899932861328,133.3699951171875,132.24000549316406,133.05999755859375,252651
2025-10-03 11:30:00-04:00,132.41000366210938,132.77000427246094,132.30999755859375,132.35000610351562,103950
2025-10-03 12:30:00-04:00,132.5399932861328,132.64999389648438,132.3800048828125,132.41000366210938,86767
2025-10-03 13:30:00-04:00,132.5449981689453,132.67999267578125,132.3800048828125,132.50999450683594,104048
2025-10-03 14:30:00-04:00,132.67010498046875,132.8300018310547,132.5,132.55999755859375,201107
2025-10-03 15:30:00-04:00,132.3699951171875,132.76499938964844,132.36000061035156,132.6699981689453,313798
2025-10-06 09:30:00-04:00,133.0800018310547,133.5500030517578,132.19000244140625,132.25999450683594,274477
2025-10-06 10:30:00-04:00,133.07000732421875,133.39999389648438,132.94000244140625,133.11000061035156,241608
2025-10-06 11:30:00-04:00,132.86000061035156,133.1999969482422,132.7899932861328,133.05999755859375,133771
2025-10-06 12:30:00-04:00,132.7100067138672,132.94000244140625,132.58999633789062,132.86500549316406,75814
2025-10-06 13:30:00-04:00,132.2050018310547,132.69000244140625,132.19000244140625,132.69000244140625,87793
2025-10-06 14:30:00-04:00,132.31500244140625,132.5800018310547,132.05999755859375,132.2050018310547,167060
2025-10-06 15:30:00-04:00,132.25999450683594,132.58999633789062,132.24000549316406,132.33999633789062,230139
2025-10-07 09:30:00-04:00,131.80999755859375,132.3300018310547,131.6300048828125,132.1199951171875,115754
2025-10-07 10:30:00-04:00,132.02000427246094,132.1699981689453,131.38999938964844,131.75,124031
2025-10-07 11:30:00-04:00,131.92999267578125,132.5500030517578,131.83999633789062,132.00999450683594,139570
2025-10-07 12:30:00-04:00,131.71499633789062,132.0,131.6999969482422,131.9499969482422,72249
2025-10-07 13:30:00-04:00,131.56500244140625,131.8000030517578,131.32000732421875,131.6999969482422,90476
2025-10-07 14:30:00-04:00,131.68899536132812,131.75,131.49000549316406,131.55999755859375,97955
2025-10-07 15:30:00-04:00,131.52999877929688,131.69000244140625,131.47000122070312,131.6750030517578,204594
2025-10-08 09:30:00-04:00,132.64500427246094,133.02999877929688,132.4600067138672,132.7100067138672,1877813
2025-10-08 10:30:00-04:00,133.0399932861328,133.16000366210938,132.50999450683594,132.64999389648438,237225
2025-10-08 11:30:00-04:00,132.72000122070312,132.97999572753906,132.60049438476562,132.97999572753906,319163
2025-10-08 12:30:00-04:00,132.6300048828125,132.80999755859375,132.60000610351562,132.6999969482422,97613
2025-10-08 13:30:00-04:00,132.4405059814453,132.63499450683594,132.44000244140625,132.60499572753906,121508
2025-10-08 14:30:00-04:00,132.55999755859375,132.5850067138672,132.25999450683594,132.44000244140625,137078
2025-10-08 15:30:00-04:00,132.3000030517578,132.5850067138672,132.3000030517578,132.5500030517578,265119
2025-10-09 09:30:00-04:00,132.5800018310547,132.9149932861328,132.22019958496094,132.60000610351562,184132
2025-10-09 10:30:00-04:00,132.21499633789062,132.75,132.1688995361328,132.5800018310547,175864
2025-10-09 11:30:00-04:00,132.25999450683594,132.55999755859375,132.1199951171875,132.1999969482422,115138
2025-10-09 12:30:00-04:00,132.32000732421875,132.4199981689453,132.10000610351562,132.27999877929688,104063
2025-10-09 13:30:00-04:00,132.0449981689453,132.4199981689453,132.0,132.31790161132812,106101
2025-10-09 14:30:00-04:00,132.05999755859375,132.13999938964844,131.8896026611328,132.0399932861328,148527
2025-10-09 15:30:00-04:00,131.0800018310547,132.1699981689453,130.99000549316406,132.0500030517578,670046
2025-10-10 09:30:00-04:00,130.6300048828125,131.8699951171875,130.38499450683594,131.82000732421875,772354
2025-10-10 10:30:00-04:00,131.05999755859375,131.0800018310547,130.60000610351562,130.6199951171875,435879
2025-10-10 11:30:00-04:00,130.77999877929688,131.3249969482422,130.7100067138672,131.05999755859375,206072
2025-10-10 12:30:00-04:00,130.55499267578125,131.3000030517578,130.3936004638672,130.77999877929688,138083
2025-10-10 13:30:00-04:00,130.5800018310547,130.64999389648438,130.27499389648438,130.5,91710
2025-10-10 14:30:00-04:00,130.3000030517578,130.58999633789062,130.0850067138672,130.58999633789062,98632
2025-10-10 15:30:00-04:00,130.0399932861328,130.66510009765625,129.92999267578125,130.3000030517578,355902
2025-10-13 09:30:00-04:00,128.8800048828125,129.6199951171875,128.83999633789062,129.6199951171875,514608
2025-10-13 10:30:00-04:00,129.8000030517578,129.85000610351562,128.8300018310547,128.8800048828125,270477
2025-10-13 11:30:00-04:00,129.82000732421875,130.00999450683594,129.5800018310547,129.77999877929688,332412
2025-10-13 12:30:00-04:00,129.810302734375,130.00999450683594,129.65499877929688,129.8350067138672,109175
2025-10-13 13:30:00-04:00,129.77999877929688,129.85000610351562,129.52999877929688,129.82000732421875,134867
2025-10-13 14:30:00-04:00,129.6300048828125,129.82000732421875,129.39999389648438,129.77499389648438,132537
2025-10-13 15:30:00-04:00,129.14999389648438,129.67999267578125,129.14999389648438,129.6199951171875,336981
2025-10-14 09:30:00-04:00,129.68499755859375,129.97500610351562,129.32000732421875,129.57000732421875,208288
2025-10-14 10:30:00-04:00,129.6199951171875,129.85000610351562,129.35000610351562,129.69000244140625,439625
2025-10-14 11:30:00-04:00,129.8699951171875,129.97999572753906,129.5399932861328,129.6199951171875,210711
2025-10-14 12:30:00-04:00,129.9499969482422,130.0500030517578,129.8000030517578,129.85000610351562,117557
2025-10-14 13:30:00-04:00,130.1649932861328,130.3000030517578,129.97000122070312,129.99000549316406,86100
2025-10-14 14:30:00-04:00,130.1199951171875,130.24600219726562,129.9499969482422,130.1300048828125,145858
2025-10-14 15:30:00-04:00,130.27000427246094,130.48899841308594,129.90750122070312,130.1243438720703,220572
2025-10-15 09:30:00-04:00,129.2899932861328,129.43499755859375,128.17999267578125,128.23500061035156,210313
2025-10-15 10:30:00-04:00,130.27999877929688,130.3000030517578,129.33999633789062,129.33999633789062,421477
2025-10-15 11:30:00-04:00,130.26499938964844,130.41000366210938,129.97999572753906,130.3000030517578,140430
2025-10-15 12:30:00-04:00,129.5500030517578,130.2449951171875,129.52000427246094,130.24000549316406,109853
2025-10-15 13:30:00-04:00,129.83999633789062,129.85499572753906,129.5,129.52999877929688,131246
2025-10-15 14:30:00-04:00,129.94000244140625,130.05999755859375,129.72999572753906,129.82000732421875,154012
2025-10-15 15:30:00-04:00,129.97000122070312,130.19000244140625,129.82000732421875,129.9499969482422,190294
2025-10-16 09:30:00-04:00,130.8800048828125,131.0399932861328,129.64500427246094,129.8800048828125,168945
2025-10-16 10:30:00-04:00,131.14999389648438,131.1699981689453,130.58999633789062,130.85000610351562,131923
2025-10-16 11:30:00-04:00,130.6750030517578,131.19000244140625,130.66000366210938,131.09500122070312,82882
2025-10-16 12:30:00-04:00,130.8249969482422,130.8699951171875,130.50999450683594,130.64500427246094,157422
2025-10-16 13:30:00-04:00,130.77000427246094,130.9499969482422,130.64999389648438,130.86000061035156,85557
2025-10-16 14:30:00-04:00,130.72000122070312,131.0,130.5800018310547,130.77999877929688,130256
2025-10-16 15:30:00-04:00,130.6999969482422,130.75999450683594,130.52000427246094,130.7100067138672,185011
2025-10-17 09:30:00-04:00,130.9199981689453,131.27999877929688,130.41000366210938,130.57000732421875,261273
2025-10-17 10:30:00-04:00,131.39999389648438,131.41000366210938,130.82000732421875,130.91000366210938,106069
2025-10-17 11:30:00-04:00,131.8000030517578,131.92999267578125,131.44000244140625,131.44000244140625,124466
2025-10-17 12:30:00-04:00,131.42999267578125,131.86000061035156,131.3000030517578,131.8000030517578,79558
2025-10-17 13:30:00-04:00,131.91000366210938,131.97000122070312,131.44500732421875,131.4499969482422,61804
2025-10-17 14:30:00-04:00,131.99000549316406,132.44000244140625,131.91000366210938,131.91000366210938,176407
2025-10-17 15:30:00-04:00,131.43499755859375,131.99000549316406,131.39999389648438,131.99000549316406,327991
2025-10-20 09:30:00-04:00,131.36000061035156,131.47000122070312,130.60000610351562,131.41000366210938,209183
2025-10-20 10:30:00-04:00,131.52999877929688,131.67999267578125,131.24000549316406,131.3699951171875,289648
2025-10-20 11:30:00-04:00,131.40499877929688,131.6719970703125,131.40499877929688,131.5,86384
2025-10-20 12:30:00-04:00,131.5,131.54200744628906,131.24000549316406,131.40499877929688,66396
2025-10-20 13:30:00-04:00,131.9199981689453,132.2100067138672,131.41000366210938,131.47999572753906,276454
2025-10-20 14:30:00-04:00,131.9149932861328,131.97999572753906,131.60000610351562,131.9149932861328,156425
2025-10-20 15:30:00-04:00,131.77999877929688,131.96499633789062,131.6999969482422,131.9149932861328,240129
2025-10-21 09:30:00-04:00,131.4600067138672,131.77000427246094,131.01499938964844,131.3300018310547,125235
2025-10-21 10:30:00-04:00,131.60000610351562,131.75,131.2476043701172,131.47999572753906,120987
2025-10-21 11:30:00-04:00,131.19960021972656,131.6199951171875,131.0800018310547,131.61000061035156,58084
2025-10-21 12:30:00-04:00,131.09170532226562,131.3000030517578,131.06350708007812,131.25,60103
2025-10-21 13:30:00-04:00,131.1999969482422,131.25999450683594,131.0399932861328,131.11000061035156,55006
2025-10-21 14:30:00-04:00,131.02999877929688,131.2100067138672,130.8800048828125,131.2050018310547,91260
2025-10-21 15:30:00-04:00,131.35000610351562,131.36000061035156,131.00999450683594,131.02000427246094,143101
2025-10-22 09:30:00-04:00,132.25,132.25,131.05999755859375,131.05999755859375,176018
2025-10-22 10:30:00-04:00,131.8699951171875,132.3300018310547,131.77000427246094,132.27999877929688,240794
2025-10-22 11:30:00-04:00,132.16009521484375,132.1999969482422,131.82000732421875,131.8800048828125,86941
2025-10-22 12:30:00-04:00,131.7100067138672,132.22000122070312,131.6425018310547,132.17999267578125,83884
2025-10-22 13:30:00-04:00,131.82000732421875,131.9658966064453,131.5478057861328,131.66000366210938,83721
2025-10-22 14:30:00-04:00,131.47000122070312,131.84210205078125,131.35000610351562,131.8300018310547,96153
2025-10-22 15:30:00-04:00,131.44000244140625,131.60499572753906,131.3300018310547,131.46499633789062,192323
2025-10-23 09:30:00-04:00,131.07000732421875,131.4199981689453,130.6199951171875,130.82000732421875,978321
2025-10-23 10:30:00-04:00,131.3300018310547,131.52999877929688,131.02499389648438,131.14500427246094,143205
2025-10-23 11:30:00-04:00,131.32000732421875,131.5050048828125,131.08999633789062,131.33999633789062,79678
2025-10-23 12:30:00-04:00,131.29249572753906,131.35499572753906,131.22000122070312,131.3249969482422,50731
2025-10-23 13:30:00-04:00,131.42999267578125,131.48179626464844,131.27000427246094,131.27999877929688,52955
2025-10-23 14:30:00-04:00,131.46499633789062,131.6199951171875,131.38999938964844,131.4219970703125,90482
2025-10-23 15:30:00-04:00,131.67999267578125,131.67999267578125,131.3000030517578,131.4600067138672,193623
2025-10-24 09:30:00-04:00,130.72500610351562,131.5399932861328,130.52000427246094,131.52999877929688,131796
2025-10-24 10:30:00-04:00,130.83999633789062,131.10000610351562,130.64999389648438,130.69000244140625,159168
2025-10-24 11:30:00-04:00,130.77999877929688,131.0399932861328,130.66000366210938,130.88999938964844,163833
2025-10-24 12:30:00-04:00,130.5,130.80999755859375,130.5,130.80999755859375,99119
2025-10-24 13:30:00-04:00,130.80999755859375,130.80999755859375,130.27999877929688,130.52999877929688,148233
2025-10-24 14:30:00-04:00,130.72000122070312,130.88999938964844,130.57000732421875,130.7899932861328,119559
2025-10-24 15:30:00-04:00,130.3800048828125,130.82899475097656,130.36000061035156,130.72999572753906,232048
2025-10-27 09:30:00-04:00,128.27000427246094,128.4199981689453,127.08000183105469,128.0,781214
2025-10-27 10:30:00-04:00,128.97000122070312,129.00999450683594,128.02000427246094,128.2899932861328,291630
2025-10-27 11:30:00-04:00,129.61000061035156,129.61000061035156,128.72000122070312,128.98500061035156,281042
2025-10-27 12:30:00-04:00,129.77000427246094,129.98150634765625,129.59500122070312,129.59500122070312,170856
2025-10-27 13:30:00-04:00,130.00999450683594,130.1699981689453,129.7100067138672,129.77999877929688,212881
2025-10-27 14:30:00-04:00,129.63499450683594,130.06500244140625,129.56500244140625,130.02000427246094,139683
2025-10-27 15:30:00-04:00,128.9550018310547,129.81500244140625,128.8300018310547,129.64500427246094,595714
2025-10-28 09:30:00-04:00,124.25,125.5199966430664,123.30000305175781,125.5199966430664,1738066
2025-10-28 10:30:00-04:00,124.25,125.75,124.11499786376953,124.29000091552734,737684
2025-10-28 11:30:00-04:00,124.66000366210938,125.02999877929688,124.25499725341797,124.25499725341797,376520
2025-10-28 12:30:00-04:00,123.81999969482422,124.69999694824219,123.81819915771484,124.6312026977539,223929
2025-10-28 13:30:00-04:00,123.81500244140625,123.9800033569336,123.37000274658203,123.83390045166016,275850
2025-10-28 14:30:00-04:00,123.45999908447266,123.87000274658203,123.37999725341797,123.81999969482422,332789
2025-10-28 15:30:00-04:00,123.38999938964844,123.5,123.05999755859375,123.4739990234375,774171
2025-10-29 09:30:00-04:00,122.63999938964844,123.33000183105469,122.51000213623047,123.29000091552734,494200
2025-10-29 10:30:00-04:00,122.29000091552734,122.65560150146484,121.6500015258789,122.65560150146484,358992
2025-10-29 11:30:00-04:00,123.62000274658203,123.83999633789062,122.22000122070312,122.29000091552734,383457
2025-10-29 12:30:00-04:00,123.30500030517578,123.92500305175781,123.30500030517578,123.62000274658203,191701
2025-10-29 13:30:00-04:00,122.97350311279297,123.56999969482422,122.87999725341797,123.31999969482422,179173
2025-10-29 14:30:00-04:00,122.0000991821289,123.06999969482422,121.94999694824219,123.0199966430664,253148
2025-10-29 15:30:00-04:00,121.79000091552734,122.08000183105469,121.56999969482422,122.0,551802
2025-10-30 09:30:00-04:00,122.58000183105469,122.87999725341797,121.9800033569336,122.6500015258789,1069046
2025-10-30 10:30:00-04:00,123.11000061035156,123.2249984741211,122.12000274658203,122.58999633789062,211784
2025-10-30 11:30:00-04:00,123.20999908447266,123.33000183105469,122.66000366210938,123.08999633789062,226093
2025-10-30 12:30:00-04:00,123.19000244140625,123.29000091552734,122.8949966430664,123.23999786376953,122766
2025-10-30 13:30:00-04:00,122.9800033569336,123.27999877929688,122.80999755859375,123.12000274658203,103634
2025-10-30 14:30:00-04:00,122.93000030517578,123.04000091552734,122.76000213623047,122.98999786376953,163504
2025-10-30 15:30:00-04:00,122.6500015258789,123.08000183105469,122.62999725341797,122.93000030517578,312847
2025-10-31 09:30:00-04:00,123.0199966430664,123.44000244140625,122.94000244140625,123.41000366210938,280235
2025-10-31 10:30:00-04:00,123.12999725341797,123.13999938964844,122.56999969482422,122.9800033569336,162898
2025-10-31 11:30:00-04:00,123.44000244140625,123.52999877929688,122.95999908447266,123.12000274658203,155600
2025-10-31 12:30:00-04:00,123.36000061035156,123.6050033569336,123.2300033569336,123.43000030517578,191120
2025-10-31 13:30:00-04:00,123.47000122070312,123.62000274658203,123.33450317382812,123.38999938964844,105801
2025-10-31 14:30:00-04:00,123.86499786376953,123.95999908447266,123.48999786376953,123.5,187802
2025-10-31 15:30:00-04:00,123.83000183105469,124.1500015258789,123.77999877929688,123.86499786376953,437030
2025-11-03 09:30:00-05:00,123.33000183105469,123.76000213623047,123.01000213623047,123.07499694824219,223561
2025-11-03 10:30:00-05:00,123.19999694824219,123.76000213623047,123.19999694824219,123.33999633789062,157167
2025-11-03 11:30:00-05:00,123.1050033569336,123.23999786376953,122.86000061035156,123.19000244140625,182587
2025-11-03 12:30:00-05:00,123.04000091552734,123.36000061035156,122.9800033569336,123.11499786376953,128907
2025-11-03 13:30:00-05:00,123.2249984741211,123.3499984741211,123.03500366210938,123.04000091552734,77892
2025-11-03 14:30:00-05:00,123.37999725341797,123.43000030517578,123.1500015258789,123.2249984741211,112649
2025-11-03 15:30:00-05:00,123.875,124.05000305175781,123.25,123.38999938964844,592101
2025-11-04 09:30:00-05:00,125.08000183105469,125.08000183105469,123.51000213623047,123.51000213623047,295928
2025-11-04 10:30:00-05:00,125.44000244140625,125.45999908447266,124.7300033569336,125.05000305175781,179631
2025-11-04 11:30:00-05:00,125.18000030517578,125.4000015258789,125.09500122070312,125.4000015258789,123303
2025-11-04 12:30:00-05:00,124.68499755859375,125.30000305175781,124.6500015258789,125.20999908447266,74998
2025-11-04 13:30:00-05:00,124.71499633789062,124.93000030517578,124.47000122070312,124.6500015258789,168216
2025-11-04 14:30:00-05:00,124.98999786376953,125.12999725341797,124.66999816894531,124.71499633789062,181173
2025-11-04 15:30:00-05:00,125.04000091552734,125.19499969482422,124.80500030517578,125.04000091552734,254470
2025-11-05 09:30:00-05:00,125.42500305175781,125.91999816894531,124.47000122070312,124.52999877929688,292271
2025-11-05 10:30:00-05:00,125.2300033569336,125.68499755859375,125.0199966430664,125.4000015258789,166480
2025-11-05 11:30:00-05:00,125.6449966430664,125.6449966430664,125.17500305175781,125.22000122070312,86600
2025-11-05 12:30:00-05:00,125.49009704589844,125.71499633789062,125.41999816894531,125.62999725341797,95237
2025-11-05 13:30:00-05:00,125.5199966430664,125.55500030517578,125.1449966430664,125.48999786376953,66135
2025-11-05 14:30:00-05:00,125.61000061035156,125.69999694824219,125.44499969482422,125.51000213623047,107023
2025-11-05 15:30:00-05:00,125.5,125.83999633789062,125.37999725341797,125.62000274658203,286483
2025-11-06 09:30:00-05:00,126.3550033569336,126.66000366210938,126.06999969482422,126.2699966430664,178214
2025-11-06 10:30:00-05:00,126.22000122070312,126.5999984741211,126.08999633789062,126.3499984741211,153473
2025-11-06 11:30:00-05:00,126.80000305175781,127.11000061035156,126.06500244140625,126.23999786376953,152535
2025-11-06 12:30:00-05:00,126.38999938964844,126.90049743652344,126.21499633789062,126.8550033569336,167146
2025-11-06 13:30:00-05:00,126.45500183105469,126.79000091552734,126.37000274658203,126.37999725341797,82323
2025-11-06 14:30:00-05:00,126.7699966430664,126.80149841308594,126.44000244140625,126.45999908447266,103051
2025-11-06 15:30:00-05:00,126.58999633789062,126.91000366210938,126.58999633789062,126.79000091552734,224773
2025-11-07 09:30:00-05:00,126.48999786376953,126.56999969482422,126.01000213623047,126.47000122070312,193950
2025-11-07 10:30:00-05:00,126.83499908447266,126.88500213623047,126.36000061035156,126.47000122070312,387598
2025-11-07 11:30:00-05:00,126.31999969482422,126.95999908447266,126.2300033569336,126.87999725341797,149666
2025-11-07 12:30:00-05:00,126.06999969482422,126.44999694824219,126.06999969482422,126.29000091552734,126927
2025-11-07 13:30:00-05:00,126.37000274658203,126.41000366210938,126.0000991821289,126.08999633789062,101795
2025-11-07 14:30:00-05:00,126.36000061035156,126.48999786376953,126.24500274658203,126.37000274658203,144971
2025-11-07 15:30:00-05:00,126.37000274658203,126.5199966430664,126.26499938964844,126.37000274658203,234772
2025-11-10 09:30:00-05:00,126.76000213623047,127.27999877929688,126.69000244140625,126.69000244140625,240716
2025-11-10 10:30:00-05:00,126.66999816894531,126.80999755859375,126.29000091552734,126.79000091552734,204758
2025-11-10 11:30:00-05:00,126.7594985961914,127.2300033569336,126.5199966430664,126.68000030517578,205217
2025-11-10 12:30:00-05:00,126.83000183105469,126.87000274658203,126.69000244140625,126.76000213623047,85129
2025-11-10 13:30:00-05:00,126.61000061035156,126.91000366210938,126.56999969482422,126.83999633789062,105111
2025-11-10 14:30:00-05:00,126.9928970336914,127.0999984741211,126.56999969482422,126.62000274658203,99394
2025-11-10 15:30:00-05:00,127.19000244140625,127.19000244140625,126.86499786376953,126.97000122070312,201544
2025-11-11 09:30:00-05:00,129.40499877929688,129.47000122070312,128.72000122070312,128.80999755859375,298523
2025-11-11 10:30:00-05:00,130.02999877929688,130.10000610351562,129.27999877929688,129.41000366210938,233468
2025-11-11 11:30:00-05:00,130.28500366210938,130.30999755859375,129.72000122070312,130.02999877929688,185282
2025-11-11 12:30:00-05:00,130.5399932861328,130.55999755859375,130.19500732421875,130.25999450683594,199741
2025-11-11 13:30:00-05:00,130.44000244140625,130.52000427246094,130.2008056640625,130.49000549316406,147565
2025-11-11 14:30:00-05:00,130.58999633789062,130.6179962158203,130.38099670410156,130.44000244140625,118203
2025-11-11 15:30:00-05:00,130.50999450683594,130.69000244140625,130.42999267578125,130.58999633789062,326824
2025-11-12 09:30:00-05:00,131.33999633789062,131.42999267578125,130.8000030517578,130.9199981689453,198127
2025-11-12 10:30:00-05:00,131.19000244140625,131.72000122070312,131.1300048828125,131.3300018310547,120376
2025-11-12 11:30:00-05:00,131.4600067138672,131.47999572753906,131.05810546875,131.25,102971
2025-11-12 12:30:00-05:00,131.6199951171875,131.69000244140625,131.3800048828125,131.47000122070312,113492
2025-11-12 13:30:00-05:00,131.42979431152344,131.69039916992188,131.33999633789062,131.63999938964844,114595
2025-11-12 14:30:00-05:00,131.72999572753906,131.72999572753906,131.36000061035156,131.4600067138672,92885
2025-11-12 15:30:00-05:00,132.2899932861328,132.3000030517578,131.64500427246094,131.74000549316406,446173
2025-11-13 09:30:00-05:00,133.47500610351562,133.66000366210938,131.8800048828125,131.8800048828125,318911
2025-11-13 10:30:00-05:00,133.4199981689453,133.7100067138672,133.3000030517578,133.49000549316406,254223
2025-11-13 11:30:00-05:00,133.74000549316406,134.0,133.41000366210938,133.44000244140625,155560
2025-11-13 12:30:00-05:00,133.31500244140625,133.77499389648438,133.2899932861328,133.72000122070312,164488
2025-11-13 13:30:00-05:00,132.97000122070312,133.5399932861328,132.94000244140625,133.2899932861328,176379
2025-11-13 14:30:00-05:00,132.14010620117188,132.9600067138672,132.1199951171875,132.91000366210938,190430
2025-11-13 15:30:00-05:00,131.91000366210938,132.2100067138672,131.80499267578125,132.14999389648438,293694
2025-11-14 09:30:00-05:00,131.74000549316406,132.75999450683594,131.66000366210938,132.4600067138672,488244
2025-11-14 10:30:00-05:00,131.5500030517578,131.82000732421875,131.36500549316406,131.77000427246094,229884
2025-11-14 11:30:00-05:00,131.48500061035156,131.83999633789062,131.42999267578125,131.5500030517578,164469
2025-11-14 12:30:00-05:00,131.2899932861328,131.8300018310547,131.23500061035156,131.47999572753906,85250
2025-11-14 13:30:00-05:00,130.9250030517578,131.44000244140625,130.3000030517578,131.30999755859375,174472
2025-11-14 14:30:00-05:00,131.0800018310547,131.5,130.8000030517578,130.9250030517578,252837
2025-11-14 15:30:00-05:00,131.22000122070312,131.3000030517578,131.0,131.0800018310547,330518
2025-11-17 09:30:00-05:00,132.875,133.19000244140625,132.3300018310547,132.38999938964844,342712
2025-11-17 10:30:00-05:00,132.92999267578125,133.11000061035156,132.6999969482422,132.875,169392
2025-11-17 11:30:00-05:00,133.02000427246094,133.12399291992188,132.7899932861328,132.9600067138672,172679
2025-11-17 12:30:00-05:00,132.75999450683594,133.10000610351562,132.5478057861328,133.02000427246094,102595
2025-11-17 13:30:00-05:00,132.4499969482422,132.83999633789062,132.2899932861328,132.72999572753906,151771
2025-11-17 14:30:00-05:00,131.88999938964844,132.5,131.4600067138672,132.47000122070312,337207
2025-11-17 15:30:00-05:00,131.5,131.92999267578125,131.49000549316406,131.88999938964844,414822
2025-11-18 09:30:00-05:00,128.0399932861328,128.3800048828125,126.94000244140625,127.83000183105469,430084
2025-11-18 10:30:00-05:00,127.58000183105469,128.25,127.26000213623047,128.1300048828125,348760
2025-11-18 11:30:00-05:00,128.11000061035156,128.3000030517578,127.19999694824219,127.56500244140625,233514
2025-11-18 12:30:00-05:00,128.46499633789062,128.52999877929688,127.94999694824219,128.11000061035156,138559
2025-11-18 13:30:00-05:00,128.4499969482422,128.57000732421875,128.3800048828125,128.47999572753906,148134
2025-11-18 14:30:00-05:00,128.42999267578125,128.6999969482422,128.33999633789062,128.4499969482422,215438
2025-11-18 15:30:00-05:00,128.0,128.5050048828125,127.94000244140625,128.4199981689453,372294
2025-11-19 09:30:00-05:00,127.72000122070312,128.39999389648438,127.69000244140625,128.2100067138672,347446
2025-11-19 10:30:00-05:00,126.79000091552734,127.8499984741211,126.79000091552734,127.66999816894531,193265
2025-11-19 11:30:00-05:00,126.8550033569336,127.1050033569336,126.30999755859375,126.79000091552734,205853
2025-11-19 12:30:00-05:00,127.05500030517578,127.16000366210938,126.69000244140625,126.8550033569336,97811
2025-11-19 13:30:00-05:00,127.16999816894531,127.62999725341797,127.06999969482422,127.06999969482422,217031
2025-11-19 14:30:00-05:00,127.5199966430664,127.58999633789062,127.08000183105469,127.1500015258789,299266
2025-11-19 15:30:00-05:00,127.30999755859375,127.69000244140625,127.25,127.5199966430664,266869
2025-11-20 09:30:00-05:00,123.66000366210938,125.62999725341797,123.23999786376953,125.62999725341797,966414
2025-11-20 10:30:00-05:00,124.67500305175781,124.73999786376953,123.45999908447266,123.66000366210938,257788
2025-11-20 11:30:00-05:00,124.70999908447266,125.02999877929688,124.45999908447266,124.66459655761719,214603
2025-11-20 12:30:00-05:00,124.62999725341797,124.93000030517578,124.23999786376953,124.76000213623047,181264
2025-11-20 13:30:00-05:00,124.98999786376953,124.98999786376953,124.23999786376953,124.63500213623047,132727
2025-11-20 14:30:00-05:00,124.72000122070312,125.0,124.63999938964844,124.96499633789062,188475
2025-11-20 15:30:00-05:00,124.37999725341797,124.77999877929688,124.2699966430664,124.73999786376953,344550
2025-11-21 09:30:00-05:00,127.13999938964844,127.19999694824219,125.87999725341797,125.87999725341797,675867
2025-11-21 10:30:00-05:00,127.05999755859375,127.48500061035156,126.79000091552734,127.0999984741211,451355
2025-11-21 11:30:00-05:00,127.7300033569336,127.88999938964844,127.06999969482422,127.0999984741211,133602
2025-11-21 12:30:00-05:00,127.29499816894531,127.87999725341797,127.06999969482422,127.78500366210938,164982
2025-11-21 13:30:00-05:00,127.625,127.87999725341797,127.30999755859375,127.30999755859375,178161
2025-11-21 14:30:00-05:00,127.36000061035156,127.69000244140625,127.33999633789062,127.63999938964844,182888
2025-11-21 15:30:00-05:00,127.3499984741211,127.55000305175781,127.19999694824219,127.37999725341797,299033
2025-11-24 09:30:00-05:00,127.7300033569336,127.98999786376953,127.19999694824219,127.43499755859375,264795
2025-11-24 10:30:00-05:00,127.51499938964844,128.13999938964844,127.5,127.74500274658203,331201
2025-11-24 11:30:00-05:00,126.79499816894531,127.55000305175781,126.61000061035156,127.4749984741211,167597
2025-11-24 12:30:00-05:00,126.80999755859375,126.98999786376953,126.66000366210938,126.83000183105469,149133
2025-11-24 13:30:00-05:00,126.55999755859375,126.9291000366211,126.5199966430664,126.80999755859375,167377
2025-11-24 14:30:00-05:00,126.62999725341797,126.76000213623047,126.51000213623047,126.55999755859375,152098
2025-11-24 15:30:00-05:00,126.52999877929688,126.83999633789062,126.5,126.61000061035156,357114
2025-11-25 09:30:00-05:00,129.5500030517578,130.17999267578125,128.75,128.75,501841
2025-11-25 10:30:00-05:00,129.3000030517578,129.97999572753906,129.11000061035156,129.5050048828125,296890
2025-11-25 11:30:00-05:00,129.88999938964844,129.97999572753906,129.17999267578125,129.30499267578125,167740
2025-11-25 12:30:00-05:00,129.7899932861328,129.9499969482422,129.6999969482422,129.89999389648438,91580
2025-11-25 13:30:00-05:00,129.94000244140625,129.97000122070312,129.75,129.82000732421875,124685
2025-11-25 14:30:00-05:00,130.2449951171875,130.3699951171875,129.89999389648438,129.94000244140625,258150
2025-11-25 15:30:00-05:00,130.25999450683594,130.47000122070312,130.1649932861328,130.2449951171875,444902
2025-11-26 09:30:00-05:00,130.82000732421875,130.99000549316406,129.85000610351562,130.16000366210938,202043
2025-11-26 10:30:00-05:00,130.72999572753906,131.19000244140625,130.6199951171875,130.8300018310547,317953
2025-11-26 11:30:00-05:00,130.58999633789062,130.8800048828125,130.52000427246094,130.75999450683594,167581
2025-11-26 12:30:00-05:00,130.81500244140625,130.86500549316406,130.5399932861328,130.60000610351562,88025
2025-11-26 13:30:00-05:00,130.59500122070312,130.9499969482422,130.5,130.81500244140625,117927
2025-11-26 14:30:00-05:00,130.59500122070312,130.6584930419922,130.52000427246094,130.58999633789062,96410
2025-11-26 15:30:00-05:00,130.41000366210938,130.75999450683594,130.34500122070312,130.60000610351562,222312
2025-11-28 09:30:00-05:00,130.0800018310547,130.2100067138672,129.42999267578125,130.2100067138672,984772
2025-11-28 10:30:00-05:00,129.82000732421875,130.14999389648438,129.61500549316406,130.10000610351562,239929
2025-11-28 11:30:00-05:00,130.15499877929688,130.3354949951172,129.8699951171875,129.8699951171875,129762
2025-12-01 09:30:00-05:00,129.8249969482422,131.14999389648438,129.52999877929688,131.02000427246094,221814
2025-12-01 10:30:00-05:00,129.75,129.83999633789062,129.33999633789062,129.82000732421875,447949
2025-12-01 11:30:00-05:00,129.07000732421875,129.77000427246094,129.02999877929688,129.74000549316406,170021
2025-12-01 12:30:00-05:00,129.1300048828125,129.2100067138672,128.97999572753906,129.10000610351562,91320
2025-12-01 13:30:00-05:00,129.0850067138672,129.52000427246094,129.0850067138672,129.14500427246094,159936
2025-12-01 14:30:00-05:00,129.14999389648438,129.22000122070312,128.91000366210938,129.10000610351562,123954
2025-12-01 15:30:00-05:00,128.99000549316406,129.41000366210938,128.92999267578125,129.14999389648438,286991
2025-12-02 09:30:00-05:00,131.93499755859375,132.0399932861328,130.72999572753906,131.5500030517578,366351
2025-12-02 10:30:00-05:00,131.9250030517578,132.49000549316406,131.8300018310547,131.94500732421875,407401
2025-12-02 11:30:00-05:00,132.3300018310547,132.43499755859375,131.80999755859375,131.97000122070312,211609
2025-12-02 12:30:00-05:00,132.24000549316406,132.44500732421875,132.2100067138672,132.3300018310547,103824
2025-12-02 13:30:00-05:00,132.2050018310547,132.3300018310547,132.08999633789062,132.24000549316406,211422
2025-12-02 14:30:00-05:00,132.44500732421875,132.47999572753906,132.13999938964844,132.22000122070312,152326
2025-12-02 15:30:00-05:00,132.32000732421875,132.6739959716797,132.2550048828125,132.4199981689453,301060
2025-12-03 09:30:00-05:00,134.0850067138672,134.24000549316406,133.42999267578125,133.6199951171875,249594
2025-12-03 10:30:00-05:00,134.14500427246094,134.22500610351562,133.52999877929688,134.0850067138672,234941
2025-12-03 11:30:00-05:00,134.0,134.13999938964844,133.81500244140625,134.11000061035156,102793
2025-12-03 12:30:00-05:00,134.1199951171875,134.14999389648438,133.93800354003906,133.99000549316406,96440
2025-12-03 13:30:00-05:00,134.02999877929688,134.1750030517578,133.97000122070312,134.11500549316406,99683
2025-12-03 14:30:00-05:00,134.00999450683594,134.0800018310547,133.8699951171875,134.00999450683594,161845
2025-12-03 15:30:00-05:00,133.8000030517578,134.02000427246094,133.67999267578125,133.97999572753906,226539
2025-12-04 09:30:00-05:00,133.94000244140625,133.94000244140625,133.1649932861328,133.6300048828125,267067
2025-12-04 10:30:00-05:00,133.17999267578125,133.9499969482422,133.17999267578125,133.9499969482422,238856
2025-12-04 11:30:00-05:00,133.23500061035156,133.24000549316406,132.95889282226562,133.1699981689453,75873
2025-12-04 12:30:00-05:00,133.27000427246094,133.29989624023438,132.99000549316406,133.22000122070312,84609
2025-12-04 13:30:00-05:00,132.63079833984375,133.27999877929688,132.5800018310547,133.27999877929688,103005
2025-12-04 14:30:00-05:00,132.47000122070312,132.85935974121094,132.47000122070312,132.63999938964844,112756
2025-12-04 15:30:00-05:00,132.3699951171875,132.49000549316406,132.17999267578125,132.4600067138672,220992
2025-12-05 09:30:00-05:00,133.27000427246094,134.0399932861328,133.25999450683594,133.82000732421875,270996
2025-12-05 10:30:00-05:00,132.97000122070312,133.2899932861328,132.60000610351562,133.27000427246094,460852
2025-12-05 11:30:00-05:00,132.9199981689453,132.99000549316406,132.74000549316406,132.9499969482422,90112
2025-12-05 12:30:00-05:00,132.875,133.06500244140625,132.82000732421875,132.92999267578125,140984
2025-12-05 13:30:00-05:00,132.97999572753906,133.00999450683594,132.88999938964844,132.88999938964844,73230
2025-12-05 14:30:00-05:00,132.69000244140625,132.97999572753906,132.63999938964844,132.9499969482422,152996
2025-12-05 15:30:00-05:00,132.1999969482422,132.8249969482422,132.10499572753906,132.67999267578125,563892
2025-12-08 09:30:00-05:00,132.0,132.8300018310547,131.67999267578125,132.8300018310547,367536
2025-12-08 10:30:00-05:00,132.0500030517578,132.14999389648438,131.58999633789062,131.9550018310547,297858
2025-12-08 11:30:00-05:00,131.4250030517578,132.1199951171875,131.33999633789062,132.02999877929688,188335
2025-12-08 12:30:00-05:00,131.5,131.75999450683594,131.3000030517578,131.3800048828125,183625
2025-12-08 13:30:00-05:00,131.49000549316406,131.5800018310547,131.28500366210938,131.4499969482422,161978
2025-12-08 14:30:00-05:00,130.3300018310547,131.5,129.97999572753906,131.47999572753906,613259
2025-12-08 15:30:00-05:00,130.17999267578125,130.5800018310547,130.0,130.25999450683594,334941
2025-12-09 09:30:00-05:00,132.74000549316406,133.16000366210938,132.1300048828125,132.5500030517578,345844
2025-12-09 10:30:00-05:00,132.5399932861328,132.9199981689453,131.85000610351562,132.75999450683594,341519
2025-12-09 11:30:00-05:00,131.76499938964844,132.5,131.74000549316406,132.49000549316406,207052
2025-12-09 12:30:00-05:00,132.00999450683594,132.02000427246094,131.69000244140625,131.7899932861328,145890
2025-12-09 13:30:00-05:00,132.10000610351562,132.1699981689453,131.8800048828125,132.00999450683594,186244
2025-12-09 14:30:00-05:00,131.64500427246094,132.1300048828125,131.52999877929688,132.10499572753906,216135
2025-12-09 15:30:00-05:00,131.02000427246094,131.625,130.80999755859375,131.6199951171875,581236
2025-12-10 09:30:00-05:00,130.7100067138672,131.3699951171875,130.49000549316406,131.0500030517578,393832
2025-12-10 10:30:00-05:00,131.11500549316406,131.30499267578125,130.60000610351562,130.6699981689453,206187
2025-12-10 11:30:00-05:00,130.6300048828125,131.3300018310547,130.4600067138672,131.14500427246094,347909
2025-12-10 12:30:00-05:00,131.17999267578125,131.28500366210938,130.61000061035156,130.6300048828125,145995
2025-12-10 13:30:00-05:00,130.99000549316406,131.23049926757812,130.85000610351562,131.17999267578125,220499
2025-12-10 14:30:00-05:00,131.28500366210938,131.6300048828125,130.8800048828125,131.00999450683594,238155
2025-12-10 15:30:00-05:00,131.1999969482422,131.4600067138672,131.11000061035156,131.27999877929688,397944
2025-12-11 09:30:00-05:00,133.5,133.50999450683594,132.25999450683594,132.4600067138672,637152
2025-12-11 10:30:00-05:00,133.30999755859375,133.83999633789062,133.22999572753906,133.5,234699
2025-12-11 11:30:00-05:00,133.32000732421875,133.39999389648438,133.11500549316406,133.32000732421875,133585
2025-12-11 12:30:00-05:00,132.9600067138672,133.36000061035156,132.9499969482422,133.33900451660156,112410
2025-12-11 13:30:00-05:00,132.50999450683594,133.02000427246094,132.4499969482422,132.9600067138672,121129
2025-12-11 14:30:00-05:00,132.41000366210938,132.6199951171875,132.23500061035156,132.5,235924
2025-12-11 15:30:00-05:00,132.36000061035156,132.47000122070312,132.1999969482422,132.41000366210938,426227
2025-12-12 09:30:00-05:00,132.61000061035156,133.00999450683594,132.25,132.3699951171875,201854
2025-12-12 10:30:00-05:00,132.50999450683594,132.80499267578125,132.17999267578125,132.61000061035156,155204
2025-12-12 11:30:00-05:00,131.91000366210938,132.50999450683594,131.77000427246094,132.49000549316406,143192
2025-12-12 12:30:00-05:00,132.1999969482422,132.22999572753906,131.9199981689453,131.92990112304688,100348
2025-12-12 13:30:00-05:00,132.3800048828125,132.6300048828125,132.10000610351562,132.2100067138672,147160
2025-12-12 14:30:00-05:00,132.31500244140625,132.41000366210938,132.14999389648438,132.39999389648438,116493
2025-12-12 15:30:00-05:00,132.5399932861328,132.5399932861328,132.16000366210938,132.31500244140625,229521
2025-12-15 09:30:00-05:00,134.35000610351562,134.66000366210938,133.6699981689453,133.89999389648438,384570
2025-12-15 10:30:00-05:00,134.67999267578125,134.69000244140625,134.10000610351562,134.3300018310547,226557
2025-12-15 11:30:00-05:00,134.4499969482422,134.7100067138672,134.32000732421875,134.6999969482422,174030
2025-12-15 12:30:00-05:00,134.4949951171875,134.5,134.20010375976562,134.4199981689453,105587
2025-12-15 13:30:00-05:00,134.43499755859375,134.52000427246094,134.3000030517578,134.5,143362
2025-12-15 14:30:00-05:00,134.9149932861328,134.9499969482422,134.43499755859375,134.4600067138672,150029
2025-12-15 15:30:00-05:00,135.17999267578125,135.27000427246094,134.9149932861328,134.94000244140625,317645
2025-12-16 09:30:00-05:00,135.02000427246094,136.66000366210938,134.72000122070312,136.66000366210938,566389
2025-12-16 10:30:00-05:00,135.16000366210938,135.4499969482422,134.7449951171875,135.02499389648438,239077
2025-12-16 11:30:00-05:00,134.8249969482422,135.1999969482422,134.75999450683594,135.17999267578125,151619
2025-12-16 12:30:00-05:00,134.41000366210938,134.9600067138672,134.39999389648438,134.86000061035156,103846
2025-12-16 13:30:00-05:00,134.59500122070312,134.75999450683594,134.39999389648438,134.4199981689453,97609
2025-12-16 14:30:00-05:00,134.9199981689453,134.9600067138672,134.5500030517578,134.61000061035156,170950
2025-12-16 15:30:00-05:00,134.98199462890625,135.1199951171875,134.77999877929688,134.92999267578125,303018
2025-12-17 09:30:00-05:00,135.47999572753906,135.94000244140625,135.2550048828125,135.33999633789062,195085
2025-12-17 10:30:00-05:00,135.77999877929688,135.8800048828125,135.3300018310547,135.50999450683594,315188
2025-12-17 11:30:00-05:00,135.6199951171875,135.88999938964844,135.57000732421875,135.7899932861328,138975
2025-12-17 12:30:00-05:00,135.8800048828125,137.39999389648438,135.42999267578125,135.6199951171875,398183
2025-12-17 13:30:00-05:00,135.33999633789062,135.9600067138672,135.25,135.8800048828125,181672
2025-12-17 14:30:00-05:00,135.52999877929688,135.64999389648438,135.22000122070312,135.35499572753906,442211
2025-12-17 15:30:00-05:00,135.08999633789062,135.51499938964844,134.9600067138672,135.50999450683594,496562
2025-12-18 09:30:00-05:00,135.14549255371094,135.6558074951172,135.02999877929688,135.19000244140625,324903
2025-12-18 10:30:00-05:00,135.6699981689453,135.69000244140625,135.16000366210938,135.17999267578125,321606
2025-12-18 11:30:00-05:00,135.125,135.67999267578125,135.00999450683594,135.66000366210938,205139
2025-12-18 12:30:00-05:00,135.36000061035156,135.50999450683594,135.11000061035156,135.13999938964844,126573
2025-12-18 13:30:00-05:00,134.97000122070312,135.3800048828125,134.91000366210938,135.35000610351562,87488
2025-12-18 14:30:00-05:00,135.3000030517578,135.3000030517578,134.8800048828125,135.02999877929688,176194
2025-12-18 15:30:00-05:00,135.27999877929688,135.47000122070312,135.10000610351562,135.30499267578125,201640
2025-12-19 09:30:00-05:00,135.88499450683594,135.9600067138672,134.82000732421875,134.94000244140625,127977
2025-12-19 10:30:00-05:00,136.39999389648438,136.58999633789062,135.72000122070312,135.77999877929688,195449
2025-12-19 11:30:00-05:00,136.74000549316406,136.74000549316406,136.2100067138672,136.41000366210938,116526
2025-12-19 12:30:00-05:00,137.01499938964844,137.16000366210938,136.6999969482422,136.6999969482422,125397
2025-12-19 13:30:00-05:00,136.90179443359375,137.11000061035156,136.8800048828125,137.02000427246094,92660
2025-12-19 14:30:00-05:00,136.91000366210938,137.07000732421875,136.80999755859375,136.94000244140625,103969
2025-12-19 15:30:00-05:00,136.16000366210938,136.97000122070312,136.0500030517578,136.9149932861328,325585
2025-12-22 09:30:00-05:00,136.60499572753906,136.75,136.0,136.47999572753906,126573
2025-12-22 10:30:00-05:00,137.16000366210938,137.26499938964844,136.5399932861328,136.6300048828125,301009
2025-12-22 11:30:00-05:00,136.85499572753906,137.27000427246094,136.66000366210938,137.11000061035156,168770
2025-12-22 12:30:00-05:00,136.86000061035156,137.00999450683594,136.8300018310547,136.8800048828125,100416
2025-12-22 13:30:00-05:00,136.6300048828125,136.9499053955078,136.61000061035156,136.85000610351562,119747
2025-12-22 14:30:00-05:00,136.64999389648438,136.7100067138672,136.52999877929688,136.63999938964844,170694
2025-12-22 15:30:00-05:00,136.875,136.97000122070312,136.63999938964844,136.6649932861328,263913
2025-12-23 09:30:00-05:00,139.56500244140625,140.1750030517578,139.42999267578125,139.60000610351562,487537
2025-12-23 10:30:00-05:00,139.23500061035156,139.6898956298828,139.22000122070312,139.5500030517578,488473
2025-12-23 11:30:00-05:00,139.00999450683594,139.44000244140625,138.90499877929688,139.2550048828125,258053
2025-12-23 12:30:00-05:00,139.06500244140625,139.13999938964844,138.88999938964844,139.00010681152344,98025
2025-12-23 13:30:00-05:00,138.94850158691406,139.11000061035156,138.9199981689453,139.05999755859375,138440
2025-12-23 14:30:00-05:00,138.91000366210938,138.9774932861328,138.77999877929688,138.9774932861328,132033
2025-12-23 15:30:00-05:00,139.12899780273438,139.22999572753906,138.89019775390625,138.9199981689453,274769
2025-12-24 09:30:00-05:00,139.35000610351562,139.47999572753906,138.6300048828125,139.05999755859375,104821
2025-12-24 10:30:00-05:00,138.8000030517578,139.3300018310547,138.6999969482422,139.32000732421875,161818
2025-12-24 11:30:00-05:00,138.77000427246094,138.80999755859375,138.52999877929688,138.7899932861328,161682
2025-12-26 09:30:00-05:00,138.8699951171875,139.08999633789062,138.50999450683594,138.8800048828125,68126
2025-12-26 10:30:00-05:00,138.72000122070312,139.0,138.6999969482422,138.9499969482422,53934
2025-12-26 11:30:00-05:00,138.52999877929688,138.72470092773438,138.38999938964844,138.7100067138672,95688
2025-12-26 12:30:00-05:00,138.61000061035156,138.6199951171875,138.47000122070312,138.52999877929688,61266
2025-12-26 13:30:00-05:00,138.64500427246094,138.8699951171875,138.60009765625,138.6179962158203,56046
2025-12-26 14:30:00-05:00,138.91000366210938,138.92999267578125,138.625,138.66000366210938,68113
2025-12-26 15:30:00-05:00,139.22000122070312,139.22000122070312,138.90499877929688,138.90499877929688,122435
2025-12-29 09:30:00-05:00,139.35150146484375,139.4499969482422,138.84500122070312,138.86000061035156,165701
2025-12-29 10:30:00-05:00,139.05999755859375,139.36000061035156,138.84500122070312,139.36000061035156,133144
2025-12-29 11:30:00-05:00,138.94000244140625,139.0500030517578,138.83999633789062,139.00999450683594,61725
2025-12-29 12:30:00-05:00,138.99000549316406,139.0,138.88999938964844,138.97000122070312,57842
2025-12-29 13:30:00-05:00,139.0175018310547,139.0500030517578,138.9199981689453,138.97000122070312,61355
2025-12-29 14:30:00-05:00,138.9199981689453,139.1300048828125,138.9199981689453,139.02999877929688,91456
2025-12-29 15:30:00-05:00,139.2100067138672,139.2899932861328,138.89999389648438,138.9149932861328,146740
2025-12-30 09:30:00-05:00,138.52999877929688,139.11500549316406,138.41259765625,138.75999450683594,108406
2025-12-30 10:30:00-05:00,138.60000610351562,138.74000549316406,138.4499969482422,138.52999877929688,92933
2025-12-30 11:30:00-05:00,138.86000061035156,138.88499450683594,138.43499755859375,138.6300048828125,106962
2025-12-30 12:30:00-05:00,138.92999267578125,138.9600067138672,138.7760009765625,138.85760498046875,68744
2025-12-30 13:30:00-05:00,138.82000732421875,138.9600067138672,138.7949981689453,138.92999267578125,59299
2025-12-30 14:30:00-05:00,138.83999633789062,138.92999267578125,138.77999877929688,138.80999755859375,76038
2025-12-30 15:30:00-05:00,138.72000122070312,139.00999450683594,138.7100067138672,138.86000061035156,139521
2025-12-31 09:30:00-05:00,138.3300018310547,138.91000366210938,138.22999572753906,138.7100067138672,90313
2025-12-31 10:30:00-05:00,138.21310424804688,138.38999938964844,138.05499267578125,138.30999755859375,75457
2025-12-31 11:30:00-05:00,138.19500732421875,138.38999938964844,138.15499877929688,138.22000122070312,63412
2025-12-31 12:30:00-05:00,138.2449951171875,138.36000061035156,137.9499969482422,138.1699981689453,128229
2025-12-31 13:30:00-05:00,138.25,138.36000061035156,138.17999267578125,138.22000122070312,45791
2025-12-31 14:30:00-05:00,138.13999938964844,138.2899932861328,138.07000732421875,138.27000427246094,102593
2025-12-31 15:30:00-05:00,137.9425048828125,138.25,137.8000030517578,138.1199951171875,169435
2026-01-02 09:30:00-05:00,137.13499450683594,138.44000244140625,137.02000427246094,138.27999877929688,204749
2026-01-02 10:30:00-05:00,137.74000549316406,137.88499450683594,137.10000610351562,137.1300048828125,137859
2026-01-02 11:30:00-05:00,137.69500732421875,137.9416961669922,137.5980987548828,137.72999572753906,143141
2026-01-02 12:30:00-05:00,137.61500549316406,137.89999389648438,137.5615997314453,137.64999389648438,87898
2026-01-02 13:30:00-05:00,138.072998046875,138.16000366210938,137.5800018310547,137.6300048828125,111768
2026-01-02 14:30:00-05:00,138.1699981689453,138.3249969482422,138.07749938964844,138.08999633789062,107655
2026-01-02 15:30:00-05:00,138.5500030517578,138.5500030517578,138.1699981689453,138.1699981689453,188659
2026-01-05 09:30:00-05:00,135.77999877929688,137.50999450683594,135.5500030517578,137.13499450683594,364762
2026-01-05 10:30:00-05:00,136.8000030517578,137.0399932861328,135.66000366210938,135.77499389648438,156534
2026-01-05 11:30:00-05:00,137.08999633789062,137.16000366210938,136.6199951171875,136.80999755859375,92278
2026-01-05 12:30:00-05:00,137.05999755859375,137.22000122070312,137.05999755859375,137.08999633789062,75604
2026-01-05 13:30:00-05:00,137.1602020263672,137.30499267578125,137.02999877929688,137.0500030517578,80417
2026-01-05 14:30:00-05:00,137.38999938964844,137.55499267578125,137.19000244140625,137.1999969482422,96822
2026-01-05 15:30:00-05:00,137.93499755859375,137.9600067138672,137.39349365234375,137.39500427246094,303783
2026-01-06 09:30:00-05:00,140.8300018310547,141.1300048828125,139.3000030517578,139.3000030517578,688957
2026-01-06 10:30:00-05:00,140.0749969482422,140.80999755859375,139.8000030517578,140.80999755859375,461654
2026-01-06 11:30:00-05:00,140.27000427246094,140.52000427246094,139.27499389648438,140.08999633789062,396782
2026-01-06 12:30:00-05:00,140.57000732421875,140.8699951171875,140.1199951171875,140.3300018310547,165961
2026-01-06 13:30:00-05:00,141.91000366210938,142.1199951171875,140.468994140625,140.5449981689453,432575
2026-01-06 14:30:00-05:00,142.13999938964844,142.24000549316406,141.63999938964844,141.91000366210938,352755
2026-01-06 15:30:00-05:00,142.27000427246094,142.5800018310547,142.0500030517578,142.10000610351562,584703
2026-01-07 09:30:00-05:00,142.47999572753906,143.48500061035156,141.5850067138672,141.6699981689453,564331
2026-01-07 10:30:00-05:00,142.38999938964844,142.60000610351562,141.97000122070312,142.4600067138672,285347
2026-01-07 11:30:00-05:00,142.1999969482422,142.60000610351562,141.95010375976562,142.4600067138672,184536
2026-01-07 12:30:00-05:00,141.8000030517578,142.22999572753906,141.75,142.1750030517578,116632
2026-01-07 13:30:00-05:00,141.4600067138672,141.9499969482422,141.44000244140625,141.80499267578125,110783
2026-01-07 14:30:00-05:00,141.55079650878906,141.7949981689453,141.16000366210938,141.4499969482422,261071
2026-01-07 15:30:00-05:00,141.91000366210938,142.02999877929688,141.5449981689453,141.55999755859375,210976
2026-01-08 09:30:00-05:00,142.6699981689453,143.47999572753906,142.39999389648438,142.5500030517578,241263
2026-01-08 10:30:00-05:00,142.24000549316406,142.86000061035156,142.1199951171875,142.64999389648438,214980
2026-01-08 11:30:00-05:00,142.1699981689453,142.4499053955078,142.14999389648438,142.22999572753906,145419
2026-01-08 12:30:00-05:00,141.52499389648438,142.35000610351562,141.38499450683594,142.13999938964844,166132
2026-01-08 13:30:00-05:00,141.22999572753906,141.6199951171875,141.22250366210938,141.55349731445312,129838
2026-01-08 14:30:00-05:00,141.27999877929688,141.33999633789062,140.85499572753906,141.27000427246094,388668
2026-01-08 15:30:00-05:00,141.44000244140625,141.72999572753906,141.27499389648438,141.27499389648438,206455
2026-01-09 09:30:00-05:00,142.68499755859375,142.89999389648438,141.88999938964844,141.99000549316406,171222
2026-01-09 10:30:00-05:00,142.19000244140625,142.74000549316406,142.0,142.66000366210938,141753
2026-01-09 11:30:00-05:00,142.57000732421875,142.67999267578125,142.22000122070312,142.22999572753906,69743
2026-01-09 12:30:00-05:00,142.5500030517578,142.6199951171875,142.36000061035156,142.6199951171875,56664
2026-01-09 13:30:00-05:00,142.1699981689453,142.6999969482422,142.1699981689453,142.4949951171875,68427
2026-01-09 14:30:00-05:00,141.8800048828125,142.22999572753906,141.8000030517578,142.16000366210938,132408
2026-01-09 15:30:00-05:00,141.52000427246094,141.92999267578125,141.48500061035156,141.88999938964844,298426
2026-01-12 09:30:00-05:00,142.1898956298828,143.0,141.77000427246094,142.97999572753906,221675
2026-01-12 10:30:00-05:00,142.875,142.94000244140625,142.14999389648438,142.16000366210938,151457
2026-01-12 11:30:00-05:00,141.4600067138672,142.8800048828125,140.32000732421875,142.875,351235
2026-01-12 12:30:00-05:00,140.69000244140625,141.4550018310547,140.30499267578125,141.3249969482422,178089
2026-01-12 13:30:00-05:00,141.375,141.57000732421875,140.58999633789062,140.6300048828125,115689
2026-01-12 14:30:00-05:00,141.42999267578125,141.67999267578125,141.33999633789062,141.38999938964844,186029
2026-01-12 15:30:00-05:00,141.86000061035156,141.92999267578125,141.3800048828125,141.42999267578125,195320
2026-01-13 09:30:00-05:00,141.1699981689453,142.58999633789062,140.7949981689453,142.3699951171875,361343
2026-01-13 10:30:00-05:00,141.85000610351562,141.9600067138672,141.22000122070312,141.24000549316406,256504
2026-01-13 11:30:00-05:00,141.9550018310547,142.36000061035156,141.6649932861328,141.8300018310547,291371
2026-01-13 12:30:00-05:00,141.8000030517578,142.00999450683594,141.70010375976562,141.92999267578125,196479
2026-01-13 13:30:00-05:00,141.90499877929688,142.25999450683594,141.69000244140625,141.8000030517578,185168
2026-01-13 14:30:00-05:00,142.10499572753906,142.3000030517578,141.8800048828125,141.94000244140625,229679
2026-01-13 15:30:00-05:00,141.67999267578125,142.30999755859375,141.58999633789062,142.08999633789062,385765
2026-01-14 09:30:00-05:00,144.44000244140625,144.90499877929688,144.2899932861328,144.55999755859375,359932
2026-01-14 10:30:00-05:00,145.1999969482422,145.27000427246094,144.35000610351562,144.47520446777344,363482
2026-01-14 11:30:00-05:00,145.22000122070312,145.52999877929688,144.9949951171875,145.19500732421875,161869
2026-01-14 12:30:00-05:00,145.17999267578125,145.22000122070312,144.91000366210938,145.1699981689453,89873
2026-01-14 13:30:00-05:00,145.44500732421875,145.5399932861328,145.02999877929688,145.17999267578125,105159
2026-01-14 14:30:00-05:00,145.9600067138672,145.9600067138672,145.3800048828125,145.4199981689453,274776
2026-01-14 15:30:00-05:00,146.21499633789062,146.35000610351562,145.88499450683594,145.94500732421875,313842
2026-01-15 09:30:00-05:00,142.375,145.07000732421875,142.34359741210938,145.07000732421875,298519
2026-01-15 10:30:00-05:00,142.6199951171875,143.02000427246094,142.25999450683594,142.33999633789062,216358
2026-01-15 11:30:00-05:00,142.47000122070312,142.75880432128906,142.39999389648438,142.56500244140625,70734
2026-01-15 12:30:00-05:00,142.6699981689453,142.8300018310547,142.47000122070312,142.49000549316406,54058
2026-01-15 13:30:00-05:00,143.4499969482422,143.49000549316406,142.6999969482422,142.6999969482422,81240
2026-01-15 14:30:00-05:00,143.10000610351562,143.4398956298828,143.0,143.39999389648438,99207
2026-01-15 15:30:00-05:00,143.19000244140625,143.30999755859375,143.0050048828125,143.09500122070312,145862
2026-01-16 09:30:00-05:00,143.19500732421875,143.8300018310547,142.88999938964844,143.77999877929688,202073
2026-01-16 10:30:00-05:00,144.11000061035156,144.4199981689453,143.1199951171875,143.2050018310547,283975
2026-01-16 11:30:00-05:00,144.38999938964844,144.4550018310547,143.8350067138672,144.02999877929688,234381
2026-01-16 12:30:00-05:00,144.23500061035156,144.39999389648438,143.74749755859375,144.39999389648438,135299
2026-01-16 13:30:00-05:00,144.39999389648438,144.49000549316406,144.21009826660156,144.22999572753906,164521
2026-01-16 14:30:00-05:00,144.42750549316406,144.75999450683594,144.32000732421875,144.38999938964844,238097
2026-01-16 15:30:00-05:00,144.35000610351562,144.64999389648438,144.33999633789062,144.42999267578125,301344
2026-01-20 09:30:00-05:00,144.61000061035156,144.69000244140625,142.82000732421875,144.0,293584
2026-01-20 10:30:00-05:00,144.63999938964844,144.82000732421875,144.39999389648438,144.69500732421875,249621
2026-01-20 11:30:00-05:00,144.53500366210938,144.75,144.1999969482422,144.64500427246094,150108
2026-01-20 12:30:00-05:00,144.4499969482422,144.65989685058594,144.3300018310547,144.52000427246094,94361
2026-01-20 13:30:00-05:00,144.1999969482422,144.7698974609375,144.0449981689453,144.49000549316406,141785
2026-01-20 14:30:00-05:00,144.08999633789062,144.27000427246094,143.8979949951172,144.1699981689453,452188
2026-01-20 15:30:00-05:00,143.5500030517578,144.14999389648438,143.4600067138672,144.0749969482422,365366
2026-01-21 09:30:00-05:00,144.4600067138672,144.75999450683594,143.6300048828125,143.82000732421875,560968
2026-01-21 10:30:00-05:00,143.97999572753906,144.5800018310547,143.42999267578125,144.4199981689453,376199
2026-01-21 11:30:00-05:00,144.24000549316406,144.32000732421875,143.8000030517578,143.97500610351562,112991
2026-01-21 12:30:00-05:00,144.5,144.61000061035156,144.1199951171875,144.1999969482422,101089
2026-01-21 13:30:00-05:00,144.74000549316406,144.75,143.68499755859375,144.6649932861328,222057
2026-01-21 14:30:00-05:00,144.77000427246094,145.22000122070312,144.64999389648438,144.8300018310547,294461
2026-01-21 15:30:00-05:00,145.14199829101562,145.14999389648438,144.75999450683594,144.75999450683594,248597
2026-01-22 09:30:00-05:00,145.75,145.91000366210938,144.4499969482422,144.72999572753906,216884
2026-01-22 10:30:00-05:00,145.6999969482422,146.22000122070312,145.55999755859375,145.75999450683594,217845
2026-01-22 11:30:00-05:00,145.55999755859375,145.75,145.25,145.64999389648438,127575
2026-01-22 12:30:00-05:00,145.44500732421875,145.8800048828125,145.44000244140625,145.6300048828125,63953
2026-01-22 13:30:00-05:00,145.60000610351562,145.71249389648438,145.2899932861328,145.4499969482422,76669
2026-01-22 14:30:00-05:00,145.49000549316406,145.64999389648438,145.4217987060547,145.61000061035156,99206
2026-01-22 15:30:00-05:00,145.01499938964844,145.47500610351562,144.98500061035156,145.47500610351562,200993
2026-01-23 09:30:00-05:00,146.0,146.06500244140625,145.25999450683594,145.61000061035156,374585
2026-01-23 10:30:00-05:00,146.6988983154297,146.76499938964844,145.97999572753906,146.00819396972656,181724
2026-01-23 11:30:00-05:00,146.91000366210938,147.27999877929688,146.64500427246094,146.69000244140625,247874
2026-01-23 12:30:00-05:00,147.2449951171875,147.375,146.8000030517578,146.91000366210938,156817
2026-01-23 13:30:00-05:00,147.63499450683594,147.75999450683594,146.97999572753906,147.25999450683594,102375
2026-01-23 14:30:00-05:00,147.81500244140625,148.10000610351562,147.5399932861328,147.64059448242188,210332
2026-01-23 15:30:00-05:00,147.16000366210938,147.77000427246094,147.1199951171875,147.77000427246094,375822
2026-01-26 09:30:00-05:00,149.2899932861328,149.3800048828125,147.99000549316406,148.2899932861328,255312
2026-01-26 10:30:00-05:00,149.38999938964844,149.55999755859375,149.01499938964844,149.30499267578125,420625
2026-01-26 11:30:00-05:00,149.46499633789062,149.67990112304688,149.22999572753906,149.36500549316406,99746
2026-01-26 12:30:00-05:00,150.11000061035156,150.1199951171875,149.33009338378906,149.44009399414062,148290
2026-01-26 13:30:00-05:00,149.3300018310547,150.1300048828125,149.3000030517578,150.11000061035156,159613
2026-01-26 14:30:00-05:00,149.08999633789062,149.4600067138672,149.05999755859375,149.3300018310547,221615
2026-01-26 15:30:00-05:00,149.11000061035156,149.39999389648438,149.0399932861328,149.0749969482422,346165
2026-01-27 09:30:00-05:00,151.86000061035156,152.13169860839844,150.49000549316406,150.63999938964844,981869
2026-01-27 10:30:00-05:00,151.75999450683594,152.47999572753906,151.72000122070312,151.83999633789062,523914
2026-01-27 11:30:00-05:00,151.61500549316406,152.07989501953125,151.52999877929688,151.7899932861328,254127
2026-01-27 12:30:00-05:00,151.63999938964844,151.7100067138672,151.22000122070312,151.61500549316406,249982
2026-01-27 13:30:00-05:00,151.8000030517578,151.9499969482422,151.5800018310547,151.61500549316406,622056
2026-01-27 14:30:00-05:00,151.80999755859375,151.99000549316406,151.5399932861328,151.8300018310547,253971
2026-01-27 15:30:00-05:00,152.20399475097656,152.25999450683594,151.71499633789062,151.79539489746094,408832
2026-01-28 09:30:00-05:00,148.1699981689453,149.38999938964844,148.1699981689453,148.7100067138672,397590
2026-01-28 10:30:00-05:00,148.17999267578125,148.7156982421875,148.0800018310547,148.17999267578125,164648
2026-01-28 11:30:00-05:00,147.93499755859375,148.32000732421875,147.7899932861328,148.21499633789062,164040
2026-01-28 12:30:00-05:00,147.68499755859375,148.3350067138672,147.6699981689453,147.93499755859375,210677
2026-01-28 13:30:00-05:00,146.83999633789062,147.86000061035156,146.83999633789062,147.64999389648438,217592
2026-01-28 14:30:00-05:00,147.88999938964844,147.97000122070312,146.92999267578125,146.92999267578125,516622
2026-01-28 15:30:00-05:00,147.89999389648438,148.10000610351562,147.7899932861328,147.8800048828125,202003
2026-01-29 09:30:00-05:00,148.3699951171875,149.22999572753906,148.3699951171875,148.6199951171875,353753
2026-01-29 10:30:00-05:00,148.77999877929688,149.38999938964844,148.33999633789062,148.3699951171875,414277
2026-01-29 11:30:00-05:00,149.0800018310547,149.22500610351562,148.52999877929688,148.80999755859375,158707
2026-01-29 12:30:00-05:00,149.22999572753906,149.36000061035156,148.92999267578125,149.0800018310547,110099
2026-01-29 13:30:00-05:00,149.2899932861328,149.52999877929688,149.13499450683594,149.2949981689453,108840
2026-01-29 14:30:00-05:00,149.22999572753906,149.3699951171875,149.12680053710938,149.1999969482422,113851
2026-01-29 15:30:00-05:00,148.97999572753906,149.2899932861328,148.7100067138672,149.25999450683594,261885
2026-01-30 09:30:00-05:00,149.24000549316406,149.97999572753906,149.2050018310547,149.49000549316406,213099
2026-02-02 13:30:00-05:00,150.6634979248047,150.75,150.36000061035156,150.4600067138672,688732
2026-02-02 14:30:00-05:00,151.17999267578125,151.19500732421875,150.42999267578125,150.66000366210938,203540
2026-02-02 15:30:00-05:00,151.0500030517578,151.30999755859375,151.02999877929688,151.17999267578125,303468
2026-02-03 09:30:00-05:00,150.97999572753906,151.52999877929688,149.52499389648438,149.67999267578125,713010
2026-02-03 10:30:00-05:00,150.85000610351562,151.0500030517578,150.52999877929688,150.9499969482422,347277
2026-02-03 11:30:00-05:00,149.8699951171875,151.3300018310547,149.8699951171875,150.8699951171875,671414
2026-02-03 12:30:00-05:00,149.92999267578125,150.60000610351562,149.67999267578125,149.8000030517578,173429
2026-02-03 13:30:00-05:00,150.3000030517578,150.4499969482422,149.86000061035156,149.92999267578125,538363
2026-02-03 14:30:00-05:00,149.8800048828125,150.5749969482422,149.8800048828125,150.3300018310547,426298
2026-02-03 15:30:00-05:00,149.86000061035156,150.07000732421875,149.3800048828125,149.8800048828125,507434
2026-02-04 09:30:00-05:00,153.7949981689453,154.7100067138672,153.32749938964844,153.82000732421875,1024513
2026-02-04 10:30:00-05:00,152.77000427246094,154.27999877929688,152.77000427246094,153.75,494035
2026-02-04 11:30:00-05:00,151.9499969482422,152.82000732421875,151.4149932861328,152.72000122070312,969650
2026-02-04 12:30:00-05:00,153.593505859375,153.6309051513672,151.9499969482422,151.9499969482422,332853
2026-02-04 13:30:00-05:00,153.4949951171875,154.18499755859375,153.0399932861328,153.55999755859375,482072
2026-02-04 14:30:00-05:00,153.4600067138672,154.2899932861328,153.4600067138672,153.5050048828125,498171
2026-02-04 15:30:00-05:00,152.97999572753906,153.47000122070312,152.8350067138672,153.4600067138672,449948
2026-02-05 09:30:00-05:00,153.22000122070312,153.85000610351562,151.6750030517578,152.0,741818
2026-02-05 10:30:00-05:00,153.70249938964844,154.25999450683594,152.47999572753906,153.14010620117188,873461
2026-02-05 11:30:00-05:00,154.0050048828125,154.14999389648438,153.2617950439453,153.6699981689453,773150
2026-02-05 12:30:00-05:00,154.64999389648438,154.9250030517578,153.97999572753906,154.0491943359375,495988
2026-02-05 13:30:00-05:00,154.54989624023438,154.9499969482422,154.35000610351562,154.64500427246094,221488
2026-02-05 14:30:00-05:00,154.2899932861328,154.72000122070312,154.1199951171875,154.52499389648438,371501
2026-02-05 15:30:00-05:00,153.88999938964844,154.42999267578125,153.4949951171875,154.31500244140625,487059
2026-02-06 09:30:00-05:00,154.7550048828125,155.59500122070312,154.11500549316406,154.22999572753906,487453
2026-02-06 10:30:00-05:00,154.55999755859375,155.27000427246094,154.49000549316406,154.8699951171875,291874
2026-02-06 11:30:00-05:00,154.64500427246094,155.1654052734375,154.5500030517578,154.55999755859375,557246
2026-02-06 12:30:00-05:00,155.46499633789062,155.66000366210938,154.5843048095703,154.64500427246094,614054
2026-02-06 13:30:00-05:00,155.8249969482422,156.0399932861328,155.47000122070312,155.49000549316406,231294
2026-02-06 14:30:00-05:00,156.4499969482422,156.60499572753906,155.83999633789062,155.83999633789062,247224
2026-02-06 15:30:00-05:00,156.41000366210938,156.61500549316406,156.2449951171875,156.4499969482422,469212
2026-02-09 09:30:00-05:00,156.1750030517578,157.57000732421875,155.99000549316406,156.97999572753906,506901
2026-02-09 10:30:00-05:00,156.57000732421875,156.8800048828125,156.0800018310547,156.14999389648438,308909
2026-02-09 11:30:00-05:00,156.2949981689453,156.7449951171875,155.94000244140625,156.55499267578125,294463
2026-02-09 12:30:00-05:00,156.3300018310547,156.3699951171875,155.96009826660156,156.3300018310547,184580
2026-02-09 13:30:00-05:00,156.72999572753906,156.8000030517578,156.25999450683594,156.33999633789062,153340
2026-02-09 14:30:00-05:00,157.02499389648438,157.1199951171875,156.59500122070312,156.74000549316406,512942
2026-02-09 15:30:00-05:00,157.10000610351562,157.19000244140625,156.78500366210938,157.0,352504
2026-02-10 09:30:00-05:00,158.24000549316406,158.83999633789062,157.4600067138672,158.5,330350
2026-02-10 10:30:00-05:00,157.97000122070312,158.2899932861328,157.74000549316406,158.2100067138672,299223
2026-02-10 11:30:00-05:00,158.4250030517578,158.4250030517578,157.92999267578125,157.97500610351562,2047315
2026-02-10 12:30:00-05:00,158.6999969482422,158.8000030517578,158.3300018310547,158.4250030517578,225277
2026-02-10 13:30:00-05:00,158.75999450683594,159.3699951171875,158.5850067138672,158.67999267578125,274588
2026-02-10 14:30:00-05:00,159.22500610351562,159.2899932861328,158.69000244140625,158.76499938964844,303314
2026-02-10 15:30:00-05:00,158.27000427246094,159.22999572753906,158.19000244140625,159.22999572753906,511603
2026-02-11 09:30:00-05:00,159.02000427246094,159.42999267578125,158.0399932861328,159.25,459470
2026-02-11 10:30:00-05:00,159.49000549316406,159.66000366210938,158.77000427246094,159.02999877929688,335737
2026-02-11 11:30:00-05:00,159.91000366210938,160.0659942626953,159.2899932861328,159.5,202150
2026-02-11 12:30:00-05:00,159.8699951171875,160.1761932373047,159.72109985351562,159.91000366210938,580537
2026-02-11 13:30:00-05:00,159.97000122070312,160.1300048828125,159.86000061035156,159.875,167658
2026-02-11 14:30:00-05:00,159.91000366210938,160.08929443359375,159.72000122070312,159.9499969482422,224751
2026-02-11 15:30:00-05:00,160.02999877929688,160.11399841308594,159.7100067138672,159.91000366210938,472680
2026-02-12 09:30:00-05:00,160.89999389648438,160.9499969482422,159.47000122070312,159.60000610351562,384691
2026-02-12 10:30:00-05:00,160.94000244140625,161.75999450683594,160.75999450683594,160.92999267578125,359588
2026-02-12 11:30:00-05:00,161.4499969482422,161.76499938964844,160.9149932861328,160.94000244140625,242453
2026-02-12 12:30:00-05:00,161.0399932861328,161.6199951171875,160.875,161.44000244140625,220629
2026-02-12 13:30:00-05:00,161.4949951171875,161.74000549316406,161.00999450683594,161.07000732421875,202038
2026-02-12 14:30:00-05:00,162.21499633789062,162.3173065185547,161.52999877929688,161.52999877929688,309103
2026-02-12 15:30:00-05:00,161.25,162.24899291992188,161.10000610351562,162.24000549316406,372915
2026-02-13 09:30:00-05:00,162.14999389648438,162.7050018310547,161.7899932861328,162.16000366210938,363838
2026-02-13 10:30:00-05:00,162.77000427246094,163.1699981689453,162.1510009765625,162.19000244140625,325335
2026-02-13 11:30:00-05:00,162.5399932861328,162.99000549316406,162.52000427246094,162.75,156355
2026-02-13 12:30:00-05:00,163.08999633789062,163.4199981689453,162.55999755859375,162.5800018310547,151388
2026-02-13 13:30:00-05:00,162.94749450683594,163.19000244140625,162.69749450683594,163.1699981689453,146367
2026-02-13 14:30:00-05:00,162.875,163.05999755859375,162.66000366210938,162.8800048828125,209345
2026-02-13 15:30:00-05:00,163.11000061035156,163.36000061035156,162.8300018310547,162.9199981689453,397263
2026-02-17 09:30:00-05:00,166.38999938964844,167.2899932861328,165.8800048828125,166.77999877929688,584988
2026-02-17 10:30:00-05:00,166.24000549316406,166.52000427246094,165.57000732421875,166.3699951171875,417642
2026-02-17 11:30:00-05:00,166.22999572753906,166.3300018310547,165.85000610351562,166.22000122070312,164170
2026-02-17 12:30:00-05:00,166.27000427246094,166.4499969482422,165.88999938964844,166.22500610351562,138879
2026-02-17 13:30:00-05:00,166.8800048828125,166.9550018310547,166.22999572753906,166.25,166244
2026-02-17 14:30:00-05:00,166.3000030517578,166.9199981689453,166.16000366210938,166.89999389648438,226270
2026-02-17 15:30:00-05:00,166.14500427246094,166.58999633789062,165.7899932861328,166.3000030517578,426308
2026-02-18 09:30:00-05:00,165.8800048828125,167.86000061035156,165.55020141601562,167.57000732421875,461809
2026-02-18 10:30:00-05:00,164.99000549316406,166.13999938964844,164.7050018310547,165.89999389648438,349179
2026-02-18 11:30:00-05:00,165.1300048828125,165.17999267578125,164.8699951171875,165.02000427246094,124564
2026-02-18 12:30:00-05:00,165.16000366210938,165.42999267578125,165.01649475097656,165.16000366210938,86868
2026-02-18 13:30:00-05:00,165.27999877929688,165.3300018310547,164.97000122070312,165.1199951171875,98814
2026-02-18 14:30:00-05:00,165.3000030517578,165.39999389648438,165.11000061035156,165.28500366210938,204303
2026-02-18 15:30:00-05:00,165.3800048828125,165.75999450683594,165.24000549316406,165.2899932861328,821538
2026-02-19 09:30:00-05:00,163.58999633789062,164.02000427246094,162.52999877929688,163.8699951171875,375000
2026-02-19 10:30:00-05:00,163.05999755859375,163.7100067138672,162.92999267578125,163.58999633789062,507485
2026-02-19 11:30:00-05:00,163.10499572753906,163.38999938964844,162.89999389648438,163.10499572753906,126205
2026-02-19 12:30:00-05:00,163.19500732421875,163.32269287109375,163.02999877929688,163.08999633789062,146418
2026-02-19 13:30:00-05:00,163.4499969482422,163.5299072265625,163.1300048828125,163.19000244140625,171955
2026-02-19 14:30:00-05:00,163.6199951171875,163.69000244140625,163.1199951171875,163.44500732421875,220515
2026-02-19 15:30:00-05:00,163.93499755859375,163.94000244140625,163.5749969482422,163.6199951171875,191919
2026-02-20 09:30:00-05:00,162.26199340820312,162.94000244140625,161.75,162.6699981689453,325426
2026-02-20 10:30:00-05:00,163.1300048828125,163.14999389648438,161.90499877929688,162.1999969482422,687235
2026-02-20 11:30:00-05:00,162.9250030517578,163.3925018310547,162.85740661621094,163.1199951171875,97686
2026-02-20 12:30:00-05:00,163.27999877929688,163.30999755859375,162.8699951171875,162.9199981689453,67764
2026-02-20 13:30:00-05:00,163.52000427246094,163.6300048828125,163.16009521484375,163.27000427246094,119489
2026-02-20 14:30:00-05:00,163.42999267578125,163.6199951171875,163.27000427246094,163.52000427246094,144658
2026-02-20 15:30:00-05:00,162.7100067138672,163.42999267578125,162.67999267578125,163.3800048828125,351745
2026-02-23 09:30:00-05:00,164.72999572753906,165.4600067138672,163.66000366210938,163.66000366210938,505644
2026-02-23 10:30:00-05:00,165.35000610351562,165.39999389648438,164.25999450683594,164.67999267578125,285222
2026-02-23 11:30:00-05:00,165.1699981689453,165.63999938964844,165.01499938964844,165.33999633789062,231218
2026-02-23 12:30:00-05:00,164.77000427246094,165.1999969482422,164.69500732421875,165.1999969482422,124547
2026-02-23 13:30:00-05:00,164.6699981689453,164.9250030517578,164.63999938964844,164.74000549316406,113559
2026-02-23 14:30:00-05:00,164.57000732421875,164.72000122070312,164.02000427246094,164.6699981689453,315327
2026-02-23 15:30:00-05:00,164.7100067138672,164.72999572753906,164.32000732421875,164.55999755859375,299347
2026-02-24 09:30:00-05:00,166.82000732421875,167.25,166.10000610351562,166.10000610351562,832134
2026-02-24 10:30:00-05:00,167.35499572753906,167.41000366210938,166.6999969482422,166.8300018310547,568477
2026-02-24 11:30:00-05:00,167.39999389648438,167.5449981689453,167.11500549316406,167.33999633789062,346259
2026-02-24 12:30:00-05:00,167.38499450683594,167.83999633789062,167.35499572753906,167.3800048828125,149848
2026-02-24 13:30:00-05:00,166.6699981689453,167.39999389648438,166.39999389648438,167.38999938964844,450527
2026-02-24 14:30:00-05:00,166.74000549316406,166.9600067138672,166.60000610351562,166.67999267578125,253225
2026-02-24 15:30:00-05:00,167.08999633789062,167.27000427246094,166.72500610351562,166.75,316850
2026-02-25 09:30:00-05:00,167.52999877929688,167.88999938964844,166.97999572753906,167.19000244140625,568923
2026-02-25 10:30:00-05:00,167.86000061035156,168.0,167.27999877929688,167.52000427246094,491922
2026-02-25 11:30:00-05:00,167.8699951171875,167.94000244140625,167.47999572753906,167.86000061035156,190263
2026-02-25 12:30:00-05:00,167.61500549316406,168.02000427246094,167.52000427246094,167.89999389648438,357300
2026-02-25 13:30:00-05:00,167.1649932861328,167.69000244140625,167.10000610351562,167.63999938964844,522700
2026-02-25 14:30:00-05:00,167.4199981689453,167.47999572753906,167.13999938964844,167.1699981689453,200288
2026-02-25 15:30:00-05:00,166.8560028076172,167.50999450683594,166.75,167.42999267578125,420437
2026-02-26 09:30:00-05:00,165.03500366210938,166.89999389648438,164.9499969482422,166.72999572753906,2755058
2026-02-26 10:30:00-05:00,165.47000122070312,165.6699981689453,164.27000427246094,165.02999877929688,364698
2026-02-26 11:30:00-05:00,165.22000122070312,165.61000061035156,165.07000732421875,165.47000122070312,122064
2026-02-26 12:30:00-05:00,165.11500549316406,165.39999389648438,165.0500030517578,165.1999969482422,108061
2026-02-26 13:30:00-05:00,165.83999633789062,165.85000610351562,165.07000732421875,165.11000061035156,90378
2026-02-26 14:30:00-05:00,165.97000122070312,166.22000122070312,165.69000244140625,165.7899932861328,362279
2026-02-26 15:30:00-05:00,165.5,166.05499267578125,165.4149932861328,165.9199981689453,307627
2026-02-27 09:30:00-05:00,169.77000427246094,169.77999877929688,168.91000366210938,169.11000061035156,667463
2026-02-27 10:30:00-05:00,169.81500244140625,170.33999633789062,169.7100067138672,169.72999572753906,575522
2026-02-27 11:30:00-05:00,169.38499450683594,169.82200622558594,169.14999389648438,169.75999450683594,530742
2026-02-27 12:30:00-05:00,170.12049865722656,170.4600067138672,168.85189819335938,169.3699951171875,230212
2026-02-27 13:30:00-05:00,169.32000732421875,170.0,169.25999450683594,170.0,254669
2026-02-27 14:30:00-05:00,169.16000366210938,169.40199279785156,169.02000427246094,169.2971954345703,208811
2026-02-27 15:30:00-05:00,168.6199951171875,169.25999450683594,168.55999755859375,169.14999389648438,608010
2026-03-02 09:30:00-05:00,165.92999267578125,167.61000061035156,165.86000061035156,167.16000366210938,557208
2026-03-02 10:30:00-05:00,166.52999877929688,166.97999572753906,165.7899932861328,165.97000122070312,552097
2026-03-02 11:30:00-05:00,167.2397003173828,167.31500244140625,166.4199981689453,166.49000549316406,207452
2026-03-02 12:30:00-05:00,166.9199981689453,167.52999877929688,166.77000427246094,167.23500061035156,493227
2026-03-02 13:30:00-05:00,167.30999755859375,167.30999755859375,166.67999267578125,166.9550018310547,161970
2026-03-02 14:30:00-05:00,166.83999633789062,167.50999450683594,166.5800018310547,167.28500366210938,254116
2026-03-02 15:30:00-05:00,166.8699951171875,167.25,166.6999969482422,166.8350067138672,500578
2026-03-03 09:30:00-05:00,160.97999572753906,163.1699981689453,160.42010498046875,162.4250030517578,735126
2026-03-03 10:30:00-05:00,161.47000122070312,162.02000427246094,160.8000030517578,161.0500030517578,520679
2026-03-03 11:30:00-05:00,162.58999633789062,162.60000610351562,161.23959350585938,161.49000549316406,371747
2026-03-03 12:30:00-05:00,163.31500244140625,163.47000122070312,162.48500061035156,162.57000732421875,265918
2026-03-03 13:30:00-05:00,163.66000366210938,163.86000061035156,163.22500610351562,163.3000030517578,199045
2026-03-03 14:30:00-05:00,164.83999633789062,164.88499450683594,163.47000122070312,163.61000061035156,341808
2026-03-03 15:30:00-05:00,164.1999969482422,164.88999938964844,163.75,164.8300018310547,699009
2026-03-04 09:30:00-05:00,163.99000549316406,165.17999267578125,162.19000244140625,164.44000244140625,478681
2026-03-04 10:30:00-05:00,163.72000122070312,164.3699951171875,163.47000122070312,164.0,224230
2026-03-04 11:30:00-05:00,164.2899932861328,164.5800018310547,163.5399932861328,163.6999969482422,188060
2026-03-04 12:30:00-05:00,164.65499877929688,164.67999267578125,164.14999389648438,164.25999450683594,130821
2026-03-04 13:30:00-05:00,164.56500244140625,164.97000122070312,164.50999450683594,164.6699981689453,137936
2026-03-04 14:30:00-05:00,165.0500030517578,165.0850067138672,164.52000427246094,164.57000732421875,323597
2026-03-04 15:30:00-05:00,165.16000366210938,165.69000244140625,165.04010009765625,165.0500030517578,516504
2026-03-05 09:30:00-05:00,159.9199981689453,161.38999938964844,159.5,161.0500030517578,860446
2026-03-05 10:30:00-05:00,159.6649932861328,160.35499572753906,158.94509887695312,159.9499969482422,1493086
2026-03-05 11:30:00-05:00,159.3000030517578,159.75999450683594,159.10499572753906,159.66000366210938,300773
2026-03-05 12:30:00-05:00,159.71499633789062,160.0800018310547,159.32000732421875,159.32000732421875,297304
2026-03-05 13:30:00-05:00,159.8249969482422,160.50999450683594,159.7050018310547,159.71499633789062,352316
2026-03-05 14:30:00-05:00,160.6999969482422,160.9499969482422,159.52999877929688,159.8249969482422,391157
2026-03-05 15:30:00-05:00,160.99000549316406,161.02000427246094,160.52999877929688,160.67999267578125,490614
2026-03-06 09:30:00-05:00,159.0800018310547,159.22999572753906,156.17999267578125,156.7100067138672,824078
2026-03-06 10:30:00-05:00,159.22999572753906,159.39999389648438,158.67999267578125,159.0399932861328,895599
2026-03-06 11:30:00-05:00,158.6999969482422,159.36000061035156,158.68499755859375,159.3000030517578,446706
2026-03-06 12:30:00-05:00,159.82000732421875,160.5399932861328,158.40499877929688,158.6999969482422,383412
2026-03-06 13:30:00-05:00,160.02000427246094,160.14999389648438,159.4199981689453,159.85000610351562,288335
2026-03-06 14:30:00-05:00,160.1300048828125,160.49989318847656,160.0,160.00999450683594,314991
2026-03-06 15:30:00-05:00,160.1199951171875,160.30999755859375,159.64999389648438,160.14999389648438,351810
2026-03-09 09:30:00-04:00,159.80999755859375,160.77999877929688,159.22000122070312,159.52000427246094,349964
2026-03-09 10:30:00-04:00,160.5800018310547,160.9600067138672,159.57000732421875,159.86000061035156,194034
2026-03-09 11:30:00-04:00,161.1300048828125,161.25,160.2899932861328,160.58999633789062,223777
2026-03-09 12:30:00-04:00,160.8699951171875,161.25,160.77999877929688,161.125,100007
2026-03-09 13:30:00-04:00,161.27499389648438,161.5500030517578,160.69000244140625,160.91000366210938,164861
2026-03-09 14:30:00-04:00,162.1300048828125,162.1699981689453,160.6999969482422,161.27999877929688,247113
2026-03-09 15:30:00-04:00,162.77999877929688,163.07000732421875,161.99000549316406,162.1300048828125,389747
2026-03-10 09:30:00-04:00,161.75,162.13999938964844,160.42999267578125,161.35000610351562,619056
2026-03-10 10:30:00-04:00,162.23500061035156,162.64999389648438,161.6999969482422,161.74000549316406,528937
2026-03-10 11:30:00-04:00,161.82000732421875,162.67999267578125,161.32000732421875,162.22000122070312,795673
2026-03-10 12:30:00-04:00,162.72000122070312,163.07000732421875,161.8000030517578,161.85000610351562,473391
2026-03-10 13:30:00-04:00,161.7949981689453,162.77000427246094,161.3800048828125,162.6999969482422,292671
2026-03-10 14:30:00-04:00,161.35499572753906,161.92999267578125,161.2899932861328,161.83999633789062,312184
2026-03-10 15:30:00-04:00,161.60000610351562,161.7899932861328,160.9600067138672,161.35000610351562,555879
2026-03-11 09:30:00-04:00,155.78500366210938,156.25999450683594,155.2100067138672,155.99000549316406,2369191
2026-03-11 10:30:00-04:00,155.9499969482422,156.5800018310547,155.6649932861328,155.8300018310547,516445
2026-03-11 11:30:00-04:00,155.49000549316406,155.97000122070312,154.9600067138672,155.9250030517578,545309
2026-03-11 12:30:00-04:00,156.02000427246094,156.11000061035156,155.4199981689453,155.47000122070312,647414
2026-03-11 13:30:00-04:00,156.0399932861328,156.0749969482422,155.41000366210938,156.0500030517578,551751
2026-03-11 14:30:00-04:00,155.5399932861328,156.07000732421875,155.33999633789062,156.02000427246094,200737
2026-03-11 15:30:00-04:00,155.8000030517578,155.96499633789062,155.5,155.5399932861328,242912
2026-03-12 09:30:00-04:00,153.86000061035156,155.0399932861328,153.86000061035156,154.5500030517578,263956
2026-03-12 10:30:00-04:00,154.11500549316406,154.4600067138672,153.74000549316406,153.89500427246094,117921
2026-03-12 11:30:00-04:00,154.00999450683594,154.5449981689453,153.69500732421875,154.11000061035156,340618
2026-03-12 12:30:00-04:00,154.5500030517578,154.63999938964844,153.99000549316406,153.99000549316406,240427
2026-03-12 13:30:00-04:00,154.28109741210938,154.94500732421875,154.2100067138672,154.57000732421875,154741
2026-03-12 14:30:00-04:00,154.38999938964844,154.52000427246094,154.10000610351562,154.27999877929688,400225
2026-03-12 15:30:00-04:00,154.28500366210938,154.6699981689453,154.11000061035156,154.39500427246094,342205
2026-03-13 09:30:00-04:00,155.3300018310547,155.9550018310547,154.69000244140625,154.69000244140625,261101
2026-03-13 10:30:00-04:00,154.23500061035156,155.72999572753906,154.02999877929688,155.3300018310547,274455
2026-03-13 11:30:00-04:00,153.74000549316406,154.3300018310547,153.36619567871094,154.27000427246094,412788
2026-03-13 12:30:00-04:00,153.9375,154.125,153.63999938964844,153.74000549316406,99642
2026-03-13 13:30:00-04:00,153.90499877929688,154.52999877929688,153.71499633789062,153.92999267578125,322766
2026-03-13 14:30:00-04:00,153.52000427246094,154.5449981689453,153.4949951171875,153.9199981689453,140350
2026-03-13 15:30:00-04:00,153.4600067138672,153.75,153.17999267578125,153.5050048828125,350272
2026-03-16 09:30:00-04:00,155.05499267578125,155.38009643554688,153.97000122070312,154.5399932861328,249195
2026-03-16 10:30:00-04:00,154.27000427246094,155.0399932861328,153.94000244140625,155.0399932861328,674818
2026-03-16 11:30:00-04:00,154.08999633789062,154.64999389648438,153.85499572753906,154.3000030517578,315830
2026-03-16 12:30:00-04:00,154.7100067138672,154.75,154.00999450683594,154.05999755859375,118214
2026-03-16 13:30:00-04:00,154.63999938964844,154.77999877929688,154.25,154.7230987548828,84619
2026-03-16 14:30:00-04:00,154.60000610351562,154.85000610351562,154.47000122070312,154.6699981689453,342099
2026-03-16 15:30:00-04:00,154.86000061035156,154.8699951171875,154.27000427246094,154.63499450683594,625831
2026-03-17 09:30:00-04:00,154.97000122070312,155.7899932861328,154.3800048828125,155.63999938964844,374385
2026-03-17 10:30:00-04:00,155.34500122070312,155.6750030517578,154.72000122070312,155.02000427246094,191842
2026-03-17 11:30:00-04:00,155.08999633789062,155.3300018310547,154.75,155.3249969482422,191421
2026-03-17 12:30:00-04:00,155.14999389648438,155.27499389648438,154.92010498046875,155.0749969482422,222786
2026-03-17 13:30:00-04:00,155.13999938964844,155.4600067138672,154.85000610351562,155.1300048828125,196618
2026-03-17 14:30:00-04:00,154.82000732421875,155.30999755859375,154.82000732421875,155.17999267578125,166071
2026-03-17 15:30:00-04:00,154.85000610351562,154.92999267578125,154.6300048828125,154.8350067138672,771128
2026-03-18 09:30:00-04:00,151.10000610351562,152.75999450683594,150.13999938964844,152.3800048828125,286773
2026-03-18 10:30:00-04:00,151.00999450683594,151.4199981689453,150.60000610351562,151.1199951171875,143998
2026-03-18 11:30:00-04:00,151.5,151.52000427246094,150.66189575195312,151.02499389648438,109628
2026-03-18 12:30:00-04:00,150.80999755859375,151.69000244140625,150.7550048828125,151.5399932861328,237000
2026-03-18 13:30:00-04:00,150.97999572753906,151.14999389648438,150.72500610351562,150.8300018310547,158237
2026-03-18 14:30:00-04:00,149.97999572753906,150.97999572753906,149.97000122070312,150.97999572753906,196355
2026-03-18 15:30:00-04:00,149.81500244140625,150.00999450683594,149.47000122070312,150.0,335363
2026-03-19 09:30:00-04:00,148.61000061035156,149.32000732421875,147.75999450683594,147.80999755859375,525454
2026-03-19 10:30:00-04:00,148.1199951171875,148.88999938964844,148.02000427246094,148.61500549316406,270329
2026-03-19 11:30:00-04:00,147.8300018310547,148.25,147.4600067138672,148.08999633789062,469503
2026-03-19 12:30:00-04:00,147.84500122070312,148.01499938964844,147.3000030517578,147.83999633789062,162833
2026-03-19 13:30:00-04:00,147.3800048828125,147.9499969482422,147.36000061035156,147.84500122070312,128039
2026-03-19 14:30:00-04:00,148.43099975585938,148.97999572753906,147.14999389648438,147.3800048828125,394703
2026-03-19 15:30:00-04:00,148.19000244140625,148.5,148.0,148.4149932861328,324860
2026-03-20 09:30:00-04:00,147.02000427246094,148.89999389648438,146.72999572753906,148.77000427246094,258890
2026-03-20 10:30:00-04:00,146.64500427246094,147.41000366210938,146.44000244140625,147.00999450683594,216697
2026-03-20 11:30:00-04:00,146.60000610351562,146.94000244140625,146.1199951171875,146.64999389648438,201687
2026-03-20 12:30:00-04:00,146.91000366210938,147.07000732421875,146.4499969482422,146.60000610351562,240039
2026-03-20 13:30:00-04:00,146.14999389648438,146.99000549316406,146.05999755859375,146.94500732421875,247394
2026-03-20 14:30:00-04:00,145.4949951171875,146.25,145.3300018310547,146.13999938964844,287140
2026-03-20 15:30:00-04:00,146.0399932861328,146.0500030517578,145.2949981689453,145.52000427246094,327615
2026-03-23 09:30:00-04:00,147.60000610351562,147.89999389648438,146.89999389648438,147.2100067138672,322744
2026-03-23 10:30:00-04:00,148.75999450683594,148.9499969482422,147.42999267578125,147.55999755859375,194971
2026-03-23 11:30:00-04:00,147.42999267578125,148.90499877929688,147.19000244140625,148.77999877929688,235282
2026-03-23 12:30:00-04:00,147.91000366210938,148.0050048828125,147.30999755859375,147.41000366210938,154407
2026-03-23 13:30:00-04:00,148.27999877929688,148.7100067138672,147.8800048828125,147.88400268554688,203062
2026-03-23 14:30:00-04:00,148.2550048828125,148.86000061035156,148.18499755859375,148.30999755859375,206844
2026-03-23 15:30:00-04:00,148.11000061035156,148.42999267578125,147.9199981689453,148.25999450683594,241578
2026-03-24 09:30:00-04:00,147.57000732421875,147.75999450683594,146.22000122070312,146.55999755859375,250478
2026-03-24 10:30:00-04:00,148.19000244140625,148.28970336914062,147.24000549316406,147.6300048828125,194154
2026-03-24 11:30:00-04:00,148.52999877929688,148.77000427246094,148.07000732421875,148.1999969482422,117650
2026-03-24 12:30:00-04:00,148.30999755859375,148.67999267578125,147.9199981689453,148.5500030517578,88717
2026-03-24 13:30:00-04:00,148.5500030517578,148.5749969482422,148.14999389648438,148.35000610351562,81710
2026-03-24 14:30:00-04:00,148.77000427246094,148.97999572753906,148.49000549316406,148.5449981689453,197682
2026-03-24 15:30:00-04:00,148.63999938964844,148.77000427246094,148.41000366210938,148.77000427246094,144068
2026-03-25 09:30:00-04:00,151.0749969482422,151.34959411621094,150.14999389648438,150.47000122070312,220760
2026-03-25 10:30:00-04:00,151.51499938964844,151.6199951171875,150.7899932861328,151.0850067138672,112383
2026-03-25 11:30:00-04:00,151.1999969482422,151.77999877929688,151.05999755859375,151.57000732421875,277460
2026-03-25 12:30:00-04:00,151.47000122070312,151.6199951171875,151.16000366210938,151.2100067138672,108589
2026-03-25 13:30:00-04:00,151.10000610351562,151.57000732421875,151.03500366210938,151.4600067138672,94917
2026-03-25 14:30:00-04:00,150.83999633789062,151.19000244140625,150.80999755859375,151.17999267578125,114974
2026-03-25 15:30:00-04:00,150.75999450683594,150.88999938964844,150.63999938964844,150.8300018310547,180890
2026-03-26 09:30:00-04:00,150.6199951171875,150.82000732421875,149.30999755859375,149.6699981689453,232504
2026-03-26 10:30:00-04:00,150.42999267578125,151.11000061035156,150.39999389648438,150.67999267578125,140955
2026-03-26 11:30:00-04:00,150.60000610351562,150.6280975341797,150.0500030517578,150.41000366210938,165179
2026-03-26 12:30:00-04:00,150.39999389648438,150.6999969482422,150.27000427246094,150.5,87081
2026-03-26 13:30:00-04:00,150.1300048828125,150.50999450683594,150.08999633789062,150.41000366210938,94309
2026-03-26 14:30:00-04:00,149.83999633789062,150.4250030517578,149.72000122070312,150.1649932861328,169659
2026-03-26 15:30:00-04:00,149.66000366210938,149.91250610351562,149.3800048828125,149.8300018310547,198065
2026-03-27 09:30:00-04:00,149.49000549316406,150.60000610351562,149.4499969482422,150.00999450683594,210742
2026-03-27 10:30:00-04:00,149.77999877929688,149.85000610351562,149.0500030517578,149.44000244140625,211493
2026-03-27 11:30:00-04:00,149.4600067138672,150.16000366210938,149.1199951171875,149.75999450683594,168717
2026-03-27 12:30:00-04:00,149.13999938964844,149.52999877929688,149.1199951171875,149.47999572753906,139868
2026-03-27 13:30:00-04:00,149.09500122070312,149.32000732421875,148.9499969482422,149.16000366210938,204163
2026-03-27 14:30:00-04:00,148.4199981689453,149.08999633789062,148.3000030517578,149.0500030517578,321013
2026-03-27 15:30:00-04:00,148.1699981689453,148.47999572753906,147.85499572753906,148.4199981689453,545688
2026-03-30 09:30:00-04:00,149.72000122070312,150.4600067138672,149.55999755859375,150.25,368895
2026-03-30 10:30:00-04:00,149.72999572753906,150.3000030517578,149.6300048828125,149.7100067138672,314837
2026-03-30 11:30:00-04:00,150.17999267578125,150.5399932861328,149.72000122070312,149.72000122070312,265360
2026-03-30 12:30:00-04:00,150.31500244140625,150.44000244140625,150.16000366210938,150.1699981689453,165551
2026-03-30 13:30:00-04:00,150.52499389648438,150.69000244140625,150.25999450683594,150.32000732421875,234431
2026-03-30 14:30:00-04:00,150.27999877929688,150.7449951171875,150.11000061035156,150.5399932861328,223634
2026-03-30 15:30:00-04:00,150.3800048828125,150.52999877929688,150.0850067138672,150.2899932861328,445079
2026-03-31 09:30:00-04:00,152.25,152.86000061035156,151.3699951171875,151.5800018310547,229816
2026-03-31 10:30:00-04:00,150.77000427246094,152.30999755859375,150.69000244140625,152.19000244140625,250992
2026-03-31 11:30:00-04:00,151.1300048828125,151.2550048828125,150.51499938964844,150.77000427246094,193059
2026-03-31 12:30:00-04:00,151.60000610351562,152.72509765625,150.91000366210938,151.07000732421875,157001
2026-03-31 13:30:00-04:00,151.78500366210938,151.97999572753906,151.56500244140625,151.56500244140625,84523
2026-03-31 14:30:00-04:00,152.16000366210938,152.2050018310547,151.57000732421875,151.80499267578125,193745
2026-03-31 15:30:00-04:00,152.75999450683594,152.83999633789062,152.1199951171875,152.2050018310547,626648
2026-04-01 09:30:00-04:00,155.0399932861328,155.5,154.12120056152344,154.6199951171875,289562
2026-04-01 10:30:00-04:00,154.7100067138672,155.25,154.64500427246094,155.03500366210938,135502
2026-04-01 11:30:00-04:00,155.14999389648438,155.55499267578125,154.72999572753906,154.72999572753906,110760
2026-04-01 12:30:00-04:00,155.9199981689453,156.0800018310547,155.13499450683594,155.16000366210938,87002
2026-04-01 13:30:00-04:00,155.27000427246094,155.97999572753906,155.27000427246094,155.9199981689453,124525
2026-04-01 14:30:00-04:00,155.41000366210938,155.5050048828125,155.16700744628906,155.2899932861328,134340
2026-04-01 15:30:00-04:00,155.07000732421875,155.44000244140625,154.85000610351562,155.42999267578125,457804
2026-04-02 09:30:00-04:00,153.82000732421875,154.1199951171875,153.16000366210938,153.3699951171875,1032609
2026-04-02 10:30:00-04:00,154.26499938964844,154.80999755859375,153.63999938964844,153.81500244140625,706656
2026-04-02 11:30:00-04:00,153.8300018310547,154.39999389648438,153.72500610351562,154.3000030517578,189511
2026-04-02 12:30:00-04:00,153.72999572753906,154.05999755859375,153.625,153.8300018310547,108965
2026-04-02 13:30:00-04:00,153.80499267578125,154.0699005126953,153.5399932861328,153.72000122070312,123268
2026-04-02 14:30:00-04:00,153.83999633789062,154.10000610351562,153.68380737304688,153.85000610351562,198068
2026-04-02 15:30:00-04:00,153.99000549316406,154.02499389648438,153.64999389648438,153.85499572753906,188979
2026-04-06 09:30:00-04:00,153.6699981689453,154.36000061035156,153.02499389648438,153.58999633789062,83915
2026-04-06 10:30:00-04:00,153.32000732421875,153.90989685058594,153.24000549316406,153.7198944091797,86542
2026-04-06 11:30:00-04:00,153.5800018310547,153.69000244140625,153.1649932861328,153.2899932861328,82629
2026-04-06 12:30:00-04:00,153.36000061035156,153.77999877929688,153.14889526367188,153.5500030517578,88762
2026-04-06 13:30:00-04:00,153.47000122070312,153.47000122070312,153.0399932861328,153.3000030517578,107409
2026-04-06 14:30:00-04:00,153.48199462890625,153.67999267578125,153.38999938964844,153.44000244140625,118405
2026-04-06 15:30:00-04:00,152.8800048828125,153.5,152.86000061035156,153.48989868164062,325986
2026-04-07 09:30:00-04:00,150.49949645996094,151.49000549316406,149.88499450683594,151.44000244140625,647471
2026-04-07 10:30:00-04:00,149.75999450683594,150.97999572753906,149.52999877929688,150.4217071533203,278114
2026-04-07 11:30:00-04:00,150.58999633789062,150.625,149.49000549316406,149.74000549316406,281042
2026-04-07 12:30:00-04:00,150.69000244140625,150.80149841308594,150.42999267578125,150.55999755859375,95036
2026-04-07 13:30:00-04:00,151.0449981689453,151.36000061035156,150.7100067138672,150.7100067138672,125730
2026-04-07 14:30:00-04:00,150.86000061035156,151.0850067138672,150.1999969482422,151.0500030517578,254697
2026-04-07 15:30:00-04:00,151.1699981689453,151.3000030517578,150.64999389648438,150.8300018310547,254442
2026-04-08 09:30:00-04:00,153.47500610351562,154.19000244140625,152.7100067138672,153.77000427246094,891566
2026-04-08 10:30:00-04:00,153.2899932861328,153.77999877929688,153.25,153.44000244140625,181930
2026-04-08 11:30:00-04:00,154.10000610351562,154.27499389648438,153.27999877929688,153.27999877929688,369703
2026-04-08 12:30:00-04:00,154.02499389648438,154.3699951171875,153.99000549316406,154.10009765625,134555
2026-04-08 13:30:00-04:00,154.10000610351562,154.3699951171875,153.82000732421875,154.01499938964844,136779
2026-04-08 14:30:00-04:00,153.6999969482422,154.10000610351562,153.52999877929688,154.10000610351562,150842
2026-04-08 15:30:00-04:00,154.41000366210938,154.4499969482422,153.72999572753906,153.72999572753906,158879
2026-04-09 09:30:00-04:00,153.64500427246094,153.86000061035156,152.47999572753906,152.75999450683594,154720
2026-04-09 10:30:00-04:00,154.41000366210938,154.41000366210938,153.5449981689453,153.6199951171875,119323
2026-04-09 11:30:00-04:00,155.3000030517578,155.42999267578125,154.41000366210938,154.41000366210938,147976
2026-04-09 12:30:00-04:00,155.83999633789062,155.875,155.1999969482422,155.3000030517578,62347
2026-04-09 13:30:00-04:00,155.46499633789062,156.1199951171875,155.42999267578125,155.85000610351562,103616
2026-04-09 14:30:00-04:00,155.30999755859375,155.4600067138672,155.22000122070312,155.4199981689453,108644
2026-04-09 15:30:00-04:00,155.0399932861328,155.44000244140625,155.02999877929688,155.31500244140625,135723
2026-04-10 09:30:00-04:00,155.8699951171875,156.4600067138672,155.2100067138672,156.4600067138672,374594
2026-04-10 10:30:00-04:00,154.50999450683594,155.99000549316406,154.5,155.89500427246094,144978
2026-04-10 11:30:00-04:00,154.39999389648438,154.68499755859375,154.24000549316406,154.52499389648438,71874
2026-04-10 12:30:00-04:00,153.8798065185547,154.47000122070312,153.86000061035156,154.36000061035156,45833
2026-04-10 13:30:00-04:00,153.94500732421875,154.05999755859375,153.6999969482422,153.8800048828125,45321
2026-04-10 14:30:00-04:00,153.8000030517578,154.0,153.77000427246094,153.9600067138672,71759
2026-04-10 15:30:00-04:00,153.9600067138672,154.14999389648438,153.77999877929688,153.81500244140625,132661
2026-04-13 09:30:00-04:00,153.8699951171875,154.30999755859375,153.2100067138672,153.72000122070312,169887
2026-04-13 10:30:00-04:00,152.9600067138672,154.2949981689453,152.9600067138672,153.81539916992188,149927
2026-04-13 11:30:00-04:00,153.36000061035156,153.39990234375,152.89500427246094,153.0,97798
2026-04-13 12:30:00-04:00,153.57000732421875,153.6300048828125,153.25999450683594,153.39999389648438,78943
2026-04-13 13:30:00-04:00,153.80999755859375,153.8800048828125,153.52000427246094,153.6060028076172,57809
2026-04-13 14:30:00-04:00,154.40499877929688,154.4550018310547,153.8000030517578,153.80499267578125,108108
2026-04-13 15:30:00-04:00,154.47000122070312,154.4949951171875,154.1199951171875,154.42999267578125,133127
2026-04-14 09:30:00-04:00,154.6300048828125,155.0449981689453,153.6300048828125,154.03500366210938,197060
2026-04-14 10:30:00-04:00,154.0500030517578,154.5800018310547,153.6300048828125,154.5800018310547,139728
2026-04-14 11:30:00-04:00,153.77749633789062,154.33999633789062,153.55999755859375,154.0800018310547,117880
2026-04-14 12:30:00-04:00,153.71499633789062,153.85000610351562,153.52999877929688,153.7550048828125,114794
2026-04-14 13:30:00-04:00,153.72000122070312,153.9499969482422,153.4499969482422,153.6999969482422,135099
2026-04-14 14:30:00-04:00,153.72999572753906,153.73500061035156,153.41000366210938,153.72000122070312,170364
2026-04-14 15:30:00-04:00,153.38999938964844,153.8000030517578,153.3300018310547,153.77000427246094,319554
2026-04-15 09:30:00-04:00,153.11000061035156,154.10000610351562,152.89999389648438,153.97999572753906,169835
2026-04-15 10:30:00-04:00,151.5050048828125,153.0399932861328,151.30999755859375,153.0399932861328,266415
2026-04-15 11:30:00-04:00,151.19000244140625,151.5,150.86000061035156,151.4600067138672,161247
2026-04-15 12:30:00-04:00,151.56500244140625,151.6199951171875,151.17999267578125,151.23500061035156,69062
2026-04-15 13:30:00-04:00,151.8800048828125,151.93499755859375,151.3699951171875,151.4600067138672,97622
2026-04-15 14:30:00-04:00,152.34500122070312,152.38999938964844,151.83999633789062,151.86000061035156,120388
2026-04-15 15:30:00-04:00,152.07000732421875,152.3699951171875,152.0500030517578,152.34500122070312,149300
2026-04-16 09:30:00-04:00,150.25999450683594,150.86000061035156,149.97000122070312,150.3800048828125,222270
2026-04-16 10:30:00-04:00,149.61000061035156,150.1999969482422,149.39999389648438,150.1999969482422,163481
2026-04-16 11:30:00-04:00,149.6750030517578,149.7982940673828,149.52000427246094,149.6300048828125,108556
2026-04-16 12:30:00-04:00,149.5500030517578,149.68980407714844,149.3800048828125,149.64999389648438,85746
2026-04-16 13:30:00-04:00,149.7100067138672,149.72000122070312,149.4600067138672,149.55999755859375,202810
2026-04-16 14:30:00-04:00,149.77499389648438,149.7949981689453,149.57000732421875,149.72000122070312,87242
2026-04-16 15:30:00-04:00,149.72999572753906,149.8800048828125,149.57749938964844,149.7664031982422,144264
2026-04-17 09:30:00-04:00,151.59500122070312,151.8000030517578,150.7449951171875,151.5500030517578,187096
2026-04-17 10:30:00-04:00,152.3300018310547,152.3699951171875,150.91000366210938,151.19000244140625,195528
2026-04-17 11:30:00-04:00,152.3000030517578,152.5,152.1649932861328,152.30999755859375,133499
2026-04-17 12:30:00-04:00,152.25,152.5,152.19000244140625,152.3300018310547,77647
2026-04-17 13:30:00-04:00,152.4499969482422,152.52999877929688,152.10000610351562,152.22999572753906,81229
2026-04-17 14:30:00-04:00,152.08999633789062,152.5399932861328,152.02000427246094,152.47000122070312,154668
2026-04-17 15:30:00-04:00,151.99000549316406,152.35000610351562,151.9499969482422,152.11000061035156,174855
2026-04-20 09:30:00-04:00,151.27000427246094,151.6999969482422,150.86000061035156,151.39999389648438,293423
2026-04-20 10:30:00-04:00,151.97000122070312,151.97000122070312,150.77000427246094,151.3800048828125,177028
2026-04-20 11:30:00-04:00,151.92970275878906,152.0399932861328,151.63999938964844,151.97000122070312,108676
2026-04-20 12:30:00-04:00,151.42999267578125,151.9499969482422,151.42999267578125,151.92999267578125,99619
2026-04-20 13:30:00-04:00,151.44500732421875,151.5800018310547,151.25999450683594,151.41000366210938,92538
2026-04-20 14:30:00-04:00,151.03500366210938,151.52999877929688,150.9199981689453,151.44000244140625,149044
2026-04-20 15:30:00-04:00,151.0500030517578,151.07000732421875,150.77000427246094,151.03500366210938,255630
2026-04-21 09:30:00-04:00,149.15499877929688,149.625,148.11000061035156,149.61000061035156,383495
2026-04-21 10:30:00-04:00,148.6199951171875,149.11000061035156,148.3300018310547,149.11000061035156,404719
2026-04-21 11:30:00-04:00,148.6300048828125,148.99989318847656,148.5,148.65499877929688,150052
2026-04-21 12:30:00-04:00,148.08999633789062,148.72000122070312,147.89500427246094,148.64999389648438,149667
2026-04-21 13:30:00-04:00,148.27000427246094,148.74000549316406,148.0500030517578,148.15879821777344,150504
2026-04-21 14:30:00-04:00,148.6750030517578,148.75,148.05999755859375,148.2550048828125,161518
2026-04-21 15:30:00-04:00,147.9199981689453,148.6750030517578,147.77000427246094,148.6750030517578,214280
2026-04-22 09:30:00-04:00,147.80999755859375,148.5800018310547,147.60000610351562,148.5800018310547,170407
2026-04-22 10:30:00-04:00,147.61000061035156,147.8300018310547,147.1199951171875,147.75,214819
2026-04-22 11:30:00-04:00,147.3699951171875,147.58999633789062,147.22000122070312,147.55999755859375,79043
2026-04-22 12:30:00-04:00,147.57000732421875,147.6074981689453,147.30499267578125,147.3800048828125,110469
2026-04-22 13:30:00-04:00,147.38499450683594,147.6300048828125,147.27000427246094,147.5749969482422,100820
2026-04-22 14:30:00-04:00,147.49000549316406,147.66000366210938,147.27999877929688,147.38499450683594,92119
2026-04-22 15:30:00-04:00,147.38999938964844,147.52000427246094,147.3000030517578,147.4600067138672,195907
2026-04-23 09:30:00-04:00,148.1300048828125,148.25,147.60000610351562,147.8800048828125,254564
2026-04-23 10:30:00-04:00,148.25999450683594,148.3636932373047,147.8300018310547,148.13999938964844,217767
2026-04-23 11:30:00-04:00,147.60000610351562,148.25,147.4499969482422,148.17999267578125,191517
2026-04-23 12:30:00-04:00,146.94000244140625,147.84500122070312,146.89999389648438,147.5800018310547,114384
2026-04-23 13:30:00-04:00,147.60000610351562,147.6199951171875,146.5800018310547,146.99000549316406,151168
2026-04-23 14:30:00-04:00,147.63999938964844,147.75999450683594,147.43499755859375,147.60000610351562,136690
2026-04-23 15:30:00-04:00,147.5399932861328,147.72000122070312,147.36749267578125,147.63999938964844,271066
2026-04-24 09:30:00-04:00,144.76499938964844,146.07000732421875,144.5399932861328,146.02999877929688,396035
2026-04-24 10:30:00-04:00,144.58999633789062,144.97000122070312,144.0500946044922,144.72999572753906,210705
2026-04-24 11:30:00-04:00,145.07749938964844,145.42999267578125,144.49000549316406,144.55999755859375,107934
2026-04-24 12:30:00-04:00,145.26661682128906,145.30499267578125,144.88009643554688,145.0800018310547,83957
2026-04-24 13:30:00-04:00,145.30999755859375,145.47000122070312,145.19000244140625,145.26499938964844,100445
2026-04-24 14:30:00-04:00,145.3000030517578,145.5,145.17999267578125,145.27000427246094,165351
2026-04-24 15:30:00-04:00,145.4199981689453,145.46499633789062,145.27000427246094,145.30999755859375,160612
2026-04-27 09:30:00-04:00,144.9459991455078,145.7050018310547,144.5399932861328,144.6699981689453,307705
2026-04-27 10:30:00-04:00,145.25999450683594,145.32000732421875,144.72000122070312,144.9149932861328,293865
2026-04-27 11:30:00-04:00,145.0800018310547,145.30499267578125,144.94500732421875,145.26499938964844,175929
2026-04-27 12:30:00-04:00,144.89500427246094,145.19500732421875,144.85000610351562,145.09210205078125,179187
2026-04-27 13:30:00-04:00,144.66000366210938,144.89500427246094,144.5500030517578,144.89500427246094,121257
2026-04-27 14:30:00-04:00,144.69000244140625,144.86500549316406,144.52000427246094,144.64999389648438,153052
2026-04-27 15:30:00-04:00,144.17999267578125,144.7050018310547,144.1199951171875,144.66000366210938,290481
2026-04-28 09:30:00-04:00,144.24000549316406,144.52999877929688,142.64999389648438,144.25999450683594,843743
2026-04-28 10:30:00-04:00,145.39999389648438,145.64500427246094,144.05999755859375,144.22000122070312,529385
2026-04-28 11:30:00-04:00,144.84500122070312,145.5800018310547,144.5,145.4499969482422,232504
2026-04-28 12:30:00-04:00,144.0749969482422,144.94500732421875,144.0399932861328,144.83999633789062,111049
2026-04-28 13:30:00-04:00,144.3300018310547,144.42999267578125,143.97500610351562,144.07000732421875,141446
2026-04-28 14:30:00-04:00,144.80999755859375,145.0500030517578,144.2449951171875,144.34500122070312,249832
2026-04-28 15:30:00-04:00,145.5399932861328,145.5500030517578,144.52999877929688,144.80999755859375,411942
2026-04-29 09:30:00-04:00,142.25999450683594,143.6699981689453,142.25999450683594,143.0500030517578,449539
2026-04-29 10:30:00-04:00,143.6699981689453,143.67999267578125,142.25,142.3000030517578,321934
2026-04-29 11:30:00-04:00,143.8699951171875,143.9250030517578,143.36000061035156,143.6199951171875,143517
2026-04-29 12:30:00-04:00,143.23500061035156,144.0399932861328,143.14500427246094,143.89999389648438,78853
2026-04-29 13:30:00-04:00,143.1699981689453,143.41000366210938,143.09500122070312,143.22999572753906,93747
2026-04-29 14:30:00-04:00,143.00999450683594,143.3300018310547,142.83999633789062,143.18499755859375,194913
2026-04-29 15:30:00-04:00,142.89999389648438,143.16000366210938,142.75,142.96499633789062,246867
2026-04-30 09:30:00-04:00,147.99000549316406,148.0050048828125,146.22000122070312,146.8800048828125,301194
2026-04-30 10:30:00-04:00,148.07000732421875,148.44000244140625,147.6999969482422,147.9600067138672,362180
2026-04-30 11:30:00-04:00,148.02000427246094,148.4199981689453,147.83999633789062,148.12899780273438,157387
2026-04-30 12:30:00-04:00,148.19000244140625,148.27999877929688,147.85000610351562,148.0500030517578,87651
2026-04-30 13:30:00-04:00,148.01499938964844,148.3699951171875,147.83999633789062,148.19000244140625,95091
2026-04-30 14:30:00-04:00,148.39999389648438,148.5800018310547,147.92010498046875,148.02999877929688,120778
2026-04-30 15:30:00-04:00,147.83999633789062,148.44500732421875,147.80499267578125,148.41000366210938,190711
2026-05-01 09:30:00-04:00,147.40499877929688,148.13499450683594,146.35000610351562,148.13499450683594,195173
2026-05-01 10:30:00-04:00,146.86000061035156,147.4499969482422,146.85000610351562,147.39999389648438,131668
2026-05-01 11:30:00-04:00,146.9550018310547,147.0,146.66000366210938,146.8800048828125,108320
2026-05-01 12:30:00-04:00,147.00999450683594,147.11329650878906,146.83999633789062,146.92999267578125,104296
2026-05-01 13:30:00-04:00,146.91000366210938,147.11000061035156,146.75999450683594,147.02000427246094,133712
2026-05-01 14:30:00-04:00,146.83999633789062,147.1300048828125,146.77000427246094,146.89999389648438,142385
2026-05-01 15:30:00-04:00,146.5850067138672,146.8300018310547,146.5800018310547,146.7899932861328,179457
2026-05-04 09:30:00-04:00,145.57000732421875,145.6999969482422,145.16000366210938,145.5500030517578,266477
2026-05-04 10:30:00-04:00,145.22999572753906,145.8199005126953,144.89999389648438,145.60000610351562,295747
2026-05-04 11:30:00-04:00,144.94000244140625,145.52999877929688,144.94000244140625,145.2899932861328,172121
2026-05-04 12:30:00-04:00,144.91000366210938,145.00999450683594,144.58999633789062,144.94000244140625,188460
2026-05-04 13:30:00-04:00,144.5800018310547,145.0449981689453,144.52000427246094,144.88499450683594,184823
2026-05-04 14:30:00-04:00,144.46499633789062,144.80499267578125,144.46499633789062,144.55999755859375,245479
2026-05-04 15:30:00-04:00,144.60000610351562,144.67999267578125,144.4499969482422,144.47999572753906,271454
2026-05-05 09:30:00-04:00,145.0301055908203,146.64999389648438,144.99000549316406,146.6199951171875,309132
2026-05-05 10:30:00-04:00,145.0500030517578,145.66000366210938,144.7899932861328,145.0,254924
2026-05-05 11:30:00-04:00,145.3000030517578,145.35000610351562,145.01499938964844,145.11000061035156,138652
2026-05-05 12:30:00-04:00,144.9949951171875,145.39999389648438,144.9199981689453,145.24000549316406,86718
2026-05-05 13:30:00-04:00,145.69000244140625,145.6999969482422,145.02000427246094,145.02000427246094,87245
2026-05-05 14:30:00-04:00,145.6300048828125,145.8249969482422,145.55999755859375,145.69000244140625,145612
2026-05-05 15:30:00-04:00,145.47000122070312,145.97500610351562,145.4499969482422,145.61000061035156,240983
2026-05-06 09:30:00-04:00,148.33999633789062,148.58999633789062,147.51499938964844,147.8000030517578,270224
2026-05-06 10:30:00-04:00,148.2899932861328,148.75999450683594,148.10499572753906,148.36000061035156,217648
2026-05-06 11:30:00-04:00,148.03500366210938,148.389892578125,147.97000122070312,148.27000427246094,109977
2026-05-06 12:30:00-04:00,148.11000061035156,148.11500549316406,147.82000732421875,148.0697021484375,99787
2026-05-06 13:30:00-04:00,148.4600067138672,148.6199951171875,148.0500030517578,148.10000610351562,68149
2026-05-06 14:30:00-04:00,148.5,148.6300048828125,148.34010314941406,148.4600067138672,107520
2026-05-06 15:30:00-04:00,148.32000732421875,148.5299072265625,148.19000244140625,148.47000122070312,170115
2026-05-07 09:30:00-04:00,146.26010131835938,148.05999755859375,146.26010131835938,147.97000122070312,176758
2026-05-07 10:30:00-04:00,145.5500030517578,146.5,145.39999389648438,146.32000732421875,181348
2026-05-07 11:30:00-04:00,145.46499633789062,145.63999938964844,145.39999389648438,145.52000427246094,87194
2026-05-07 12:30:00-04:00,145.22999572753906,145.50999450683594,145.085205078125,145.49000549316406,130618
2026-05-07 13:30:00-04:00,145.64999389648438,145.64999389648438,144.99000549316406,145.17999267578125,74908
2026-05-07 14:30:00-04:00,145.5,145.793701171875,145.27999877929688,145.58999633789062,107900
2026-05-07 15:30:00-04:00,145.36000061035156,145.50999450683594,145.27000427246094,145.4600067138672,169368
2026-05-08 09:30:00-04:00,145.72999572753906,146.6699981689453,145.47999572753906,146.4499969482422,408491
2026-05-08 10:30:00-04:00,145.78500366210938,146.1999053955078,145.57000732421875,145.74110412597656,92970
2026-05-08 11:30:00-04:00,146.1199951171875,146.22000122070312,145.6999969482422,145.78500366210938,66279
2026-05-08 12:30:00-04:00,146.19000244140625,146.24000549316406,145.83999633789062,146.08999633789062,83701
2026-05-08 13:30:00-04:00,146.24000549316406,146.4600067138672,146.05999755859375,146.17999267578125,52276
2026-05-08 14:30:00-04:00,146.06500244140625,146.3000030517578,146.02000427246094,146.25999450683594,110804
2026-05-08 15:30:00-04:00,146.1199951171875,146.3350067138672,145.97000122070312,146.06500244140625,174582
2026-05-11 09:30:00-04:00,147.216796875,147.27999877929688,146.32000732421875,146.58999633789062,580913
2026-05-11 10:30:00-04:00,146.3699951171875,147.27999877929688,146.02999877929688,147.1999969482422,468190
2026-05-11 11:30:00-04:00,145.3800048828125,146.38999938964844,145.22999572753906,146.3699951171875,266136
2026-05-11 12:30:00-04:00,145.35499572753906,145.55999755859375,145.17999267578125,145.3699951171875,118550
2026-05-11 13:30:00-04:00,145.01499938964844,145.6199951171875,144.9499969482422,145.36000061035156,147153
2026-05-11 14:30:00-04:00,144.80999755859375,145.03500366210938,144.75,145.02000427246094,208925
2026-05-11 15:30:00-04:00,145.19000244140625,145.22000122070312,144.75999450683594,144.7899932861328,216190
2026-05-12 09:30:00-04:00,147.0,147.0,145.8800048828125,146.2899932861328,207520
2026-05-12 10:30:00-04:00,148.14999389648438,148.3800048828125,147.02000427246094,147.27999877929688,165940
2026-05-12 11:30:00-04:00,148.27000427246094,148.30999755859375,147.80999755859375,148.13999938964844,94490
2026-05-12 12:30:00-04:00,148.49000549316406,148.55999755859375,148.19000244140625,148.22000122070312,62922
2026-05-12 13:30:00-04:00,148.3800048828125,148.47000122070312,148.0850067138672,148.47000122070312,95134
2026-05-12 14:30:00-04:00,148.3699951171875,148.47999572753906,148.27000427246094,148.38999938964844,96284
2026-05-12 15:30:00-04:00,148.22000122070312,148.47999572753906,148.14999389648438,148.41000366210938,142983
2026-05-13 09:30:00-04:00,149.41000366210938,150.3249969482422,148.16000366210938,148.22999572753906,254771
2026-05-13 10:30:00-04:00,149.24000549316406,149.55999755859375,148.75,149.36000061035156,206445
2026-05-13 11:30:00-04:00,149.47000122070312,149.50999450683594,148.9049072265625,149.21499633789062,116723
2026-05-13 12:30:00-04:00,149.5,149.5399932861328,149.0,149.4499969482422,73309
2026-05-13 13:30:00-04:00,149.23500061035156,149.5,149.16000366210938,149.5,79001
2026-05-13 14:30:00-04:00,149.60000610351562,149.61000061035156,149.1699981689453,149.24000549316406,99824
2026-05-13 15:30:00-04:00,149.72000122070312,149.86000061035156,149.47109985351562,149.55999755859375,142691
2026-05-14 09:30:00-04:00,150.18499755859375,150.39999389648438,148.6002960205078,150.1300048828125,100351
2026-05-14 10:30:00-04:00,149.88999938964844,150.35499572753906,149.5850067138672,150.25,89739
2026-05-14 11:30:00-04:00,150.25,150.5,149.83999633789062,149.9600067138672,183871
2026-05-14 12:30:00-04:00,150.18499755859375,150.44000244140625,149.91000366210938,150.27000427246094,184567
2026-05-14 13:30:00-04:00,150.25,150.52499389648438,150.10000610351562,150.25,219277
2026-05-14 14:30:00-04:00,150.41000366210938,150.55999755859375,150.27999877929688,150.27999877929688,224011
2026-05-14 15:30:00-04:00,149.80999755859375,150.44000244140625,149.80999755859375,150.38999938964844,401279
2026-05-15 09:30:00-04:00,149.5449981689453,150.3280029296875,149.1699981689453,150.1199951171875,153775
2026-05-15 10:30:00-04:00,148.17999267578125,149.69000244140625,148.17999267578125,149.55999755859375,166416
2026-05-15 11:30:00-04:00,148.1699981689453,148.4698944091797,147.86000061035156,148.25999450683594,75412
2026-05-15 12:30:00-04:00,148.25,148.32009887695312,147.9550018310547,148.17999267578125,67085
2026-05-15 13:30:00-04:00,148.1199951171875,148.3000030517578,147.80499267578125,148.22000122070312,102954
2026-05-15 14:30:00-04:00,148.22000122070312,148.2899932861328,147.8699951171875,148.11500549316406,83181
2026-05-15 15:30:00-04:00,148.1300048828125,148.35000610351562,147.89500427246094,148.1699981689453,130989
2026-05-18 09:30:00-04:00,149.9199981689453,150.5800018310547,149.00999450683594,149.00999450683594,168808
2026-05-18 10:30:00-04:00,149.08999633789062,150.13510131835938,148.97000122070312,149.9600067138672,192779
2026-05-18 11:30:00-04:00,149.50999450683594,149.61000061035156,149.0399932861328,149.13499450683594,101653
2026-05-18 12:30:00-04:00,149.6300048828125,149.76499938964844,149.41000366210938,149.46499633789062,73340
2026-05-18 13:30:00-04:00,149.24000549316406,149.65029907226562,149.16000366210938,149.64999389648438,89216
2026-05-18 14:30:00-04:00,149.36500549316406,149.85000610351562,148.94500732421875,149.22999572753906,121508
2026-05-18 15:30:00-04:00,149.16000366210938,149.5,149.0,149.36000061035156,273042
2026-05-19 09:30:00-04:00,150.8300018310547,150.88999938964844,149.32000732421875,149.61000061035156,228962
2026-05-19 10:30:00-04:00,150.8000030517578,151.40499877929688,150.42999267578125,150.82000732421875,185412
2026-05-19 11:30:00-04:00,150.88999938964844,150.9423065185547,150.3800048828125,150.75,119434
2026-05-19 12:30:00-04:00,150.4949951171875,150.99000549316406,150.4949951171875,150.88999938964844,83237
2026-05-19 13:30:00-04:00,150.64999389648438,150.97999572753906,150.47999572753906,150.48500061035156,102427
2026-05-19 14:30:00-04:00,150.5625,150.73500061035156,150.3800048828125,150.55999755859375,100141
2026-05-19 15:30:00-04:00,150.49000549316406,150.60499572753906,150.2449951171875,150.57000732421875,134500
2026-05-20 09:30:00-04:00,151.3000030517578,151.75999450683594,150.22999572753906,150.9499969482422,190565
2026-05-20 10:30:00-04:00,150.6300048828125,151.69000244140625,150.58999633789062,151.33999633789062,280895
2026-05-20 11:30:00-04:00,150.78500366210938,151.1199951171875,150.55999755859375,150.61000061035156,117286
2026-05-20 12:30:00-04:00,151.125,151.24000549316406,150.66000366210938,150.75,90696
2026-05-20 13:30:00-04:00,150.88999938964844,151.22999572753906,150.77999877929688,151.1497039794922,101373
2026-05-20 14:30:00-04:00,151.03500366210938,151.22000122070312,150.9199981689453,150.94000244140625,117057
2026-05-20 15:30:00-04:00,150.4499969482422,151.19500732421875,150.36000061035156,151.03500366210938,212054
2026-05-21 09:30:00-04:00,150.97999572753906,151.39999389648438,149.5399932861328,150.08999633789062,199829
2026-05-21 10:30:00-04:00,150.94000244140625,151.69000244140625,150.91000366210938,150.97000122070312,218798
2026-05-21 11:30:00-04:00,151.38999938964844,151.52000427246094,150.88999938964844,151.0449981689453,60276
2026-05-21 12:30:00-04:00,152.29989624023438,152.41000366210938,151.27000427246094,151.42999267578125,61218
2026-05-21 13:30:00-04:00,152.50999450683594,152.52000427246094,152.0800018310547,152.25999450683594,79222
2026-05-21 14:30:00-04:00,152.1699981689453,152.49000549316406,152.0050048828125,152.47999572753906,91864
2026-05-21 15:30:00-04:00,151.77000427246094,152.26499938964844,151.75999450683594,152.2100067138672,184997
2026-05-22 09:30:00-04:00,151.88999938964844,152.52999877929688,151.24000549316406,151.55999755859375,223843
2026-05-22 10:30:00-04:00,152.0800018310547,152.32000732421875,151.39500427246094,151.85000610351562,348737
2026-05-22 11:30:00-04:00,152.16000366210938,152.16000366210938,151.8300018310547,152.02999877929688,90599
2026-05-22 12:30:00-04:00,152.3800048828125,152.3800048828125,151.91000366210938,152.1699981689453,77895
2026-05-22 13:30:00-04:00,152.27000427246094,152.5449981689453,151.98500061035156,152.41000366210938,174903
2026-05-22 14:30:00-04:00,152.19000244140625,152.4792022705078,152.0399932861328,152.25929260253906,121482
2026-05-22 15:30:00-04:00,152.00999450683594,152.32000732421875,152.00999450683594,152.17999267578125,228446
2026-05-26 09:30:00-04:00,150.89999389648438,152.49000549316406,150.76499938964844,152.3000030517578,239882
2026-05-26 10:30:00-04:00,150.55999755859375,151.3800048828125,150.38999938964844,150.9499969482422,254296
2026-05-26 11:30:00-04:00,150.90499877929688,151.0800018310547,150.60499572753906,150.66000366210938,86655
2026-05-26 12:30:00-04:00,150.37750244140625,150.97000122070312,150.31500244140625,150.8800048828125,85353
2026-05-26 13:30:00-04:00,150.49000549316406,150.61500549316406,150.35000610351562,150.38999938964844,66246
2026-05-26 14:30:00-04:00,150.8800048828125,150.9149932861328,150.4600067138672,150.4949951171875,83022
2026-05-26 15:30:00-04:00,150.8000030517578,150.90499877929688,150.5850067138672,150.88999938964844,170953
2026-05-27 09:30:00-04:00,152.0601043701172,152.27000427246094,150.6199951171875,151.0500030517578,195636
2026-05-27 10:30:00-04:00,151.89999389648438,152.3699951171875,151.3000946044922,152.08999633789062,116066
2026-05-27 11:30:00-04:00,151.50999450683594,152.1750030517578,151.39999389648438,151.9499969482422,109799
2026-05-27 12:30:00-04:00,150.9949951171875,151.4499969482422,150.9949951171875,151.4499969482422,73756
2026-05-27 13:30:00-04:00,151.14999389648438,151.33999633789062,151.02999877929688,151.0399932861328,65728
2026-05-27 14:30:00-04:00,151.2899932861328,151.4199981689453,151.16000366210938,151.16000366210938,110138
2026-05-27 15:30:00-04:00,151.1750030517578,151.39999389648438,150.97999572753906,151.30999755859375,241806
2026-05-28 09:30:00-04:00,151.24000549316406,151.5500030517578,149.9600067138672,150.1300048828125,378374
2026-05-28 10:30:00-04:00,150.7050018310547,151.4199981689453,150.67999267578125,151.24000549316406,375956
2026-05-28 11:30:00-04:00,150.9600067138672,151.02999877929688,150.56500244140625,150.77000427246094,165912
2026-05-28 12:30:00-04:00,150.85000610351562,151.14999389648438,150.7100067138672,150.9199981689453,87712
2026-05-28 13:30:00-04:00,151.0449981689453,151.0749969482422,150.7899932861328,150.875,81651
2026-05-28 14:30:00-04:00,151.36000061035156,151.3699951171875,150.83999633789062,151.05999755859375,199093
2026-05-28 15:30:00-04:00,151.42999267578125,151.74000549316406,151.2949981689453,151.34500122070312,267536
2026-05-29 09:30:00-04:00,151.82000732421875,152.02999877929688,150.89500427246094,151.83999633789062,226914
2026-05-29 10:30:00-04:00,150.55999755859375,151.9199981689453,150.55999755859375,151.77999877929688,343766
2026-05-29 11:30:00-04:00,150.59500122070312,151.0399932861328,150.50999450683594,150.52999877929688,166223
2026-05-29 12:30:00-04:00,150.47999572753906,150.85000610351562,150.4600067138672,150.61000061035156,70421
2026-05-29 13:30:00-04:00,150.49929809570312,150.7050018310547,150.38999938964844,150.4998016357422,112089
2026-05-29 14:30:00-04:00,150.74000549316406,150.93499755859375,150.49000549316406,150.50999450683594,123381
2026-05-29 15:30:00-04:00,150.1649932861328,150.82000732421875,150.1300048828125,150.75,297670
2026-06-01 09:30:00-04:00,145.53500366210938,147.5,144.9600067138672,146.9199981689453,484873
2026-06-01 10:30:00-04:00,144.8000030517578,145.55999755859375,144.72000122070312,145.50999450683594,369965
2026-06-01 11:30:00-04:00,145.50999450683594,145.55999755859375,144.75999450683594,144.82000732421875,262980
2026-06-01 12:30:00-04:00,145.49000549316406,145.63999938964844,145.25,145.52000427246094,181477
2026-06-01 13:30:00-04:00,145.88999938964844,145.97000122070312,145.41000366210938,145.5,198518
2026-06-01 14:30:00-04:00,145.7949981689453,145.9149932861328,145.58999633789062,145.91000366210938,164519
2026-06-01 15:30:00-04:00,145.67999267578125,146.0850067138672,145.5399932861328,145.78500366210938,284821
2026-06-02 09:30:00-04:00,143.8800048828125,144.4600067138672,142.63999938964844,144.00999450683594,432306
2026-06-02 10:30:00-04:00,143.75999450683594,144.27000427246094,143.6300048828125,143.89999389648438,285027
2026-06-02 11:30:00-04:00,143.38499450683594,143.8350067138672,143.38499450683594,143.77000427246094,132429
2026-06-02 12:30:00-04:00,143.3800048828125,143.55999755859375,143.1300048828125,143.38999938964844,97345
2026-06-02 13:30:00-04:00,143.36000061035156,143.4149932861328,143.14999389648438,143.3699951171875,97264
2026-06-02 14:30:00-04:00,143.6699981689453,143.90660095214844,143.3699951171875,143.3699951171875,130920
2026-06-02 15:30:00-04:00,143.4375,143.6959991455078,143.24000549316406,143.6699981689453,212544
2026-06-03 09:30:00-04:00,143.63999938964844,143.68930053710938,142.25999450683594,142.47000122070312,365156
2026-06-03 10:30:00-04:00,143.76499938964844,144.2550048828125,143.2899932861328,143.64999389648438,229365
2026-06-03 11:30:00-04:00,143.64999389648438,143.94000244140625,143.49000549316406,143.77000427246094,214031
2026-06-03 12:30:00-04:00,143.72000122070312,143.75999450683594,143.4949951171875,143.69000244140625,88192
2026-06-03 13:30:00-04:00,143.5800018310547,143.72000122070312,143.47000122070312,143.72000122070312,77739
2026-06-03 14:30:00-04:00,143.8699951171875,143.90499877929688,143.5050048828125,143.57000732421875,165871
2026-06-03 15:30:00-04:00,143.68499755859375,143.8800048828125,143.57679748535156,143.8800048828125,290424
2026-06-04 09:30:00-04:00,147.6199951171875,148.10000610351562,146.4600067138672,146.4600067138672,424529
2026-06-04 10:30:00-04:00,146.97000122070312,147.6699981689453,146.9199981689453,147.58999633789062,649960
2026-06-04 11:30:00-04:00,147.31500244140625,147.49000549316406,146.72999572753906,147.05999755859375,425768
2026-06-04 12:30:00-04:00,146.82000732421875,147.36500549316406,146.77000427246094,147.2899932861328,100496
2026-06-04 13:30:00-04:00,147.22999572753906,147.3000030517578,146.77000427246094,146.8000030517578,107752
2026-06-04 14:30:00-04:00,148.1999969482422,148.24000549316406,147.30999755859375,147.30999755859375,197544
2026-06-04 15:30:00-04:00,148.38999938964844,148.47999572753906,147.9949951171875,148.19000244140625,450822
2026-06-05 09:30:00-04:00,147.97999572753906,148.74000549316406,147.6300048828125,147.64999389648438,1105169
2026-06-05 10:30:00-04:00,148.47999572753906,148.77999877929688,147.44000244140625,147.97000122070312,774926
2026-06-05 11:30:00-04:00,148.7100067138672,148.86000061035156,148.38999938964844,148.52999877929688,484682
2026-06-05 12:30:00-04:00,148.52999877929688,148.85499572753906,148.4499969482422,148.69000244140625,146720
2026-06-05 13:30:00-04:00,148.76849365234375,148.80999755859375,148.25999450683594,148.5399932861328,167242
2026-06-05 14:30:00-04:00,148.5449981689453,149.02999877929688,148.30999755859375,148.72999572753906,238255
2026-06-05 15:30:00-04:00,149.07000732421875,149.1199951171875,148.52999877929688,148.55999755859375,394922
2026-06-08 09:30:00-04:00,147.25,148.52999877929688,147.13999938964844,147.5399932861328,730066
2026-06-08 10:30:00-04:00,147.1999969482422,147.8000030517578,146.90499877929688,147.25999450683594,391324
2026-06-08 11:30:00-04:00,146.7100067138672,147.47999572753906,146.7050018310547,147.22000122070312,381624
2026-06-08 12:30:00-04:00,146.59500122070312,147.07000732421875,146.59500122070312,146.7050018310547,184890
2026-06-08 13:30:00-04:00,146.80499267578125,146.9600067138672,146.4199981689453,146.60499572753906,285020
2026-06-08 14:30:00-04:00,146.52999877929688,146.85000610351562,146.4499969482422,146.80499267578125,147489
2026-06-08 15:30:00-04:00,146.4600067138672,146.77999877929688,146.38999938964844,146.53500366210938,308406
2026-06-09 09:30:00-04:00,148.72000122070312,148.74000549316406,147.0449981689453,147.19000244140625,672479
2026-06-09 10:30:00-04:00,148.7899932861328,149.7100067138672,148.61000061035156,148.74000549316406,528103
2026-06-09 11:30:00-04:00,149.1199951171875,149.14999389648438,148.5800018310547,148.82000732421875,251624
2026-06-09 12:30:00-04:00,149.125,149.2899932861328,148.5800018310547,149.1199951171875,216771
2026-06-09 13:30:00-04:00,149.47500610351562,149.55999755859375,149.0800018310547,149.14999389648438,160447
2026-06-09 14:30:00-04:00,149.3800048828125,149.6199951171875,149.33999633789062,149.47000122070312,186159
2026-06-09 15:30:00-04:00,149.11000061035156,149.4199981689453,148.92999267578125,149.39999389648438,278409
2026-06-10 09:30:00-04:00,149.32000732421875,149.5699005126953,148.57000732421875,149.02999877929688,297524
2026-06-10 10:30:00-04:00,149.18499755859375,149.72000122070312,148.92999267578125,149.44500732421875,271726
2026-06-10 11:30:00-04:00,148.60000610351562,149.34500122070312,148.24000549316406,149.19000244140625,178972
2026-06-10 12:30:00-04:00,148.0850067138672,148.66000366210938,147.94000244140625,148.5800018310547,78072
2026-06-10 13:30:00-04:00,148.11000061035156,148.4600067138672,147.91000366210938,148.0850067138672,108056
2026-06-10 14:30:00-04:00,148.3000030517578,148.35899353027344,148.07000732421875,148.08999633789062,196898
2026-06-10 15:30:00-04:00,148.13999938964844,148.48500061035156,148.08999633789062,148.3000030517578,218051
2026-06-11 09:30:00-04:00,152.2949981689453,152.57000732421875,151.75999450683594,152.0,566483
2026-06-11 10:30:00-04:00,152.0500030517578,152.5500030517578,151.6199951171875,152.30999755859375,199283
2026-06-11 11:30:00-04:00,152.52499389648438,152.53500366210938,151.88999938964844,152.02999877929688,164934
2026-06-11 12:30:00-04:00,153.33999633789062,153.4199981689453,152.22999572753906,152.52000427246094,245331
2026-06-11 13:30:00-04:00,154.0749969482422,154.55999755859375,153.3101043701172,153.4149932861328,248048
2026-06-11 14:30:00-04:00,154.39999389648438,154.47000122070312,154.02999877929688,154.02999877929688,187542
2026-06-11 15:30:00-04:00,153.91000366210938,154.7100067138672,153.74000549316406,154.38999938964844,404639
2026-06-12 09:30:00-04:00,153.21499633789062,154.22000122070312,153.2100067138672,153.92999267578125,230392
2026-06-12 10:30:00-04:00,153.3800048828125,153.9199981689453,153.1199951171875,153.25999450683594,254576
2026-06-12 11:30:00-04:00,153.31500244140625,153.6999969482422,153.1649932861328,153.4499969482422,116123
2026-06-12 12:30:00-04:00,153.60000610351562,153.66000366210938,153.19000244140625,153.31500244140625,106225
2026-06-12 13:30:00-04:00,153.43930053710938,153.61000061035156,153.25999450683594,153.58999633789062,80848
2026-06-12 14:30:00-04:00,153.46499633789062,153.78500366210938,153.46499633789062,153.50999450683594,88627
2026-06-12 15:30:00-04:00,153.0399932861328,153.4499969482422,152.85000610351562,153.44000244140625,167305
2026-06-15 09:30:00-04:00,152.27000427246094,153.32000732421875,151.47000122070312,153.07000732421875,489578
2026-06-15 10:30:00-04:00,151.66000366210938,152.67999267578125,151.5500030517578,152.2899932861328,256245
2026-06-15 11:30:00-04:00,151.41000366210938,151.7100067138672,151.26499938964844,151.64999389648438,139238
2026-06-15 12:30:00-04:00,151.8300018310547,151.86000061035156,151.3802947998047,151.4250030517578,113890
2026-06-15 13:30:00-04:00,151.60000610351562,151.88499450683594,151.5,151.80999755859375,136535
2026-06-15 14:30:00-04:00,151.52999877929688,151.66000366210938,151.46499633789062,151.57000732421875,115689
2026-06-15 15:30:00-04:00,151.57000732421875,151.69000244140625,151.27499389648438,151.52999877929688,303989
2026-06-16 09:30:00-04:00,150.53500366210938,150.6300048828125,148.63999938964844,150.4600067138672,467517
2026-06-16 10:30:00-04:00,150.77999877929688,151.0500030517578,150.0800018310547,150.55999755859375,314885
2026-06-16 11:30:00-04:00,151.23500061035156,151.2899932861328,150.72000122070312,150.75,126206
2026-06-16 12:30:00-04:00,151.16000366210938,151.3800048828125,151.0500030517578,151.2550048828125,71869
2026-06-16 13:30:00-04:00,151.09500122070312,151.27000427246094,151.02999877929688,151.11000061035156,95809
2026-06-16 14:30:00-04:00,150.57000732421875,151.11000061035156,150.55999755859375,151.11000061035156,158299
2026-06-16 15:30:00-04:00,150.9499969482422,150.9499969482422,150.5500030517578,150.5500030517578,256072
2026-06-17 09:30:00-04:00,151.60000610351562,151.81350708007812,150.8000030517578,151.4199981689453,328421
2026-06-17 10:30:00-04:00,152.47000122070312,152.47999572753906,151.58999633789062,151.66000366210938,214562
2026-06-17 11:30:00-04:00,152.0399932861328,152.57000732421875,151.97999572753906,152.47999572753906,127521
2026-06-17 12:30:00-04:00,151.8699951171875,152.18499755859375,151.85000610351562,152.00999450683594,94070
2026-06-17 13:30:00-04:00,151.24000549316406,151.89999389648438,150.88999938964844,151.85000610351562,167896
2026-06-17 14:30:00-04:00,150.38999938964844,151.55999755859375,150.34500122070312,151.16000366210938,278038
2026-06-17 15:30:00-04:00,150.8699951171875,151.1199951171875,150.1999969482422,150.3300018310547,363970
2026-06-18 09:30:00-04:00,147.75,150.0800018310547,147.6699981689453,149.89999389648438,391673
2026-06-18 10:30:00-04:00,146.9199981689453,147.77999877929688,146.9199981689453,147.74000549316406,301377
2026-06-18 11:30:00-04:00,147.42999267578125,147.60000610351562,146.98500061035156,147.02000427246094,187264
2026-06-18 12:30:00-04:00,147.60000610351562,147.64999389648438,147.28990173339844,147.4499969482422,77017
2026-06-18 13:30:00-04:00,147.72000122070312,147.85499572753906,147.5399932861328,147.6300048828125,112320
2026-06-18 14:30:00-04:00,147.2899932861328,147.85499572753906,147.1699981689453,147.6999969482422,143429
2026-06-18 15:30:00-04:00,147.05999755859375,147.52999877929688,147.02999877929688,147.27999877929688,454421
2026-06-22 09:30:00-04:00,148.10000610351562,148.1649932861328,146.60000610351562,146.94000244140625,358503
2026-06-22 10:30:00-04:00,148.78500366210938,148.80499267578125,147.67999267578125,148.07000732421875,198357
2026-06-22 11:30:00-04:00,149.08999633789062,149.22999572753906,148.56500244140625,148.77000427246094,179045
2026-06-22 12:30:00-04:00,149.02999877929688,149.22000122070312,149.0050048828125,149.04010009765625,103570
2026-06-22 13:30:00-04:00,149.10000610351562,149.17999267578125,148.94000244140625,149.00999450683594,92679
2026-06-22 14:30:00-04:00,148.61000061035156,149.15989685058594,148.54010009765625,149.11500549316406,151169
2026-06-22 15:30:00-04:00,148.94000244140625,148.94500732421875,148.52999877929688,148.60000610351562,210904
2026-06-23 09:30:00-04:00,151.60499572753906,152.52499389648438,151.35499572753906,151.94000244140625,374084
2026-06-23 10:30:00-04:00,152.49000549316406,152.5050048828125,151.35499572753906,151.5800018310547,261345
2026-06-23 11:30:00-04:00,152.6649932861328,152.74000549316406,152.1750030517578,152.4499969482422,113966
2026-06-23 12:30:00-04:00,152.85000610351562,152.97999572753906,152.6199951171875,152.6699981689453,96592
2026-06-23 13:30:00-04:00,152.7949981689453,152.9499969482422,152.77000427246094,152.875,90250
2026-06-23 14:30:00-04:00,153.0500030517578,153.1199951171875,152.74000549316406,152.81019592285156,144381
2026-06-23 15:30:00-04:00,153.3699951171875,153.47000122070312,152.88999938964844,153.02999877929688,228605
2026-06-24 09:30:00-04:00,153.1300048828125,154.9600067138672,153.08999633789062,154.1999969482422,3477564
2026-06-24 10:30:00-04:00,153.17999267578125,153.36000061035156,152.30499267578125,153.11000061035156,1191572
2026-06-24 11:30:00-04:00,153.6699981689453,153.6699981689453,152.90499877929688,153.16000366210938,611143
2026-06-24 12:30:00-04:00,153.11000061035156,153.86000061035156,153.0800018310547,153.7100067138672,189958
2026-06-24 13:30:00-04:00,153.5399932861328,153.5399932861328,152.81069946289062,153.09500122070312,208849
2026-06-24 14:30:00-04:00,154.1649932861328,154.58999633789062,153.5500030517578,153.5500030517578,528186
2026-06-24 15:30:00-04:00,153.19000244140625,154.19000244140625,153.16000366210938,154.1649932861328,632798
2026-06-25 09:30:00-04:00,155.2100067138672,155.55499267578125,153.41000366210938,153.47500610351562,1031065
2026-06-25 10:30:00-04:00,155.6699981689453,155.6999969482422,154.89999389648438,155.22000122070312,781660
2026-06-25 11:30:00-04:00,155.5,155.84500122070312,155.41000366210938,155.72999572753906,992611
2026-06-25 12:30:00-04:00,155.3699951171875,155.5500030517578,155.13999938964844,155.4600067138672,216501
2026-06-25 13:30:00-04:00,155.39999389648438,155.4600067138672,154.97999572753906,155.3699951171875,125990
2026-06-25 14:30:00-04:00,155.14999389648438,155.50999450683594,155.07000732421875,155.3699951171875,390177
2026-06-25 15:30:00-04:00,155.07000732421875,155.25,154.8300018310547,155.17999267578125,410300
2026-06-26 09:30:00-04:00,155.7550048828125,156.25,153.3300018310547,153.3300018310547,964636
2026-06-26 10:30:00-04:00,156.23500061035156,156.3800048828125,155.16000366210938,155.74000549316406,835998
2026-06-26 11:30:00-04:00,155.5749969482422,156.3350067138672,155.4499969482422,156.25999450683594,449125
2026-06-26 12:30:00-04:00,155.52000427246094,155.72999572753906,155.4949951171875,155.61000061035156,68920
2026-06-26 13:30:00-04:00,155.5258026123047,155.63999938964844,155.27999877929688,155.55999755859375,112836
2026-06-26 14:30:00-04:00,155.38999938964844,155.6999969482422,155.3000030517578,155.53709411621094,156368
2026-06-26 15:30:00-04:00,155.2899932861328,155.7899932861328,155.0500030517578,155.38999938964844,729173
2026-06-29 09:30:00-04:00,156.46029663085938,156.8800048828125,155.7899932861328,156.13999938964844,770571
2026-06-29 10:30:00-04:00,156.57000732421875,156.8350067138672,156.0500030517578,156.46499633789062,244211
2026-06-29 11:30:00-04:00,156.4199981689453,156.60000610351562,156.00999450683594,156.60000610351562,537180
2026-06-29 12:30:00-04:00,156.16000366210938,156.6199951171875,156.11000061035156,156.46499633789062,85039
2026-06-29 13:30:00-04:00,156.875,156.9199981689453,156.0850067138672,156.125,102012
2026-06-29 14:30:00-04:00,157.31500244140625,157.39999389648438,156.69500732421875,156.87249755859375,169899
2026-06-29 15:30:00-04:00,157.5500030517578,157.71499633789062,157.1300048828125,157.3000030517578,272690
2026-06-30 09:30:00-04:00,155.9949951171875,157.88999938964844,155.97000122070312,157.6300048828125,338984
2026-06-30 10:30:00-04:00,156.91000366210938,157.5,155.9199981689453,155.97000122070312,379418
2026-06-30 11:30:00-04:00,156.7899932861328,157.11000061035156,156.625,156.91000366210938,209310
2026-06-30 12:30:00-04:00,156.8300018310547,156.94000244140625,156.64999389648438,156.8000030517578,87749
2026-06-30 13:30:00-04:00,156.78500366210938,157.1199951171875,156.6300048828125,156.82000732421875,102356
2026-06-30 14:30:00-04:00,156.64999389648438,156.9084014892578,156.4600067138672,156.85000610351562,123122
2026-06-30 15:30:00-04:00,156.7100067138672,157.1300048828125,156.49000549316406,156.6699981689453,355476
2026-07-01 09:30:00-04:00,154.1999969482422,154.8300018310547,153.22000122070312,154.6699981689453,438626
2026-07-01 10:30:00-04:00,154.55999755859375,154.5800018310547,153.67999267578125,154.1300048828125,321919
2026-07-01 11:30:00-04:00,154.81500244140625,155.02000427246094,154.41000366210938,154.55999755859375,129891
2026-07-01 12:30:00-04:00,154.4199981689453,154.85000610351562,154.26499938964844,154.83999633789062,105535
2026-07-01 13:30:00-04:00,154.32000732421875,154.47999572753906,154.2100067138672,154.4250030517578,118805
2026-07-01 14:30:00-04:00,154.36000061035156,154.58999633789062,154.1300048828125,154.35000610351562,132829
2026-07-01 15:30:00-04:00,154.1300048828125,154.35130310058594,154.0,154.35000610351562,520933
2026-07-02 09:30:00-04:00,159.67999267578125,159.76499938964844,157.0,157.5,383308
2026-07-02 10:30:00-04:00,159.69000244140625,160.57000732421875,159.50999450683594,159.66000366210938,423731
2026-07-02 11:30:00-04:00,158.93499755859375,159.86500549316406,158.93499755859375,159.74000549316406,127878
2026-07-02 12:30:00-04:00,158.5850067138672,159.00070190429688,158.5800018310547,158.94000244140625,105134
2026-07-02 13:30:00-04:00,158.88999938964844,158.9600067138672,158.47000122070312,158.57000732421875,96753
2026-07-02 14:30:00-04:00,159.27000427246094,159.50999450683594,158.8699951171875,158.88999938964844,153744
2026-07-02 15:30:00-04:00,159.94000244140625,159.99000549316406,159.22000122070312,159.25,176197
2026-07-06 09:30:00-04:00,155.0500030517578,157.57000732421875,154.2100067138672,157.32000732421875,782008
2026-07-06 10:30:00-04:00,155.05499267578125,155.60000610351562,154.6750030517578,155.0500030517578,288706
2026-07-06 11:30:00-04:00,155.4250030517578,155.44000244140625,155.0,155.0800018310547,104013
2026-07-06 12:30:00-04:00,155.58999633789062,155.9149932861328,155.30999755859375,155.38999938964844,128246
2026-07-06 13:30:00-04:00,155.26499938964844,155.6199951171875,155.1300048828125,155.61000061035156,147106
2026-07-06 14:30:00-04:00,155.8249969482422,155.8300018310547,155.2801055908203,155.2899932861328,153748
2026-07-06 15:30:00-04:00,155.4600067138672,155.8699951171875,155.32000732421875,155.8300018310547,223406
2026-07-07 09:30:00-04:00,156.8699951171875,157.92999267578125,156.52999877929688,157.14999389648438,258947
2026-07-07 10:30:00-04:00,157.25,157.7030029296875,156.80999755859375,156.86500549316406,257060
2026-07-07 11:30:00-04:00,156.52499389648438,157.22999572753906,156.49000549316406,157.22999572753906,155873
2026-07-07 12:30:00-04:00,156.74000549316406,156.82000732421875,156.4250030517578,156.5500030517578,120824
2026-07-07 13:30:00-04:00,156.86000061035156,156.9095001220703,156.5050048828125,156.72000122070312,124575
2026-07-07 14:30:00-04:00,156.72000122070312,156.9199981689453,156.42999267578125,156.8699951171875,155951
2026-07-07 15:30:00-04:00,157.00999450683594,157.11000061035156,156.58009338378906,156.72500610351562,294721
2026-07-08 09:30:00-04:00,155.85499572753906,156.39999389648438,155.10000610351562,155.25999450683594,202799
2026-07-08 10:30:00-04:00,155.3800048828125,156.25,155.13250732421875,155.8000030517578,383345
2026-07-08 11:30:00-04:00,155.44500732421875,155.9499969482422,155.3300018310547,155.3800048828125,173274
2026-07-08 12:30:00-04:00,155.59500122070312,155.8000030517578,155.3800048828125,155.47430419921875,76500
2026-07-08 13:30:00-04:00,155.8699951171875,155.875,155.36000061035156,155.55999755859375,95048
2026-07-08 14:30:00-04:00,155.58999633789062,155.8697052001953,155.5500030517578,155.85000610351562,148316
2026-07-08 15:30:00-04:00,155.17999267578125,155.6199951171875,155.11000061035156,155.57000732421875,235818
2026-07-09 09:30:00-04:00,154.39999389648438,155.47000122070312,154.3800048828125,154.89999389648438,328089
2026-07-09 10:30:00-04:00,154.10000610351562,154.7550048828125,153.86000061035156,154.4149932861328,342464
2026-07-09 11:30:00-04:00,153.9949951171875,154.32000732421875,153.84500122070312,154.14999389648438,701162
2026-07-09 12:30:00-04:00,153.8800048828125,154.05999755859375,153.7899932861328,154.0,84917
2026-07-09 13:30:00-04:00,154.52999877929688,154.75,153.88499450683594,153.88499450683594,105021
2026-07-09 14:30:00-04:00,154.3000030517578,154.55999755859375,153.98500061035156,154.5399932861328,342102
2026-07-09 15:30:00-04:00,154.61000061035156,154.8092041015625,154.24000549316406,154.25999450683594,278537
2026-07-10 09:30:00-04:00,154.22999572753906,155.0,153.8300018310547,154.8000030517578,188607
2026-07-10 10:30:00-04:00,154.00999450683594,154.375,153.6300048828125,154.27000427246094,172885
2026-07-10 11:30:00-04:00,154.0,154.2550048828125,153.83999633789062,154.02000427246094,127700
2026-07-10 12:30:00-04:00,154.14500427246094,154.22000122070312,153.84500122070312,153.99000549316406,73443
2026-07-10 13:30:00-04:00,154.08009338378906,154.19900512695312,153.8699951171875,154.13999938964844,91501
2026-07-10 14:30:00-04:00,154.3300018310547,154.38999938964844,154.0800018310547,154.1199951171875,126755
2026-07-10 15:30:00-04:00,154.0500030517578,154.36000061035156,153.92999267578125,154.3350067138672,284671
2026-07-13 09:30:00-04:00,152.97999572753906,154.1699981689453,151.9403076171875,152.67999267578125,249560
2026-07-13 10:30:00-04:00,153.3800048828125,153.6300048828125,152.82000732421875,152.99000549316406,124289
2026-07-13 11:30:00-04:00,153.4499969482422,153.83999633789062,153.3000030517578,153.33999633789062,125289
2026-07-13 12:30:00-04:00,153.47000122070312,153.56500244140625,153.2899932861328,153.47000122070312,114733
2026-07-13 13:30:00-04:00,153.2899932861328,153.52999877929688,153.2899932861328,153.46499633789062,94521
2026-07-13 14:30:00-04:00,153.61000061035156,153.80499267578125,153.27999877929688,153.27999877929688,134163
2026-07-13 15:30:00-04:00,153.38999938964844,153.63999938964844,153.1999969482422,153.60000610351562,218596
2026-07-14 09:30:00-04:00,151.72999572753906,152.44000244140625,151.29100036621094,152.0800018310547,279377
2026-07-14 10:30:00-04:00,151.27499389648438,151.7899932861328,151.10000610351562,151.6999969482422,183076
2026-07-14 11:30:00-04:00,151.13699340820312,151.55999755859375,151.1199951171875,151.33999633789062,98656
2026-07-14 12:30:00-04:00,151.2100067138672,151.35800170898438,150.9499969482422,151.13999938964844,105190
2026-07-14 13:30:00-04:00,151.07249450683594,151.41000366210938,151.05999755859375,151.22999572753906,87812
2026-07-14 14:30:00-04:00,150.6999969482422,151.17999267578125,150.66000366210938,151.0800018310547,111313
2026-07-14 15:30:00-04:00,150.35000610351562,150.6999969482422,150.3300018310547,150.6999969482422,218251
2026-07-15 09:30:00-04:00,150.59500122070312,150.86000061035156,149.64999389648438,150.02000427246094,200265
2026-07-15 10:30:00-04:00,151.26499938964844,151.4199981689453,150.5399932861328,150.63999938964844,197202
2026-07-15 11:30:00-04:00,151.30999755859375,151.47999572753906,151.1300048828125,151.24000549316406,163910
2026-07-15 12:30:00-04:00,151.4250030517578,151.5800018310547,151.24000549316406,151.25,110486
2026-07-15 13:30:00-04:00,151.31500244140625,151.66000366210938,151.2100067138672,151.47500610351562,172723
2026-07-15 14:30:00-04:00,151.30499267578125,151.6199951171875,151.16000366210938,151.32000732421875,298051
2026-07-15 15:30:00-04:00,150.7899932861328,151.27000427246094,150.72000122070312,151.27000427246094,474882
2026-07-16 09:30:00-04:00,151.63999938964844,152.3800048828125,150.2100067138672,150.47999572753906,545568
2026-07-16 10:30:00-04:00,152.3699951171875,152.5,151.32000732421875,151.67999267578125,532412
2026-07-16 11:30:00-04:00,152.35000610351562,152.7899932861328,152.2100067138672,152.36000061035156,380823
2026-07-16 12:30:00-04:00,152.57009887695312,152.67999267578125,152.30999755859375,152.41000366210938,110476
2026-07-16 13:30:00-04:00,152.8699951171875,153.17999267578125,152.5399932861328,152.57000732421875,194659
2026-07-16 14:30:00-04:00,152.6699981689453,153.0050048828125,152.57000732421875,152.8699951171875,161458
2026-07-16 15:30:00-04:00,152.74000549316406,152.9250030517578,152.5,152.6999969482422,301203
2026-07-17 09:30:00-04:00,153.9600067138672,155.3000030517578,153.82000732421875,153.97000122070312,299814
2026-07-17 10:30:00-04:00,154.80999755859375,154.85499572753906,153.8000030517578,153.99000549316406,280545
2026-07-17 11:30:00-04:00,153.94000244140625,154.99000549316406,153.94000244140625,154.88999938964844,1052782
2026-07-17 12:30:00-04:00,153.33999633789062,154.0,153.31500244140625,153.92999267578125,114257
2026-07-17 13:30:00-04:00,153.3300018310547,153.58999633789062,153.13499450683594,153.27999877929688,71762
2026-07-17 14:30:00-04:00,153.86000061035156,154.0,153.27999877929688,153.30999755859375,166932
2026-07-17 15:30:00-04:00,153.78500366210938,153.9949951171875,153.65499877929688,153.8300018310547,439411
2026-07-20 09:30:00-04:00,152.1300048828125,153.5399932861328,151.92999267578125,153.16000366210938,359033
2026-07-20 10:30:00-04:00,151.88999938964844,152.36000061035156,151.63999938964844,152.1199951171875,248716
2026-07-20 11:30:00-04:00,151.19500732421875,151.92999267578125,151.14999389648438,151.89999389648438,181052
2026-07-20 12:30:00-04:00,150.8800048828125,151.35499572753906,150.84500122070312,151.19500732421875,103408
2026-07-20 13:30:00-04:00,150.7100067138672,150.94500732421875,150.64999389648438,150.8699951171875,129806
2026-07-20 14:30:00-04:00,149.92999267578125,150.75,149.8699951171875,150.74000549316406,293596
2026-07-20 15:30:00-04:00,149.52999877929688,149.98989868164062,149.38499450683594,149.9600067138672,423243
2026-07-21 09:30:00-04:00,156.04400634765625,159.3000030517578,153.6699981689453,155.38999938964844,963352
2026-07-21 10:30:00-04:00,154.69000244140625,156.1199951171875,153.66000366210938,156.02999877929688,429523
2026-07-21 11:30:00-04:00,154.9199981689453,154.94000244140625,154.3699951171875,154.7100067138672,236139
2026-07-21 12:30:00-04:00,154.33999633789062,154.97999572753906,154.18519592285156,154.9199981689453,158226
2026-07-21 13:30:00-04:00,154.5399932861328,154.68499755859375,154.20660400390625,154.33999633789062,141116
2026-07-21 14:30:00-04:00,154.2899932861328,154.6199951171875,154.2449951171875,154.52000427246094,197715
2026-07-21 15:30:00-04:00,153.85000610351562,154.32000732421875,153.72999572753906,154.27999877929688,390517
2026-07-22 09:30:00-04:00,154.00999450683594,156.41000366210938,153.89999389648438,156.07000732421875,332072
2026-07-22 10:30:00-04:00,154.10000610351562,154.36000061035156,153.61500549316406,154.02999877929688,175863
2026-07-22 11:30:00-04:00,153.52999877929688,154.14999389648438,153.50999450683594,154.10000610351562,246153
2026-07-22 12:30:00-04:00,153.57000732421875,153.72000122070312,153.49000549316406,153.5449981689453,74115
2026-07-22 13:30:00-04:00,153.3699951171875,153.61000061035156,153.08999633789062,153.52999877929688,147460
2026-07-22 14:30:00-04:00,152.7899932861328,153.39999389648438,152.67010498046875,153.39500427246094,144318
2026-07-22 15:30:00-04:00,153.1300048828125,153.2550048828125,152.77999877929688,152.8000030517578,254840
2026-07-23 09:30:00-04:00,154.27000427246094,154.3000030517578,151.44000244140625,151.7100067138672,495784
2026-07-23 10:30:00-04:00,156.25,156.44500732421875,154.3000030517578,154.30499267578125,357775
2026-07-23 11:30:00-04:00,155.97500610351562,156.3000030517578,155.77000427246094,156.24000549316406,201607
2026-07-23 12:30:00-04:00,156.44000244140625,156.47999572753906,155.82000732421875,156.00999450683594,139049
2026-07-23 13:30:00-04:00,156.5800018310547,156.69000244140625,156.3350067138672,156.44000244140625,221778
2026-07-23 14:30:00-04:00,156.77499389648438,156.8249969482422,156.32000732421875,156.60000610351562,151834
2026-07-23 15:30:00-04:00,156.13999938964844,156.93499755859375,156.02999877929688,156.77999877929688,425537
2026-07-24 09:30:00-04:00,155.49000549316406,156.3800048828125,155.1699981689453,156.11000061035156,498557
2026-07-24 10:30:00-04:00,155.35000610351562,155.67999267578125,154.44000244140625,155.52999877929688,367406
2026-07-24 11:30:00-04:00,155.5050048828125,155.58999633789062,155.14999389648438,155.3300018310547,113906
2026-07-24 12:30:00-04:00,155.2899932861328,155.57000732421875,155.14999389648438,155.5399932861328,108939
2026-07-24 13:30:00-04:00,154.92999267578125,155.25999450683594,154.8000030517578,155.24000549316406,100553
2026-07-24 14:30:00-04:00,154.93429565429688,155.3249969482422,154.67999267578125,154.92999267578125,245225
2026-07-24 15:30:00-04:00,155.0,155.1699981689453,154.75999450683594,154.9600067138672,287628
2026-07-27 09:30:00-04:00,157.58999633789062,158.0800018310547,155.7899932861328,156.58999633789062,284659
2026-07-27 10:30:00-04:00,157.21499633789062,158.07000732421875,157.0399932861328,157.55999755859375,390126
2026-07-27 11:30:00-04:00,156.74000549316406,157.27999877929688,156.49000549316406,157.22000122070312,203034
2026-07-27 12:30:00-04:00,156.42999267578125,156.75,156.3000030517578,156.72999572753906,67039
2026-07-27 13:30:00-04:00,156.5050048828125,156.61500549316406,156.19000244140625,156.43499755859375,134572
2026-07-27 14:30:00-04:00,156.46499633789062,156.6999969482422,156.4199981689453,156.52000427246094,144322
2026-07-27 15:30:00-04:00,156.11000061035156,156.61000061035156,156.0399932861328,156.47000122070312,275865
2026-07-28 09:30:00-04:00,160.05999755859375,160.33999633789062,158.02499389648438,158.07000732421875,429840
2026-07-28 10:30:00-04:00,159.57000732421875,160.2100067138672,159.25999450683594,160.0800018310547,392317
2026-07-28 11:30:00-04:00,159.43499755859375,159.6699981689453,159.25999450683594,159.57000732421875,105139
2026-07-28 12:30:00-04:00,159.4600067138672,159.82000732421875,159.375,159.41000366210938,93919
2026-07-28 13:30:00-04:00,159.7949981689453,159.7949981689453,159.3800048828125,159.4600067138672,126218
2026-07-28 14:30:00-04:00,159.99000549316406,160.0124969482422,159.61000061035156,159.8000030517578,158465
2026-07-28 15:30:00-04:00,159.80499267578125,160.17999267578125,159.7449951171875,159.9600067138672,319462
2026-07-29 09:30:00-04:00,158.38499450683594,159.3699951171875,158.1199951171875,159.14999389648438,472820
2026-07-29 10:30:00-04:00,158.1199951171875,158.38999938964844,157.32000732421875,158.31500244140625,225239
2026-07-29 11:30:00-04:00,158.38999938964844,158.75999450683594,158.05499267578125,158.10000610351562,161619
2026-07-29 12:30:00-04:00,158.5399932861328,158.58749389648438,157.88999938964844,158.34500122070312,127504
2026-07-29 13:30:00-04:00,158.5449981689453,158.9199981689453,158.17129516601562,158.5500030517578,132795
2026-07-29 14:30:00-04:00,158.40499877929688,159.24000549316406,158.38999938964844,158.5399932861328,172022
2026-07-29 15:30:00-04:00,158.83999633789062,158.9199981689453,158.25999450683594,158.39999389648438,253322
2026-07-30 09:30:00-04:00,157.14999389648438,157.72999572753906,156.4600067138672,156.91000366210938,430482
2026-07-30 10:30:00-04:00,157.1699981689453,157.52999877929688,156.76499938964844,157.17999267578125,839216
2026-07-30 11:30:00-04:00,157.5500030517578,157.77999877929688,157.0,157.16000366210938,150939
2026-07-30 12:30:00-04:00,157.35499572753906,157.77000427246094,157.32000732421875,157.55999755859375,81399
2026-07-30 13:30:00-04:00,157.8350067138672,157.8350067138672,157.17999267578125,157.3000030517578,103314
2026-07-30 14:30:00-04:00,157.8699951171875,158.01499938964844,157.72500610351562,157.82000732421875,131581
2026-07-30 15:30:00-04:00,158.44000244140625,158.5500030517578,157.6649932861328,157.8800048828125,253295
2026-07-31 09:30:00-04:00,155.64999389648438,157.1199951171875,155.02999877929688,156.99000549316406,330909
2026-07-31 10:30:00-04:00,156.3800048828125,156.58999633789062,155.58999633789062,155.6300048828125,247509
2026-07-31 11:30:00-04:00,156.3800048828125,156.75,156.25999450683594,156.4199981689453,88580
2026-07-31 12:30:00-04:00,156.38499450683594,156.52000427246094,156.16000366210938,156.30999755859375,87925
2026-07-31 13:30:00-04:00,156.32000732421875,156.4550018310547,156.16000366210938,156.3800048828125,95065
2026-07-31 14:30:00-04:00,156.4600067138672,156.55999755859375,156.2100067138672,156.25,136066
2026-07-31 15:30:00-04:00,156.13999938964844,156.7100067138672,156.0399932861328,156.4600067138672,277851
2026-08-03 09:30:00-04:00,154.50999450683594,156.3699951171875,153.7050018310547,155.66000366210938,455278
2026-08-03 10:30:00-04:00,153.3800048828125,154.57000732421875,153.3000030517578,154.35000610351562,223050
2026-08-03 11:30:00-04:00,153.3699951171875,153.87559509277344,153.02000427246094,153.39500427246094,177852
2026-08-03 12:30:00-04:00,153.25999450683594,153.63999938964844,153.10499572753906,153.4199981689453,136564
2026-08-03 13:30:00-04:00,153.8000030517578,154.0,153.1999969482422,153.1999969482422,133393
2026-08-03 14:30:00-04:00,153.88999938964844,154.1199951171875,153.60000610351562,153.77999877929688,176204
2026-08-03 15:30:00-04:00,153.6699981689453,154.10499572753906,153.61000061035156,153.85000610351562,276127
2026-08-04 09:30:00-04:00,153.64999389648438,154.88999938964844,153.42999267578125,154.88999938964844,262206
2026-08-04 10:30:00-04:00,153.8699951171875,154.2100067138672,153.60499572753906,153.6649932861328,295591
2026-08-04 11:30:00-04:00,153.9550018310547,154.19020080566406,153.64500427246094,153.83999633789062,172918
2026-08-04 12:30:00-04:00,153.32000732421875,154.13999938964844,153.0399932861328,153.9499969482422,224233
2026-08-04 13:30:00-04:00,153.5,153.74000549316406,153.22000122070312,153.30999755859375,136243
2026-08-04 14:30:00-04:00,153.32000732421875,153.5399932861328,152.99000549316406,153.5,272755
2026-08-04 15:30:00-04:00,153.28500366210938,153.4199981689453,153.0500030517578,153.36000061035156,287332
2026-08-05 09:30:00-04:00,154.97999572753906,155.55999755859375,153.80999755859375,155.22999572753906,303910
2026-08-05 10:30:00-04:00,154.3300018310547,155.3699951171875,153.83999633789062,154.97999572753906,197724
2026-08-05 11:30:00-04:00,154.53250122070312,154.83999633789062,154.00999450683594,154.1374969482422,122778
2026-08-05 12:30:00-04:00,154.34500122070312,154.57000732421875,154.22000122070312,154.49000549316406,82990
2026-08-05 13:30:00-04:00,154.4199981689453,154.5800018310547,154.30999755859375,154.36000061035156,60023
2026-08-05 14:30:00-04:00,154.2725067138672,154.60000610351562,154.1999969482422,154.43499755859375,91144
2026-08-05 15:30:00-04:00,154.4600067138672,154.6199951171875,154.1699981689453,154.27499389648438,168567
2026-08-06 09:30:00-04:00,154.02000427246094,155.88499450683594,153.8699951171875,155.5800018310547,254084
2026-08-06 10:30:00-04:00,154.00999450683594,154.47000122070312,153.82000732421875,153.99000549316406,264440
2026-08-06 11:30:00-04:00,154.0800018310547,154.13999938964844,153.6999969482422,154.0,83060
2026-08-06 12:30:00-04:00,153.72999572753906,154.1999969482422,153.6699981689453,154.1750030517578,49927
2026-08-06 13:30:00-04:00,154.17999267578125,154.33999633789062,153.72999572753906,153.72999572753906,133302
2026-08-06 14:30:00-04:00,154.16000366210938,154.5,154.11000061035156,154.17999267578125,82288
2026-08-06 15:30:00-04:00,154.25,154.35000610351562,153.91000366210938,154.16000366210938,129680
2026-08-07 09:30:00-04:00,156.17999267578125,156.68020629882812,155.3800048828125,156.55999755859375,320212
2026-08-07 10:30:00-04:00,155.91000366210938,156.5800018310547,155.7899932861328,156.2100067138672,227798
2026-08-07 11:30:00-04:00,155.9499969482422,156.1199951171875,155.8300018310547,155.90499877929688,75354
2026-08-07 12:30:00-04:00,156.0449981689453,156.22000122070312,155.94000244140625,155.99000549316406,39346
2026-08-07 13:30:00-04:00,155.88999938964844,156.05999755859375,155.80999755859375,156.0500030517578,80471
2026-08-07 14:30:00-04:00,156.50999450683594,156.50999450683594,155.75999450683594,155.85000610351562,133994
2026-08-07 15:30:00-04:00,156.33999633789062,156.6300048828125,156.19000244140625,156.48500061035156,278845
2026-08-10 09:30:00-04:00,156.17999267578125,156.2899932861328,155.38999938964844,155.83999633789062,224806
2026-08-10 10:30:00-04:00,156.57000732421875,156.6020050048828,155.95010375976562,156.1699981689453,158194
2026-08-10 11:30:00-04:00,156.27000427246094,156.80999755859375,156.22999572753906,156.63999938964844,84519
2026-08-10 12:30:00-04:00,156.24000549316406,156.5399932861328,156.0850067138672,156.3321075439453,59079
2026-08-10 13:30:00-04:00,156.2100067138672,156.32000732421875,156.0449981689453,156.23500061035156,71369
2026-08-10 14:30:00-04:00,156.6999969482422,156.6999969482422,156.17520141601562,156.17999267578125,77169
2026-08-10 15:30:00-04:00,156.75999450683594,156.92999267578125,156.51499938964844,156.6999969482422,202598
2026-08-11 09:30:00-04:00,155.1699981689453,157.33999633789062,155.0800018310547,156.4600067138672,323588
2026-08-11 10:30:00-04:00,155.19000244140625,155.4499969482422,154.89999389648438,155.1999969482422,163337
2026-08-11 11:30:00-04:00,155.0399932861328,155.4600067138672,154.9499969482422,155.21499633789062,65611
2026-08-11 12:30:00-04:00,155.16000366210938,155.17999267578125,154.91000366210938,154.99749755859375,58180
2026-08-11 13:30:00-04:00,155.02999877929688,155.25,154.94000244140625,155.125,66712
2026-08-11 14:30:00-04:00,154.99000549316406,155.27999877929688,154.9499969482422,155.01499938964844,87091
2026-08-11 15:30:00-04:00,154.61000061035156,155.00999450683594,154.50999450683594,154.97000122070312,203244
2026-08-12 09:30:00-04:00,152.52000427246094,153.42999267578125,151.81500244140625,152.02999877929688,365196
2026-08-12 10:30:00-04:00,153.10499572753906,153.1300048828125,152.47999572753906,152.5399932861328,208964
2026-08-12 11:30:00-04:00,152.63609313964844,153.17999267578125,152.61000061035156,153.0500030517578,736897
2026-08-12 12:30:00-04:00,152.55999755859375,152.73500061035156,152.50999450683594,152.63999938964844,79221
2026-08-12 13:30:00-04:00,152.6300048828125,152.8800048828125,152.47000122070312,152.55999755859375,121774
2026-08-12 14:30:00-04:00,152.46499633789062,152.69000244140625,152.22999572753906,152.625,478538
2026-08-12 15:30:00-04:00,152.30999755859375,152.64999389648438,152.22999572753906,152.46499633789062,346885
2026-08-13 09:30:00-04:00,152.52000427246094,153.02000427246094,152.07000732421875,152.83999633789062,191759
2026-08-13 10:30:00-04:00,152.3350067138672,152.625,152.05999755859375,152.5,314096
2026-08-13 11:30:00-04:00,152.28500366210938,152.49000549316406,152.11000061035156,152.3000030517578,111597
2026-08-13 12:30:00-04:00,152.19000244140625,152.47999572753906,152.16000366210938,152.25999450683594,90458
2026-08-13 13:30:00-04:00,152.2100067138672,152.32000732421875,152.05999755859375,152.1999969482422,143885
2026-08-13 14:30:00-04:00,151.68499755859375,152.2100067138672,151.52999877929688,152.19000244140625,187987
2026-08-13 15:30:00-04:00,151.69000244140625,151.94000244140625,151.61000061035156,151.7100067138672,364096
2026-08-14 09:30:00-04:00,150.22000122070312,150.32000732421875,149.08999633789062,149.38999938964844,401998
2026-08-14 10:30:00-04:00,150.9600067138672,151.14999389648438,149.48500061035156,150.22999572753906,559013
2026-08-14 11:30:00-04:00,151.16000366210938,151.22999572753906,150.89999389648438,150.94000244140625,96385
2026-08-14 12:30:00-04:00,151.17999267578125,151.17999267578125,150.8800048828125,151.15499877929688,74047
2026-08-14 13:30:00-04:00,151.41000366210938,151.4600067138672,151.0449981689453,151.22999572753906,97337
2026-08-14 14:30:00-04:00,151.13999938964844,151.42250061035156,151.0800018310547,151.38999938964844,96048
2026-08-14 15:30:00-04:00,150.91000366210938,151.14999389648438,150.8000030517578,151.125,188406
2026-08-17 09:30:00-04:00,152.41000366210938,152.4550018310547,150.8300018310547,151.22999572753906,207066
2026-08-17 10:30:00-04:00,152.2899932861328,152.5399932861328,151.89999389648438,152.40499877929688,200876
2026-08-17 11:30:00-04:00,152.47000122070312,152.58189392089844,152.14999389648438,152.38999938964844,62799
2026-08-17 12:30:00-04:00,152.2550048828125,152.61500549316406,152.16009521484375,152.47999572753906,70395
2026-08-17 13:30:00-04:00,152.25,152.36000061035156,152.09739685058594,152.3000030517578,93151
2026-08-17 14:30:00-04:00,152.13499450683594,152.25999450683594,151.9199981689453,152.24000549316406,93590
2026-08-17 15:30:00-04:00,152.02499389648438,152.2050018310547,151.8300018310547,152.1199951171875,243633
2026-08-18 09:30:00-04:00,154.47500610351562,154.92999267578125,153.3800048828125,153.5800018310547,222427
2026-08-18 10:30:00-04:00,154.61000061035156,154.9499969482422,154.3300018310547,154.42999267578125,417503
2026-08-18 11:30:00-04:00,154.94000244140625,155.0449981689453,154.52000427246094,154.55999755859375,68121
2026-08-18 12:30:00-04:00,154.77999877929688,155.10000610351562,154.75,154.96499633789062,135010
2026-08-18 13:30:00-04:00,154.85989379882812,155.0,154.72500610351562,154.75010681152344,90045
2026-08-18 14:30:00-04:00,154.97000122070312,155.08999633789062,154.67999267578125,154.8000030517578,151880
2026-08-18 15:30:00-04:00,154.58999633789062,155.03500366210938,154.5399932861328,154.97999572753906,236625
2026-08-19 09:30:00-04:00,158.77999877929688,159.0399932861328,156.1699981689453,156.2899932861328,605748
2026-08-19 10:30:00-04:00,158.61000061035156,159.12989807128906,158.07000732421875,158.81500244140625,349960
2026-08-19 11:30:00-04:00,158.52000427246094,158.8800048828125,158.47999572753906,158.61000061035156,184707
2026-08-19 12:30:00-04:00,158.94000244140625,158.98500061035156,158.47000122070312,158.52000427246094,166637
2026-08-19 13:30:00-04:00,159.8800048828125,159.9499969482422,158.8300018310547,158.94500732421875,242260
2026-08-19 14:30:00-04:00,160.64999389648438,160.80999755859375,159.875,159.875,277579
2026-08-19 15:30:00-04:00,160.3300018310547,160.65927124023438,160.14999389648438,160.64999389648438,453540
2026-08-20 09:30:00-04:00,157.73500061035156,159.3300018310547,157.62669372558594,159.07000732421875,256225
2026-08-20 10:30:00-04:00,158.26499938964844,158.32000732421875,156.80999755859375,157.66000366210938,241020
2026-08-20 11:30:00-04:00,157.41749572753906,158.33999633789062,157.39999389648438,158.25999450683594,130161
2026-08-20 12:30:00-04:00,157.08999633789062,157.52999877929688,157.0800018310547,157.4250030517578,67079
2026-08-20 13:30:00-04:00,156.99000549316406,157.47999572753906,156.99000549316406,157.1300048828125,110760
2026-08-20 14:30:00-04:00,156.30999755859375,157.05990600585938,156.25,156.99000549316406,177398
2026-08-20 15:30:00-04:00,156.2550048828125,156.4199981689453,155.8699951171875,156.3300018310547,368596
2026-08-21 09:30:00-04:00,158.86000061035156,159.1199951171875,156.10000610351562,156.1699981689453,304699
2026-08-21 10:30:00-04:00,159.0399932861328,159.44000244140625,158.63999938964844,158.85000610351562,161176
2026-08-21 11:30:00-04:00,159.07000732421875,159.24000549316406,158.72000122070312,158.97000122070312,78059
2026-08-21 12:30:00-04:00,158.90249633789062,159.1300048828125,158.82000732421875,159.07000732421875,70450
2026-08-21 13:30:00-04:00,159.49000549316406,159.71499633789062,158.86000061035156,158.9311065673828,132630
2026-08-21 14:30:00-04:00,159.1300048828125,159.52000427246094,159.08009338378906,159.4499969482422,89350
2026-08-21 15:30:00-04:00,158.86000061035156,159.34500122070312,158.85000610351562,159.13999938964844,245951
2026-08-24 09:30:00-04:00,157.81500244140625,158.27000427246094,156.77000427246094,157.08999633789062,234174
2026-08-24 10:30:00-04:00,158.02000427246094,158.25999450683594,157.55999755859375,157.82000732421875,129324
2026-08-24 11:30:00-04:00,158.10000610351562,158.3000030517578,157.92999267578125,158.10000610351562,60042
2026-08-24 12:30:00-04:00,158.32000732421875,158.4600067138672,158.0222930908203,158.08999633789062,49134
2026-08-24 13:30:00-04:00,158.14500427246094,158.36000061035156,157.98500061035156,158.27499389648438,53621
2026-08-24 14:30:00-04:00,157.77000427246094,158.2449951171875,157.77000427246094,158.19000244140625,69484
2026-08-24 15:30:00-04:00,158.02000427246094,158.22999572753906,157.77000427246094,157.77000427246094,161174
2026-08-25 09:30:00-04:00,159.5,159.52000427246094,157.8300018310547,158.50999450683594,151257
2026-08-25 10:30:00-04:00,159.9250030517578,160.10499572753906,159.2899932861328,159.4600067138672,205490
2026-08-25 11:30:00-04:00,159.3800048828125,159.99000549316406,159.35499572753906,159.93499755859375,127965
2026-08-25 12:30:00-04:00,159.63999938964844,159.75509643554688,159.4499969482422,159.4499969482422,52273
2026-08-25 13:30:00-04:00,159.9499969482422,160.07000732421875,159.63999938964844,159.63999938964844,82177
2026-08-25 14:30:00-04:00,160.0,160.0,159.50999450683594,159.94000244140625,128373
2026-08-25 15:30:00-04:00,160.0,160.2899932861328,159.75999450683594,160.0,184055
2026-08-26 09:30:00-04:00,158.97000122070312,159.19000244140625,157.68899536132812,158.41000366210938,228704
2026-08-26 10:30:00-04:00,157.9149932861328,159.0050048828125,157.9149932861328,158.9600067138672,237748
2026-08-26 11:30:00-04:00,158.1999969482422,158.2899932861328,157.85000610351562,157.91000366210938,171282
2026-08-26 12:30:00-04:00,158.13999938964844,158.33999633789062,158.01499938964844,158.2100067138672,76969
2026-08-26 13:30:00-04:00,157.66000366210938,158.19500732421875,157.65499877929688,158.14999389648438,135054
2026-08-26 14:30:00-04:00,157.7949981689453,158.02999877929688,157.5500030517578,157.60000610351562,167977
2026-08-26 15:30:00-04:00,157.5399932861328,158.02000427246094,157.44000244140625,157.80990600585938,247472
2026-08-27 09:30:00-04:00,154.91000366210938,155.92999267578125,154.49000549316406,155.9250030517578,388048
2026-08-27 10:30:00-04:00,155.13999938964844,155.7899932861328,154.7899932861328,154.91000366210938,187469
2026-08-27 11:30:00-04:00,154.9499969482422,155.2050018310547,154.85000610351562,155.11000061035156,110660
2026-08-27 12:30:00-04:00,154.88499450683594,154.97500610351562,154.52999877929688,154.9600067138672,94638
2026-08-27 13:30:00-04:00,154.8000030517578,155.0,154.75,154.88999938964844,98774
2026-08-27 14:30:00-04:00,154.52000427246094,154.90499877929688,154.42999267578125,154.77999877929688,91387
2026-08-27 15:30:00-04:00,154.64999389648438,154.6699981689453,154.42999267578125,154.5399932861328,189949
2026-08-28 09:30:00-04:00,152.96499633789062,154.56500244140625,152.89999389648438,154.50999450683594,288899
2026-08-28 10:30:00-04:00,153.1300048828125,153.5,152.77000427246094,152.95150756835938,257928
2026-08-28 11:30:00-04:00,152.9949951171875,153.44000244140625,152.9499969482422,153.11500549316406,72961
2026-08-28 12:30:00-04:00,152.9199981689453,153.16000366210938,152.88760375976562,152.94000244140625,46862
2026-08-28 13:30:00-04:00,153.02999877929688,153.15750122070312,152.83680725097656,152.91256713867188,49652
2026-08-28 14:30:00-04:00,153.36000061035156,153.375,152.9149932861328,153.00999450683594,99177
2026-08-28 15:30:00-04:00,153.8000030517578,153.83999633789062,153.2050018310547,153.36050415039062,277183
2026-08-31 09:30:00-04:00,152.3800048828125,152.6999969482422,151.68499755859375,152.60000610351562,223702
2026-08-31 10:30:00-04:00,152.55999755859375,152.74000549316406,152.07000732421875,152.36000061035156,198668
2026-08-31 11:30:00-04:00,152.39999389648438,152.5800018310547,152.33749389648438,152.52999877929688,87716
2026-08-31 12:30:00-04:00,152.16000366210938,152.38999938964844,152.1199951171875,152.3800048828125,114528
2026-08-31 13:30:00-04:00,152.22000122070312,152.34500122070312,152.05999755859375,152.1300048828125,90408
2026-08-31 14:30:00-04:00,152.24000549316406,152.33999633789062,152.05499267578125,152.19000244140625,161339
2026-08-31 15:30:00-04:00,152.0800018310547,152.3800048828125,152.05999755859375,152.24000549316406,306994
2026-09-01 09:30:00-04:00,161.22000122070312,163.57000732421875,160.2100067138672,162.14999389648438,1666846
2026-09-01 10:30:00-04:00,161.4949951171875,161.63999938964844,160.86000061035156,161.1999969482422,585175
2026-09-01 11:30:00-04:00,160.9600067138672,161.80999755859375,160.91000366210938,161.44000244140625,252737
2026-09-01 12:30:00-04:00,161.2899932861328,161.4600067138672,160.72999572753906,160.97000122070312,372818
2026-09-01 13:30:00-04:00,161.60000610351562,161.8800048828125,161.1300048828125,161.2899932861328,335883
2026-09-01 14:30:00-04:00,161.4199981689453,161.63499450683594,161.27999877929688,161.60499572753906,289850
2026-09-01 15:30:00-04:00,161.27000427246094,161.52000427246094,161.10000610351562,161.4199981689453,610485
2026-09-02 09:30:00-04:00,161.03500366210938,163.17999267578125,160.3800048828125,160.8000030517578,805865
2026-09-02 10:30:00-04:00,161.82000732421875,162.15499877929688,160.7899932861328,161.0500030517578,454412
2026-09-02 11:30:00-04:00,161.5500030517578,161.89999389648438,160.96499633789062,161.89999389648438,1745973
2026-09-02 12:30:00-04:00,161.82000732421875,162.0050048828125,161.57000732421875,161.5709991455078,300572
2026-09-02 13:30:00-04:00,161.49000549316406,162.10000610351562,161.42999267578125,161.81500244140625,172171
2026-09-02 14:30:00-04:00,161.97000122070312,162.01499938964844,161.36000061035156,161.47999572753906,247619
2026-09-02 15:30:00-04:00,162.4499969482422,162.47999572753906,161.89500427246094,162.0,482535
2026-09-03 09:30:00-04:00,162.22000122070312,164.47999572753906,161.4199981689453,164.47999572753906,397944
2026-09-03 10:30:00-04:00,162.75,163.14999389648438,162.1199951171875,162.2100067138672,353555
2026-09-03 11:30:00-04:00,162.74000549316406,162.91000366210938,162.5500030517578,162.74000549316406,157228
2026-09-03 12:30:00-04:00,162.8699951171875,163.11000061035156,162.2899932861328,162.69000244140625,200378
2026-09-03 13:30:00-04:00,162.78500366210938,163.05999755859375,162.6999969482422,162.89500427246094,133262
2026-09-03 14:30:00-04:00,162.72000122070312,163.17999267578125,162.6300048828125,162.78500366210938,157914
2026-09-03 15:30:00-04:00,163.07000732421875,163.27000427246094,162.5399932861328,162.72999572753906,506776
2026-09-04 09:30:00-04:00,160.22999572753906,160.92999267578125,159.76499938964844,159.89999389648438,252052
2026-09-04 10:30:00-04:00,160.19000244140625,160.60499572753906,160.0500030517578,160.19000244140625,225212
2026-09-04 11:30:00-04:00,160.17999267578125,160.44000244140625,160.1199951171875,160.1699981689453,146245
2026-09-04 12:30:00-04:00,159.8800048828125,160.23500061035156,159.8000030517578,160.18499755859375,77567
2026-09-04 13:30:00-04:00,159.6999969482422,159.97000122070312,159.6999969482422,159.83999633789062,69569
2026-09-04 14:30:00-04:00,159.73500061035156,159.8000030517578,159.625,159.7100067138672,101738
2026-09-04 15:30:00-04:00,159.99000549316406,160.0399932861328,159.6699981689453,159.77000427246094,230344
2026-09-08 09:30:00-04:00,138.85009765625,140.4600067138672,138.27999877929688,139.94000244140625,3033925
2026-09-08 10:30:00-04:00,138.42999267578125,139.4199981689453,138.3300018310547,138.8800048828125,1606744
2026-09-08 11:30:00-04:00,137.8699951171875,138.67999267578125,137.52369689941406,138.47000122070312,1245757
2026-09-08 12:30:00-04:00,137.5800018310547,138.06500244140625,137.47000122070312,137.8800048828125,617392
2026-09-08 13:30:00-04:00,137.68499755859375,137.9499969482422,137.47999572753906,137.55999755859375,663100
2026-09-08 14:30:00-04:00,137.47000122070312,137.8090057373047,137.11500549316406,137.67999267578125,1093485
2026-09-08 15:30:00-04:00,137.74000549316406,138.27999877929688,137.35000610351562,137.47000122070312,1768664
2026-09-09 09:30:00-04:00,138.64999389648438,139.4499969482422,138.10000610351562,138.13999938964844,811619
2026-09-09 10:30:00-04:00,137.89999389648438,138.75,137.49000549316406,138.67999267578125,634479
2026-09-09 11:30:00-04:00,137.39999389648438,138.02999877929688,137.3300018310547,137.91000366210938,425622
2026-09-09 12:30:00-04:00,137.6750030517578,137.69000244140625,137.3000030517578,137.40499877929688,202303
2026-09-09 13:30:00-04:00,137.58999633789062,137.7050018310547,137.42999267578125,137.66000366210938,161007
2026-09-09 14:30:00-04:00,137.4499969482422,137.57000732421875,137.35000610351562,137.55499267578125,188969
2026-09-09 15:30:00-04:00,137.5,137.63499450683594,137.33999633789062,137.4499969482422,393651
2026-09-10 09:30:00-04:00,138.8800048828125,139.42999267578125,137.97999572753906,138.75999450683594,820886
2026-09-10 10:30:00-04:00,138.17999267578125,138.97999572753906,138.17999267578125,138.88999938964844,300866
2026-09-10 11:30:00-04:00,138.0500030517578,138.44000244140625,137.82000732421875,138.25999450683594,152614
2026-09-10 12:30:00-04:00,137.9600067138672,138.1199951171875,137.80999755859375,138.0800018310547,132398
2026-09-10 13:30:00-04:00,137.9499969482422,138.0749969482422,137.89999389648438,137.9705047607422,97811
2026-09-10 14:30:00-04:00,137.77499389648438,138.14999389648438,137.6999969482422,137.93499755859375,244705
2026-09-10 15:30:00-04:00,137.50999450683594,137.88999938964844,137.4600067138672,137.77999877929688,485778
2026-09-11 09:30:00-04:00,137.8300018310547,139.5500030517578,137.5500030517578,139.30999755859375,678672
2026-09-11 10:30:00-04:00,137.36500549316406,137.85000610351562,137.1999969482422,137.80999755859375,326652
2026-09-11 11:30:00-04:00,137.66000366210938,137.82000732421875,137.36500549316406,137.38999938964844,164096
2026-09-11 12:30:00-04:00,137.5,137.8350067138672,137.5,137.65499877929688,119317
2026-09-11 13:30:00-04:00,137.32000732421875,137.63499450683594,137.27000427246094,137.47000122070312,170074
2026-09-11 14:30:00-04:00,137.3000030517578,137.3699951171875,137.14999389648438,137.35000610351562,141889
2026-09-11 15:30:00-04:00,137.17999267578125,137.44000244140625,137.0,137.29930114746094,413130
2026-09-14 09:30:00-04:00,139.2899932861328,141.63999938964844,139.1199951171875,141.63999938964844,829170
2026-09-14 10:30:00-04:00,139.4149932861328,139.83999633789062,139.1649932861328,139.30999755859375,271512
2026-09-14 11:30:00-04:00,139.69000244140625,139.8800048828125,139.22999572753906,139.44000244140625,332433
2026-09-14 12:30:00-04:00,139.8800048828125,140.1199951171875,139.5334930419922,139.7100067138672,168585
2026-09-14 13:30:00-04:00,139.6199951171875,139.89999389648438,139.5301055908203,139.8800048828125,112202
2026-09-14 14:30:00-04:00,139.3699951171875,139.74000549316406,139.36000061035156,139.61000061035156,135923
2026-09-14 15:30:00-04:00,139.02000427246094,139.52999877929688,139.02000427246094,139.38999938964844,346504
2026-09-15 09:30:00-04:00,138.25,138.90499877929688,137.3699951171875,138.75999450683594,595408
2026-09-15 10:30:00-04:00,138.82000732421875,138.86000061035156,138.10000610351562,138.25999450683594,477102
2026-09-15 11:30:00-04:00,138.7899932861328,139.10000610351562,138.66000366210938,138.80999755859375,221162
2026-09-15 12:30:00-04:00,138.77000427246094,139.11000061035156,138.66000366210938,138.80999755859375,148106
2026-09-15 13:30:00-04:00,138.82000732421875,138.90780639648438,138.7100067138672,138.77000427246094,190651
2026-09-15 14:30:00-04:00,138.69000244140625,138.8800048828125,138.6300048828125,138.80999755859375,213207
2026-09-15 15:30:00-04:00,138.63999938964844,138.8699951171875,138.55999755859375,138.67999267578125,382301
2026-09-16 09:30:00-04:00,139.88999938964844,141.4600067138672,139.7666015625,140.5800018310547,376678
2026-09-16 10:30:00-04:00,139.32000732421875,140.03500366210938,139.13999938964844,139.89999389648438,354316
2026-09-16 11:30:00-04:00,139.60000610351562,139.72000122070312,139.17999267578125,139.36000061035156,142802
2026-09-16 12:30:00-04:00,139.13250732421875,139.57000732421875,139.02999877929688,139.55999755859375,233106
2026-09-16 13:30:00-04:00,139.2050018310547,139.36500549316406,138.74000549316406,139.1300048828125,234109
2026-09-16 14:30:00-04:00,138.3800048828125,139.25,138.27999877929688,139.2100067138672,187561
2026-09-16 15:30:00-04:00,138.6999969482422,138.80999755859375,138.35499572753906,138.38999938964844,263169
2026-09-17 09:30:00-04:00,141.0,141.08999633789062,139.97000122070312,140.1199951171875,317512
2026-09-17 10:30:00-04:00,140.69000244140625,141.2100067138672,140.52000427246094,141.0449981689453,251646
2026-09-17 11:30:00-04:00,140.60499572753906,141.03509521484375,140.49000549316406,140.67999267578125,118107
2026-09-17 12:30:00-04:00,140.5500030517578,140.6898956298828,140.3800048828125,140.61000061035156,77559
2026-09-17 13:30:00-04:00,140.75,140.89999389648438,140.49000549316406,140.5449981689453,137849
2026-09-17 14:30:00-04:00,140.83999633789062,141.02999877929688,140.7100067138672,140.77000427246094,174411
2026-09-17 15:30:00-04:00,140.92999267578125,141.0,140.7899932861328,140.8300018310547,218823
2026-09-18 09:30:00-04:00,139.9550018310547,141.14999389648438,139.9499969482422,140.8699951171875,184976
2026-09-18 10:30:00-04:00,139.72999572753906,140.10000610351562,139.60000610351562,139.9600067138672,297817
2026-09-18 11:30:00-04:00,139.82000732421875,140.08999633789062,139.72329711914062,139.72999572753906,137740
2026-09-18 12:30:00-04:00,140.0449981689453,140.0449981689453,139.66000366210938,139.82000732421875,114353
2026-09-18 13:30:00-04:00,140.44000244140625,140.5399932861328,140.0222930908203,140.0222930908203,92818
2026-09-18 14:30:00-04:00,140.30999755859375,140.60499572753906,140.16000366210938,140.4394073486328,285930
2026-09-18 15:30:00-04:00,140.3800048828125,140.69000244140625,140.11500549316406,140.33999633789062,408966
2026-09-21 09:30:00-04:00,141.83999633789062,142.0500030517578,140.9600067138672,141.9600067138672,293719
2026-09-21 10:30:00-04:00,141.42999267578125,142.17999267578125,141.3300018310547,141.83999633789062,266621
2026-09-21 11:30:00-04:00,141.2550048828125,141.64999389648438,141.25,141.44000244140625,135539
2026-09-21 12:30:00-04:00,141.74000549316406,141.75999450683594,141.1999969482422,141.24000549316406,180332
2026-09-21 13:30:00-04:00,141.74000549316406,141.82000732421875,141.5,141.72000122070312,142194
2026-09-21 14:30:00-04:00,141.4499969482422,141.8699951171875,141.42999267578125,141.74000549316406,186008
2026-09-21 15:30:00-04:00,141.02000427246094,141.52999877929688,141.0,141.4600067138672,261666
2026-09-22 09:30:00-04:00,140.8300018310547,141.2899932861328,140.0,141.25999450683594,387221
2026-09-22 10:30:00-04:00,141.75999450683594,141.8000030517578,140.83999633789062,140.9199981689453,189083
2026-09-22 11:30:00-04:00,141.2550048828125,141.75,141.03500366210938,141.7100067138672,122441
2026-09-22 12:30:00-04:00,141.0800018310547,141.35000610351562,140.94000244140625,141.27499389648438,177429
2026-09-22 13:30:00-04:00,141.38999938964844,141.49000549316406,141.00999450683594,141.07000732421875,143899
2026-09-22 14:30:00-04:00,141.3300018310547,141.49000549316406,141.1999969482422,141.36500549316406,162895
2026-09-22 15:30:00-04:00,141.25,141.6999969482422,141.11000061035156,141.32000732421875,277383
2026-09-23 09:30:00-04:00,143.60000610351562,143.94000244140625,142.6699981689453,143.14999389648438,528970
2026-09-23 10:30:00-04:00,142.47500610351562,143.64999389648438,142.1699981689453,143.6300048828125,595443
2026-09-23 11:30:00-04:00,142.19500732421875,142.5449981689453,142.02499389648438,142.5,132429
2026-09-23 12:30:00-04:00,142.38499450683594,142.55499267578125,142.1300048828125,142.19500732421875,193246
2026-09-23 13:30:00-04:00,142.55999755859375,142.92999267578125,142.24000549316406,142.39999389648438,228174
2026-09-23 14:30:00-04:00,142.86000061035156,142.86500549316406,142.49000549316406,142.56700134277344,240360
2026-09-23 15:30:00-04:00,142.74000549316406,142.83999633789062,142.39999389648438,142.83999633789062,368555
2026-09-24 09:30:00-04:00,144.1199951171875,144.66000366210938,142.91000366210938,143.0,426389
2026-09-24 10:30:00-04:00,143.2801055908203,144.11500549316406,143.25999450683594,144.11000061035156,361296
2026-09-24 11:30:00-04:00,144.08999633789062,144.2100067138672,143.1300048828125,143.3000030517578,325179
2026-09-24 12:30:00-04:00,143.41000366210938,144.07000732421875,143.41000366210938,144.0399932861328,118692
2026-09-24 13:30:00-04:00,143.5399932861328,143.69000244140625,143.11000061035156,143.41000366210938,135533
2026-09-24 14:30:00-04:00,143.43310546875,143.6300048828125,143.23500061035156,143.52000427246094,157233
2026-09-24 15:30:00-04:00,143.5500030517578,143.66000366210938,143.36500549316406,143.3800048828125,247972
2026-09-25 09:30:00-04:00,144.42999267578125,144.75999450683594,144.00030517578125,144.57000732421875,276040
2026-09-25 10:30:00-04:00,144.4199981689453,144.72500610351562,144.30999755859375,144.47000122070312,175516
2026-09-25 11:30:00-04:00,144.85000610351562,145.0,144.35499572753906,144.4199981689453,120311
2026-09-25 12:30:00-04:00,144.91000366210938,145.05250549316406,144.77999877929688,144.86900329589844,92516
2026-09-25 13:30:00-04:00,145.08999633789062,145.08999633789062,144.88290405273438,144.9674072265625,75875
2026-09-25 14:30:00-04:00,145.11000061035156,145.2899932861328,145.0,145.14169311523438,136072
2026-09-25 15:30:00-04:00,145.44000244140625,145.50999450683594,145.08999633789062,145.08999633789062,208822
2026-09-28 09:30:00-04:00,146.625,146.84500122070312,145.72000122070312,145.92999267578125,298836
2026-09-28 10:30:00-04:00,145.83299255371094,146.6999969482422,145.82000732421875,146.63760375976562,532013
2026-09-28 11:30:00-04:00,146.72999572753906,146.82000732421875,145.7899932861328,145.8699951171875,217501
2026-09-28 12:30:00-04:00,146.5,147.02999877929688,146.4250030517578,146.73500061035156,163608
2026-09-28 13:30:00-04:00,146.69000244140625,146.7449951171875,146.47000122070312,146.5,130420
2026-09-28 14:30:00-04:00,146.9499969482422,147.02000427246094,146.55499267578125,146.6300048828125,193995
2026-09-28 15:30:00-04:00,146.91000366210938,147.00999450683594,146.72999572753906,146.99000549316406,308777
2026-09-29 09:30:00-04:00,144.69000244140625,146.17999267578125,144.4600067138672,145.1999969482422,319234
2026-09-29 10:30:00-04:00,144.93499755859375,145.08999633789062,144.52999877929688,144.72000122070312,320739
2026-09-29 11:30:00-04:00,144.82000732421875,145.0800018310547,144.63499450683594,144.8800048828125,134958
2026-09-29 12:30:00-04:00,144.89500427246094,144.94000244140625,144.64999389648438,144.83990478515625,93336
2026-09-29 13:30:00-04:00,145.375,145.52000427246094,144.8614044189453,144.875,123682
2026-09-29 14:30:00-04:00,145.5,145.64500427246094,145.2362060546875,145.3800048828125,132605
2026-09-29 15:30:00-04:00,145.7100067138672,145.72999572753906,145.3699951171875,145.52999877929688,256638
2026-09-30 09:30:00-04:00,144.30999755859375,145.5,143.92999267578125,145.38999938964844,756423
2026-09-30 10:30:00-04:00,144.0399932861328,144.8800048828125,143.8800048828125,144.3300018310547,542553
2026-09-30 11:30:00-04:00,143.77999877929688,144.13999938964844,143.6699981689453,144.08999633789062,520049
2026-09-30 12:30:00-04:00,144.02000427246094,144.0449981689453,143.72000122070312,143.77000427246094,157573
2026-09-30 13:30:00-04:00,143.47999572753906,144.08999633789062,143.4199981689453,143.99000549316406,147443
2026-09-30 14:30:00-04:00,143.32000732421875,143.5699005126953,143.14999389648438,143.49000549316406,156070
2026-09-30 15:30:00-04:00,142.59500122070312,143.30999755859375,142.59500122070312,143.30999755859375,401820
2026-10-01 09:30:00-04:00,141.54299926757812,142.5,141.47000122070312,142.22000122070312,381287
2026-10-01 10:30:00-04:00,142.22000122070312,142.4199981689453,141.47500610351562,141.50999450683594,257793
2026-10-01 11:30:00-04:00,141.8000030517578,142.27999877929688,141.67999267578125,142.13499450683594,205981
2026-10-01 12:30:00-04:00,141.68499755859375,141.99000549316406,141.4600067138672,141.89999389648438,87057
2026-10-01 13:30:00-04:00,141.4600067138672,141.88499450683594,141.26010131835938,141.74000549316406,132814
2026-10-01 14:30:00-04:00,141.25,141.7100067138672,141.1999969482422,141.44009399414062,222386
2026-10-01 15:30:00-04:00,141.0399932861328,141.50999450683594,140.8699951171875,141.2550048828125,553874
2026-10-02 09:30:00-04:00,140.85000610351562,141.57000732421875,140.36000061035156,141.1199951171875,438933
2026-10-02 10:30:00-04:00,140.5399932861328,140.88999938964844,140.1199951171875,140.8300018310547,684952
2026-10-02 11:30:00-04:00,140.09500122070312,140.69000244140625,139.97000122070312,140.5449981689453,168468
2026-10-02 12:30:00-04:00,140.0399932861328,140.36500549316406,139.9499969482422,140.13999938964844,102527
2026-10-02 13:30:00-04:00,140.14500427246094,140.39999389648438,140.07000732421875,140.07000732421875,130547
2026-10-02 14:30:00-04:00,140.82000732421875,140.8699951171875,140.14500427246094,140.14999389648438,175548
2026-10-02 15:30:00-04:00,141.02999877929688,141.05999755859375,140.77000427246094,140.83999633789062,281273
2026-10-05 09:30:00-04:00,139.42999267578125,141.02000427246094,139.30999755859375,141.02000427246094,271095
2026-10-05 10:30:00-04:00,140.0500030517578,140.07000732421875,139.4199981689453,139.5500030517578,166281
2026-10-05 11:30:00-04:00,140.36000061035156,140.36000061035156,140.0500030517578,140.0749969482422,117913
2026-10-05 12:30:00-04:00,140.25999450683594,140.52999877929688,140.17999267578125,140.3699951171875,105304
2026-10-05 13:30:00-04:00,140.27499389648438,140.47000122070312,140.125,140.25,135525
2026-10-05 14:30:00-04:00,140.8300018310547,140.9199981689453,140.3000030517578,140.32000732421875,189210
2026-10-05 15:30:00-04:00,140.8800048828125,140.94000244140625,140.72000122070312,140.80999755859375,251388
2026-10-06 09:30:00-04:00,140.07000732421875,141.38999938964844,139.6649932861328,141.32000732421875,343835
2026-10-06 10:30:00-04:00,141.08999633789062,141.2899932861328,139.80999755859375,140.08999633789062,281869
2026-10-06 11:30:00-04:00,141.13999938964844,141.3800048828125,140.98500061035156,141.0500030517578,110062
2026-10-06 12:30:00-04:00,140.6300048828125,141.17999267578125,140.6300048828125,141.1699981689453,126432
2026-10-06 13:30:00-04:00,140.76499938964844,140.8800048828125,140.5500030517578,140.6300048828125,138292
2026-10-06 14:30:00-04:00,140.75999450683594,140.9600067138672,140.6999969482422,140.77000427246094,199314
2026-10-06 15:30:00-04:00,140.75999450683594,140.85499572753906,140.6300048828125,140.75999450683594,304397
